Datetime,Power,Temperature,Smooth,Day_of_Week,Events
2010-01-01 00:00:00,594.2,54.0,395.27978512396703,4,0
2010-01-01 01:00:00,579.9,53.0,382.4299449035812,4,0
2010-01-01 02:00:00,593.8,54.0,432.4897465564739,4,0
2010-01-01 03:00:00,645.8000000000001,49.0,499.82965840220385,4,0
2010-01-01 04:00:00,647.8,52.0,510.48777410468307,4,0
2010-01-01 05:00:00,642.9,53.0,491.7893719008265,4,0
2010-01-01 06:00:00,634.0,54.0,584.817482093664,4,0
2010-01-01 07:00:00,1000.2,56.0,911.7339999999998,4,0
2010-01-01 08:00:00,1018.8,63.0,964.8499889807166,4,0
2010-01-01 09:00:00,1040.7,66.0,1032.2503691460056,4,0
2010-01-01 10:00:00,1058.9,70.0,1113.5713994490357,4,0
2010-01-01 11:00:00,1077.8000000000002,64.0,1163.9049201101927,4,0
2010-01-01 12:00:00,1109.0,66.0,1196.3281707988979,4,0
2010-01-01 13:00:00,1091.0,65.0,1210.048479338843,4,0
2010-01-01 14:00:00,1121.6000000000001,64.0,1219.4020220385673,4,0
2010-01-01 15:00:00,1178.3000000000002,62.0,1215.2130523415976,4,0
2010-01-01 16:00:00,1331.1,62.0,1228.8095261707988,4,0
2010-01-01 17:00:00,1280.7,59.0,1225.9321157024792,4,0
2010-01-01 18:00:00,1270.0,59.0,1239.8788374655649,4,0
2010-01-01 19:00:00,1202.6,55.0,1229.4803581267215,4,0
2010-01-01 20:00:00,1171.2,57.0,1161.8029586776856,4,0
2010-01-01 21:00:00,1140.3000000000002,62.0,1058.7730909090908,4,0
2010-01-01 22:00:00,726.2,68.0,695.1962809917356,4,0
2010-01-01 23:00:00,601.6,68.0,576.0926666666666,4,0
2010-01-02 00:00:00,610.9,66.0,562.1157851239673,5,0
2010-01-02 01:00:00,590.2,66.0,553.3659449035813,5,0
2010-01-02 02:00:00,607.0999999999999,66.0,606.8817465564737,5,0
2010-01-02 03:00:00,669.5,66.0,675.4456584022041,5,0
2010-01-02 04:00:00,668.8,67.0,683.2517741046831,5,0
2010-01-02 05:00:00,686.0999999999999,67.0,656.9293719008266,5,0
2010-01-02 06:00:00,658.7,63.0,727.3894820936638,5,0
2010-01-02 07:00:00,1016.6,62.0,1033.5379999999998,5,0
2010-01-02 08:00:00,1041.7,64.0,1066.9019889807162,5,0
2010-01-02 09:00:00,1068.0,70.0,1116.4383691460057,5,0
2010-01-02 10:00:00,1139.8999999999999,75.0,1177.0233994490359,5,0
2010-01-02 11:00:00,1162.1000000000001,71.0,1222.1689201101929,5,0
2010-01-02 12:00:00,1206.3,71.0,1254.824170798898,5,0
2010-01-02 13:00:00,1224.6999999999998,71.0,1268.308479338843,5,0
2010-01-02 14:00:00,1240.1000000000001,70.0,1277.6180220385672,5,0
2010-01-02 15:00:00,1289.8000000000002,73.0,1273.0530523415978,5,0
2010-01-02 16:00:00,1419.3,73.0,1286.301526170799,5,0
2010-01-02 17:00:00,1421.0,69.0,1282.824115702479,5,0
2010-01-02 18:00:00,1352.5,69.0,1294.6428374655648,5,0
2010-01-02 19:00:00,1310.5,69.0,1284.1083581267214,5,0
2010-01-02 20:00:00,1232.2,68.0,1216.442958677686,5,0
2010-01-02 21:00:00,1219.1,63.0,1112.905090909091,5,0
2010-01-02 22:00:00,754.3,65.0,747.9322809917354,5,0
2010-01-02 23:00:00,618.2,65.0,625.8366666666668,5,0
2010-01-03 00:00:00,624.1,63.0,607.4237851239669,6,0
2010-01-03 01:00:00,601.0,63.0,593.3539449035811,6,0
2010-01-03 02:00:00,616.3,60.0,640.725746556474,6,0
2010-01-03 03:00:00,673.4,63.0,702.441658402204,6,0
2010-01-03 04:00:00,683.8,61.0,704.707774104683,6,0
2010-01-03 05:00:00,692.1,58.0,673.1053719008264,6,0
2010-01-03 06:00:00,648.7,58.0,736.7334820936636,6,0
2010-01-03 07:00:00,1037.9,60.0,1038.5579999999998,6,0
2010-01-03 08:00:00,1058.4,63.0,1066.4619889807163,6,0
2010-01-03 09:00:00,1078.2,69.0,1094.8423691460057,6,0
2010-01-03 10:00:00,1132.3,72.0,1148.1273994490357,6,0
2010-01-03 11:00:00,1168.3000000000002,75.0,1193.5409201101927,6,0
2010-01-03 12:00:00,1179.7,80.0,1227.3241707988982,6,0
2010-01-03 13:00:00,1189.0,81.0,1242.1964793388431,6,0
2010-01-03 14:00:00,1220.1999999999998,80.0,1252.4540220385675,6,0
2010-01-03 15:00:00,1237.1,75.0,1247.4050523415976,6,0
2010-01-03 16:00:00,1392.3,73.0,1259.9095261707985,6,0
2010-01-03 17:00:00,1377.1999999999998,69.0,1256.2081157024795,6,0
2010-01-03 18:00:00,1322.0,67.0,1269.3748374655647,6,0
2010-01-03 19:00:00,1284.9,66.0,1259.4283581267218,6,0
2010-01-03 20:00:00,1203.6,66.0,1190.710958677686,6,0
2010-01-03 21:00:00,751.2,62.0,1086.9450909090906,6,0
2010-01-03 22:00:00,650.6,58.0,720.7922809917352,6,0
2010-01-03 23:00:00,653.0,61.0,598.3086666666666,6,0
2010-01-04 00:00:00,668.9,60.0,578.3077851239673,0,0
2010-01-04 01:00:00,648.9,60.0,564.6499449035814,0,0
2010-01-04 02:00:00,650.8000000000001,59.0,611.253746556474,0,0
2010-01-04 03:00:00,670.5,56.0,672.4896584022035,0,0
2010-01-04 04:00:00,669.0999999999999,60.0,676.2837741046831,0,0
2010-01-04 05:00:00,701.5,56.0,644.3653719008267,0,0
2010-01-04 06:00:00,688.4000000000001,53.0,708.5574820936638,0,0
2010-01-04 07:00:00,1042.6,55.0,1010.3179999999999,0,0
2010-01-04 08:00:00,1053.4,67.0,1039.6059889807163,0,0
2010-01-04 09:00:00,1089.2,69.0,1087.7263691460053,0,0
2010-01-04 10:00:00,1113.0,74.0,1164.3033994490359,0,0
2010-01-04 11:00:00,1151.0,69.0,1214.3329201101926,0,0
2010-01-04 12:00:00,1146.2,70.0,1247.1721707988982,0,0
2010-01-04 13:00:00,1172.7,68.0,1260.5764793388425,0,0
2010-01-04 14:00:00,1165.3000000000002,69.0,1269.374022038567,0,0
2010-01-04 15:00:00,1205.1999999999998,72.0,1263.3610523415978,0,0
2010-01-04 16:00:00,1377.8000000000002,67.0,1276.173526170799,0,0
2010-01-04 17:00:00,1342.3,62.0,1269.8041157024793,0,0
2010-01-04 18:00:00,1292.3000000000002,57.0,1281.1468374655647,0,0
2010-01-04 19:00:00,1252.8,58.0,1268.8603581267218,0,0
2010-01-04 20:00:00,1212.6,62.0,1199.918958677686,0,0
2010-01-04 21:00:00,1216.1,60.0,1096.5970909090906,0,0
2010-01-04 22:00:00,765.0,57.0,730.1882809917356,0,0
2010-01-04 23:00:00,664.7,58.0,608.8286666666665,0,0
2010-01-05 00:00:00,680.1,60.0,589.3397851239666,1,0
2010-01-05 01:00:00,657.0,58.0,577.9219449035809,1,0
2010-01-05 02:00:00,662.2,57.0,626.6097465564735,1,0
2010-01-05 03:00:00,680.9000000000001,55.0,690.3616584022036,1,0
2010-01-05 04:00:00,673.9000000000001,52.0,696.3917741046828,1,0
2010-01-05 05:00:00,620.1,52.0,665.0453719008264,1,0
2010-01-05 06:00:00,652.2,52.0,730.8574820936639,1,0
2010-01-05 07:00:00,1023.8000000000001,58.0,1034.6699999999998,1,0
2010-01-05 08:00:00,1052.5,65.0,1064.9139889807159,1,0
2010-01-05 09:00:00,1095.3,66.0,1112.5823691460055,1,0
2010-01-05 10:00:00,1117.6,70.0,1170.2273994490358,1,0
2010-01-05 11:00:00,1159.8000000000002,73.0,1215.5649201101926,1,0
2010-01-05 12:00:00,1141.7,71.0,1247.520170798898,1,0
2010-01-05 13:00:00,1195.2,70.0,1259.808479338843,1,0
2010-01-05 14:00:00,1201.1,66.0,1267.4540220385675,1,0
2010-01-05 15:00:00,1213.2,66.0,1260.9610523415981,1,0
2010-01-05 16:00:00,1401.8,64.0,1273.1615261707989,1,0
2010-01-05 17:00:00,1342.1,60.0,1269.6201157024793,1,0
2010-01-05 18:00:00,1297.9,58.0,1285.4628374655647,1,0
2010-01-05 19:00:00,1274.3999999999999,57.0,1276.0483581267217,1,0
2010-01-05 20:00:00,1204.4,56.0,1207.6189586776854,1,0
2010-01-05 21:00:00,1213.8,57.0,1103.5250909090907,1,0
2010-01-05 22:00:00,756.6,56.0,738.2642809917353,1,0
2010-01-05 23:00:00,661.8,55.0,617.6006666666664,1,0
2010-01-06 00:00:00,669.7,54.0,598.7717851239669,2,0
2010-01-06 01:00:00,640.3,54.0,586.3579449035813,2,0
2010-01-06 02:00:00,641.5,53.0,632.6417465564737,2,0
2010-01-06 03:00:00,680.3000000000001,53.0,694.6336584022035,2,0
2010-01-06 04:00:00,669.0,53.0,699.7917741046831,2,0
2010-01-06 05:00:00,695.5999999999999,52.0,666.1813719008265,2,0
2010-01-06 06:00:00,683.3000000000001,53.0,731.681482093664,2,0
2010-01-06 07:00:00,1059.4,56.0,1034.2179999999998,2,0
2010-01-06 08:00:00,1046.5,63.0,1062.817988980716,2,0
2010-01-06 09:00:00,1075.1,68.0,1110.6423691460052,2,0
2010-01-06 10:00:00,1152.4,71.0,1168.4433994490355,2,0
2010-01-06 11:00:00,1181.8,70.0,1213.6689201101924,2,0
2010-01-06 12:00:00,1167.0,70.0,1245.600170798898,2,0
2010-01-06 13:00:00,1165.8,66.0,1258.196479338843,2,0
2010-01-06 14:00:00,1163.5,64.0,1266.8260220385673,2,0
2010-01-06 15:00:00,1205.0,64.0,1260.6530523415977,2,0
2010-01-06 16:00:00,1388.0,62.0,1272.889526170799,2,0
2010-01-06 17:00:00,1309.5,60.0,1269.2161157024798,2,0
2010-01-06 18:00:00,1289.9,58.0,1280.2548374655648,2,0
2010-01-06 19:00:00,1248.1,56.0,1268.348358126722,2,0
2010-01-06 20:00:00,1184.9,55.0,1199.1509586776856,2,0
2010-01-06 21:00:00,1209.5,54.0,1095.2130909090906,2,0
2010-01-06 22:00:00,758.1999999999999,54.0,728.8202809917352,2,0
2010-01-06 23:00:00,650.6,53.0,605.9966666666668,2,0
2010-01-07 00:00:00,666.2,53.0,586.783785123967,3,0
2010-01-07 01:00:00,637.6,51.0,573.213944903581,3,0
2010-01-07 02:00:00,649.4,50.0,621.1137465564739,3,0
2010-01-07 03:00:00,667.5999999999999,47.0,685.1656584022039,3,0
2010-01-07 04:00:00,669.3,49.0,690.3637741046832,3,0
2010-01-07 05:00:00,687.4,49.0,658.1013719008266,3,0
2010-01-07 06:00:00,638.6999999999999,49.0,725.525482093664,3,0
2010-01-07 07:00:00,1028.2,52.0,1029.4219999999998,3,0
2010-01-07 08:00:00,1062.9,58.0,1059.6659889807163,3,0
2010-01-07 09:00:00,1073.0,62.0,1108.3383691460053,3,0
2010-01-07 10:00:00,1103.9,65.0,1168.3073994490355,3,0
2010-01-07 11:00:00,1162.6,65.0,1215.3849201101925,3,0
2010-01-07 12:00:00,1179.3999999999999,65.0,1249.5441707988982,3,0
2010-01-07 13:00:00,1162.1999999999998,66.0,1264.3444793388428,3,0
2010-01-07 14:00:00,1174.5,62.0,1275.1180220385675,3,0
2010-01-07 15:00:00,1218.9,56.0,1270.9050523415976,3,0
2010-01-07 16:00:00,1380.8,57.0,1285.5415261707985,3,0
2010-01-07 17:00:00,1329.4,56.0,1283.2561157024793,3,0
2010-01-07 18:00:00,1305.4,54.0,1297.806837465565,3,0
2010-01-07 19:00:00,1274.1,55.0,1288.6483581267214,3,0
2010-01-07 20:00:00,1199.7,54.0,1220.482958677686,3,0
2010-01-07 21:00:00,1211.2,53.0,1117.0370909090907,3,0
2010-01-07 22:00:00,808.1000000000001,52.0,752.8122809917354,3,0
2010-01-07 23:00:00,698.5,51.0,632.3926666666664,3,0
2010-01-08 00:00:00,710.7,50.0,615.415785123967,4,0
2010-01-08 01:00:00,689.2,52.0,604.0259449035811,4,0
2010-01-08 02:00:00,700.3,52.0,654.0897465564735,4,0
2010-01-08 03:00:00,724.5,52.0,718.8696584022039,4,0
2010-01-08 04:00:00,716.6,50.0,724.6957741046833,4,0
2010-01-08 05:00:00,722.4000000000001,51.0,694.7013719008265,4,0
2010-01-08 06:00:00,718.3,53.0,763.3974820936637,4,0
2010-01-08 07:00:00,1052.3,54.0,1068.418,4,0
2010-01-08 08:00:00,1057.5,58.0,1099.2259889807162,4,0
2010-01-08 09:00:00,1101.7,72.0,1147.4383691460057,4,0
2010-01-08 10:00:00,1156.0,76.0,1205.675399449036,4,0
2010-01-08 11:00:00,1174.2,76.0,1248.4729201101927,4,0
2010-01-08 12:00:00,1216.1,73.0,1277.500170798898,4,0
2010-01-08 13:00:00,1229.1,73.0,1287.424479338843,4,0
2010-01-08 14:00:00,1225.0,70.0,1293.4580220385674,4,0
2010-01-08 15:00:00,1248.1,68.0,1285.8290523415978,4,0
2010-01-08 16:00:00,1410.4,66.0,1297.121526170799,4,0
2010-01-08 17:00:00,1378.9,62.0,1292.2601157024792,4,0
2010-01-08 18:00:00,1357.1,60.0,1302.818837465565,4,0
2010-01-08 19:00:00,1317.7000000000003,61.0,1290.7243581267214,4,0
2010-01-08 20:00:00,1239.8,63.0,1222.0429586776859,4,0
2010-01-08 21:00:00,1214.5,62.0,1119.2290909090905,4,0
2010-01-08 22:00:00,766.5,62.0,754.5802809917352,4,0
2010-01-08 23:00:00,641.4,62.0,634.1806666666666,4,0
2010-01-09 00:00:00,630.3,61.0,616.9677851239669,5,0
2010-01-09 01:00:00,611.8,61.0,605.2619449035813,5,0
2010-01-09 02:00:00,633.4000000000001,61.0,653.8897465564737,5,0
2010-01-09 03:00:00,690.0,60.0,717.1536584022035,5,0
2010-01-09 04:00:00,689.9,60.0,721.5117741046831,5,0
2010-01-09 05:00:00,705.3,60.0,690.3893719008264,5,0
2010-01-09 06:00:00,653.5,58.0,757.4614820936638,5,0
2010-01-09 07:00:00,1058.5,62.0,1059.834,5,0
2010-01-09 08:00:00,1068.7,67.0,1091.4019889807164,5,0
2010-01-09 09:00:00,1112.1,70.0,1139.3463691460051,5,0
2010-01-09 10:00:00,1174.1,73.0,1198.9433994490357,5,0
2010-01-09 11:00:00,1226.8,74.0,1243.9409201101926,5,0
2010-01-09 12:00:00,1221.8000000000002,73.0,1275.4441707988979,5,0
2010-01-09 13:00:00,1257.9,71.0,1288.5964793388432,5,0
2010-01-09 14:00:00,1256.0,69.0,1297.2900220385673,5,0
2010-01-09 15:00:00,1260.6999999999998,68.0,1292.1850523415978,5,0
2010-01-09 16:00:00,1402.8999999999999,66.0,1305.1015261707985,5,0
2010-01-09 17:00:00,1380.3,63.0,1301.1801157024793,5,0
2010-01-09 18:00:00,1366.0,62.0,1312.5588374655647,5,0
2010-01-09 19:00:00,1303.1999999999998,67.0,1302.0563581267213,5,0
2010-01-09 20:00:00,1302.4,66.0,1232.0949586776856,5,0
2010-01-09 21:00:00,1247.8999999999999,64.0,1128.341090909091,5,0
2010-01-09 22:00:00,803.8,64.0,762.5322809917354,5,0
2010-01-09 23:00:00,654.8,61.0,640.9206666666666,5,0
2010-01-10 00:00:00,635.0999999999999,60.0,622.1597851239671,6,0
2010-01-10 01:00:00,612.1,60.0,609.7859449035811,6,0
2010-01-10 02:00:00,622.5,58.0,657.317746556474,6,0
2010-01-10 03:00:00,686.1999999999999,56.0,718.3896584022041,6,0
2010-01-10 04:00:00,696.0,57.0,722.5197741046834,6,0
2010-01-10 05:00:00,702.1,53.0,690.3173719008265,6,0
2010-01-10 06:00:00,656.9000000000001,55.0,756.8334820936641,6,0
2010-01-10 07:00:00,1033.5,61.0,1057.0420000000001,6,0
2010-01-10 08:00:00,1042.9,68.0,1085.3179889807163,6,0
2010-01-10 09:00:00,1099.8,72.0,1111.3543691460059,6,0
2010-01-10 10:00:00,1155.5,74.0,1164.6313994490354,6,0
2010-01-10 11:00:00,1214.6,74.0,1208.7689201101928,6,0
2010-01-10 12:00:00,1235.7,66.0,1241.7481707988982,6,0
2010-01-10 13:00:00,1246.9,68.0,1256.488479338843,6,0
2010-01-10 14:00:00,1257.3999999999999,70.0,1267.1500220385674,6,0
2010-01-10 15:00:00,1236.8999999999999,70.0,1262.3610523415978,6,0
2010-01-10 16:00:00,1409.8,65.0,1274.941526170799,6,0
2010-01-10 17:00:00,1345.8,62.0,1271.3721157024793,6,0
2010-01-10 18:00:00,1353.5,59.0,1282.7028374655647,6,0
2010-01-10 19:00:00,1258.0,58.0,1273.0963581267215,6,0
2010-01-10 20:00:00,1205.6000000000001,57.0,1206.338958677686,6,0
2010-01-10 21:00:00,762.8000000000001,57.0,1105.0090909090904,6,0
2010-01-10 22:00:00,679.2,55.0,739.7682809917354,6,0
2010-01-10 23:00:00,670.5999999999999,56.0,618.3086666666663,6,0
2010-01-11 00:00:00,685.4,55.0,600.1117851239667,0,0
2010-01-11 01:00:00,656.6,55.0,587.4659449035812,0,0
2010-01-11 02:00:00,672.0,52.0,635.7657465564737,0,0
2010-01-11 03:00:00,683.2,53.0,698.5376584022038,0,0
2010-01-11 04:00:00,683.8,52.0,704.303774104683,0,0
2010-01-11 05:00:00,717.0,54.0,673.7373719008266,0,0
2010-01-11 06:00:00,652.5,54.0,742.9614820936636,0,0
2010-01-11 07:00:00,1059.3,58.0,1046.9699999999996,0,0
2010-01-11 08:00:00,1098.0,68.0,1078.105988980716,0,0
2010-01-11 09:00:00,1134.6,73.0,1125.9543691460053,0,0
2010-01-11 10:00:00,1157.4,75.0,1203.8033994490359,0,0
2010-01-11 11:00:00,1199.8,72.0,1254.5529201101929,0,0
2010-01-11 12:00:00,1237.6,70.0,1288.028170798898,0,0
2010-01-11 13:00:00,1254.0,70.0,1302.180479338843,0,0
2010-01-11 14:00:00,1265.6,73.0,1311.5580220385673,0,0
2010-01-11 15:00:00,1280.8,69.0,1306.0210523415976,0,0
2010-01-11 16:00:00,1426.9,66.0,1319.9695261707986,0,0
2010-01-11 17:00:00,1393.6000000000001,64.0,1317.2241157024791,0,0
2010-01-11 18:00:00,1386.7,62.0,1328.5028374655644,0,0
2010-01-11 19:00:00,1340.5,60.0,1318.2403581267215,0,0
2010-01-11 20:00:00,1231.9,61.0,1247.9909586776857,0,0
2010-01-11 21:00:00,1211.3,59.0,1142.1210909090908,0,0
2010-01-11 22:00:00,808.4000000000001,58.0,774.4762809917356,0,0
2010-01-11 23:00:00,711.3,58.0,650.8446666666664,0,0
2010-01-12 00:00:00,713.5999999999999,56.0,630.8077851239666,1,0
2010-01-12 01:00:00,692.1999999999999,53.0,615.8419449035812,1,0
2010-01-12 02:00:00,684.4,54.0,660.9857465564739,1,0
2010-01-12 03:00:00,714.0000000000001,52.0,718.8816584022038,1,0
2010-01-12 04:00:00,715.0,52.0,721.2797741046834,1,0
2010-01-12 05:00:00,725.4,52.0,689.0813719008266,1,0
2010-01-12 06:00:00,666.1,51.0,755.8134820936637,1,0
2010-01-12 07:00:00,1038.5,52.0,1056.75,1,0
2010-01-12 08:00:00,1036.5,55.0,1084.4259889807165,1,0
2010-01-12 09:00:00,1076.1999999999998,59.0,1130.4263691460053,1,0
2010-01-12 10:00:00,1132.1,60.0,1188.6153994490357,1,0
2010-01-12 11:00:00,1147.3999999999999,63.0,1232.7849201101926,1,0
2010-01-12 12:00:00,1176.8000000000002,63.0,1263.1241707988984,1,0
2010-01-12 13:00:00,1197.8999999999999,66.0,1274.9444793388432,1,0
2010-01-12 14:00:00,1193.8,64.0,1283.0420220385677,1,0
2010-01-12 15:00:00,1167.1,60.0,1277.2770523415977,1,0
2010-01-12 16:00:00,1386.6000000000001,59.0,1289.9855261707987,1,0
2010-01-12 17:00:00,1369.9,58.0,1286.6801157024795,1,0
2010-01-12 18:00:00,1372.2,57.0,1300.1308374655646,1,0
2010-01-12 19:00:00,1296.9,57.0,1290.160358126722,1,0
2010-01-12 20:00:00,1227.9,57.0,1222.3749586776858,1,0
2010-01-12 21:00:00,1191.4,56.0,1119.5730909090908,1,0
2010-01-12 22:00:00,765.4,56.0,752.6962809917354,1,0
2010-01-12 23:00:00,676.0,56.0,628.7446666666666,1,0
2010-01-13 00:00:00,675.9,56.0,610.0957851239671,2,0
2010-01-13 01:00:00,662.0999999999999,56.0,597.3419449035814,2,0
2010-01-13 02:00:00,688.0,56.0,642.8337465564739,2,0
2010-01-13 03:00:00,720.7,56.0,702.121658402204,2,0
2010-01-13 04:00:00,714.8,55.0,706.7117741046832,2,0
2010-01-13 05:00:00,742.5999999999999,53.0,673.7773719008266,2,0
2010-01-13 06:00:00,728.8,53.0,740.6654820936636,2,0
2010-01-13 07:00:00,1059.3999999999999,54.0,1043.238,2,0
2010-01-13 08:00:00,1077.3,55.0,1073.3339889807166,2,0
2010-01-13 09:00:00,1091.4,58.0,1119.3023691460057,2,0
2010-01-13 10:00:00,1092.9,61.0,1178.2993994490355,2,0
2010-01-13 11:00:00,1114.1,60.0,1224.272920110193,2,0
2010-01-13 12:00:00,1159.1,63.0,1255.3361707988981,2,0
2010-01-13 13:00:00,1192.4,61.0,1268.1764793388427,2,0
2010-01-13 14:00:00,1146.4,61.0,1276.5140220385672,2,0
2010-01-13 15:00:00,1130.1,61.0,1269.053052341598,2,0
2010-01-13 16:00:00,1327.7,60.0,1280.589526170799,2,0
2010-01-13 17:00:00,1311.2,59.0,1275.7961157024793,2,0
2010-01-13 18:00:00,1352.4,58.0,1287.2828374655646,2,0
2010-01-13 19:00:00,1323.3,59.0,1274.2523581267212,2,0
2010-01-13 20:00:00,1244.8,62.0,1204.7309586776857,2,0
2010-01-13 21:00:00,1186.6,61.0,1100.3490909090906,2,0
2010-01-13 22:00:00,765.7,61.0,732.6362809917352,2,0
2010-01-13 23:00:00,678.1,62.0,610.4046666666668,2,0
2010-01-14 00:00:00,658.7,60.0,594.8837851239671,3,0
2010-01-14 01:00:00,649.9,61.0,581.9699449035813,3,0
2010-01-14 02:00:00,663.9000000000001,61.0,629.8457465564736,3,0
2010-01-14 03:00:00,681.9,60.0,693.7736584022039,3,0
2010-01-14 04:00:00,692.1999999999999,60.0,701.1757741046833,3,0
2010-01-14 05:00:00,705.2,60.0,669.7693719008266,3,0
2010-01-14 06:00:00,696.9,60.0,735.7494820936638,3,0
2010-01-14 07:00:00,1045.6,61.0,1035.9020000000003,3,0
2010-01-14 08:00:00,1054.8000000000002,63.0,1061.881988980716,3,0
2010-01-14 09:00:00,1092.7,67.0,1106.6143691460052,3,0
2010-01-14 10:00:00,1087.2,70.0,1164.6353994490357,3,0
2010-01-14 11:00:00,1117.9,69.0,1209.7489201101928,3,0
2010-01-14 12:00:00,1204.0,71.0,1239.844170798898,3,0
2010-01-14 13:00:00,1170.7,70.0,1252.176479338843,3,0
2010-01-14 14:00:00,1200.5,76.0,1260.0980220385675,3,0
2010-01-14 15:00:00,1198.7,72.0,1252.7450523415978,3,0
2010-01-14 16:00:00,1361.0,67.0,1265.273526170799,3,0
2010-01-14 17:00:00,1290.5,64.0,1260.456115702479,3,0
2010-01-14 18:00:00,1271.0,60.0,1272.1468374655642,3,0
2010-01-14 19:00:00,1243.0,60.0,1259.8003581267214,3,0
2010-01-14 20:00:00,1168.3,58.0,1191.6349586776857,3,0
2010-01-14 21:00:00,1172.6,58.0,1087.657090909091,3,0
2010-01-14 22:00:00,736.5,56.0,719.7922809917352,3,0
2010-01-14 23:00:00,656.9000000000001,53.0,598.3086666666666,3,0
2010-01-15 00:00:00,636.5999999999999,53.0,579.8557851239668,4,0
2010-01-15 01:00:00,620.0,54.0,563.7219449035815,4,0
2010-01-15 02:00:00,641.3,51.0,609.5377465564736,4,0
2010-01-15 03:00:00,660.5,50.0,669.461658402204,4,0
2010-01-15 04:00:00,678.2,54.0,674.0597741046834,4,0
2010-01-15 05:00:00,682.0,51.0,644.0373719008265,4,0
2010-01-15 06:00:00,664.6,57.0,712.4934820936638,4,0
2010-01-15 07:00:00,1030.8,61.0,1017.1379999999998,4,0
2010-01-15 08:00:00,1074.9,63.0,1047.0259889807162,4,0
2010-01-15 09:00:00,1080.3000000000002,68.0,1095.4143691460054,4,0
2010-01-15 10:00:00,1084.7,73.0,1154.4193994490356,4,0
2010-01-15 11:00:00,1130.8999999999999,74.0,1199.976920110193,4,0
2010-01-15 12:00:00,1134.5,71.0,1231.0641707988982,4,0
2010-01-15 13:00:00,1135.1000000000001,72.0,1244.6644793388427,4,0
2010-01-15 14:00:00,1127.3,71.0,1253.9580220385674,4,0
2010-01-15 15:00:00,1152.7,70.0,1249.0010523415979,4,0
2010-01-15 16:00:00,1359.5,68.0,1263.2335261707988,4,0
2010-01-15 17:00:00,1358.4,65.0,1259.9001157024793,4,0
2010-01-15 18:00:00,1312.2,63.0,1274.3268374655645,4,0
2010-01-15 19:00:00,1273.9,62.0,1262.732358126722,4,0
2010-01-15 20:00:00,1185.7,61.0,1192.7429586776861,4,0
2010-01-15 21:00:00,1187.5,58.0,1086.3330909090907,4,0
2010-01-15 22:00:00,747.1,60.0,718.6122809917355,4,0
2010-01-15 23:00:00,638.8,56.0,597.8366666666666,4,0
2010-01-16 00:00:00,640.2,55.0,579.0557851239669,5,0
2010-01-16 01:00:00,629.6,56.0,565.677944903581,5,0
2010-01-16 02:00:00,645.7,57.0,614.465746556474,5,0
2010-01-16 03:00:00,697.8,55.0,678.1016584022038,5,0
2010-01-16 04:00:00,699.4,55.0,685.3597741046829,5,0
2010-01-16 05:00:00,705.0999999999999,55.0,654.1653719008266,5,0
2010-01-16 06:00:00,709.8000000000001,57.0,720.333482093664,5,0
2010-01-16 07:00:00,1017.3,53.0,1024.2020000000002,5,0
2010-01-16 08:00:00,1014.5,57.0,1054.1219889807164,5,0
2010-01-16 09:00:00,1039.6,63.0,1102.8623691460057,5,0
2010-01-16 10:00:00,1075.9,65.0,1162.2193994490358,5,0
2010-01-16 11:00:00,1146.1,67.0,1207.776920110193,5,0
2010-01-16 12:00:00,1139.3,68.0,1239.7041707988978,5,0
2010-01-16 13:00:00,1134.5,66.0,1253.0204793388427,5,0
2010-01-16 14:00:00,1166.0,63.0,1261.5780220385677,5,0
2010-01-16 15:00:00,1172.3,62.0,1255.9290523415975,5,0
2010-01-16 16:00:00,1380.0,60.0,1267.5935261707987,5,0
2010-01-16 17:00:00,1327.6,59.0,1263.1961157024791,5,0
2010-01-16 18:00:00,1322.8999999999999,59.0,1275.4268374655646,5,0
2010-01-16 19:00:00,1295.7,56.0,1262.4283581267218,5,0
2010-01-16 20:00:00,1217.4,55.0,1194.4869586776858,5,0
2010-01-16 21:00:00,1213.7,55.0,1091.0690909090908,5,0
2010-01-16 22:00:00,770.8,53.0,724.9482809917357,5,0
2010-01-16 23:00:00,649.4000000000001,53.0,603.4086666666668,5,0
2010-01-17 00:00:00,643.0999999999999,54.0,583.827785123967,6,0
2010-01-17 01:00:00,626.1,56.0,569.2179449035812,6,0
2010-01-17 02:00:00,636.9,56.0,617.0097465564736,6,0
2010-01-17 03:00:00,684.9000000000001,55.0,677.8616584022038,6,0
2010-01-17 04:00:00,672.5,55.0,685.0597741046831,6,0
2010-01-17 05:00:00,699.7,55.0,655.7373719008266,6,0
2010-01-17 06:00:00,678.0,54.0,724.1494820936642,6,0
2010-01-17 07:00:00,1027.4,55.0,1027.346,6,0
2010-01-17 08:00:00,1052.1999999999998,59.0,1057.0379889807161,6,0
2010-01-17 09:00:00,1054.0,60.0,1090.8423691460052,6,0
2010-01-17 10:00:00,1075.2,62.0,1145.2193994490358,6,0
2010-01-17 11:00:00,1118.2,63.0,1190.844920110193,6,0
2010-01-17 12:00:00,1134.5,61.0,1223.828170798898,6,0
2010-01-17 13:00:00,1108.5,60.0,1238.7124793388432,6,0
2010-01-17 14:00:00,1140.5,59.0,1249.8620220385674,6,0
2010-01-17 15:00:00,1141.4,58.0,1245.5850523415975,6,0
2010-01-17 16:00:00,1398.1000000000001,58.0,1259.277526170799,6,0
2010-01-17 17:00:00,1394.9,57.0,1257.328115702479,6,0
2010-01-17 18:00:00,1348.2,56.0,1273.0028374655647,6,0
2010-01-17 19:00:00,1289.6,55.0,1263.4403581267215,6,0
2010-01-17 20:00:00,1233.5,55.0,1196.782958677686,6,0
2010-01-17 21:00:00,871.9999999999999,55.0,1096.413090909091,6,0
2010-01-17 22:00:00,672.5,55.0,732.7562809917357,6,0
2010-01-17 23:00:00,674.8,55.0,612.5206666666668,6,0
2010-01-18 00:00:00,680.1,55.0,582.1037851239666,0,0
2010-01-18 01:00:00,668.2,55.0,559.2619449035813,0,0
2010-01-18 02:00:00,698.2,55.0,605.7177465564739,0,0
2010-01-18 03:00:00,710.4,55.0,669.8576584022042,0,0
2010-01-18 04:00:00,710.3,55.0,677.883774104683,0,0
2010-01-18 05:00:00,734.0,56.0,646.7933719008266,0,0
2010-01-18 06:00:00,758.7,55.0,711.8974820936638,0,0
2010-01-18 07:00:00,1081.5,56.0,1015.282,0,0
2010-01-18 08:00:00,1094.4,57.0,1045.9819889807163,0,0
2010-01-18 09:00:00,1167.8999999999999,60.0,1093.6343691460054,0,0
2010-01-18 10:00:00,1151.1999999999998,60.0,1175.3833994490358,0,0
2010-01-18 11:00:00,1150.1,59.0,1234.5969201101925,0,0
2010-01-18 12:00:00,835.7,59.0,1276.5561707988982,0,0
2010-01-18 13:00:00,897.9000000000001,59.0,1300.4124793388432,0,0
2010-01-18 14:00:00,1081.1,61.0,1319.0220220385672,0,0
2010-01-18 15:00:00,1198.1,61.0,1322.1290523415973,0,0
2010-01-18 16:00:00,1387.9,59.0,1344.2215261707988,0,0
2010-01-18 17:00:00,1368.8,58.0,1349.272115702479,0,0
2010-01-18 18:00:00,1332.7999999999997,58.0,1368.6868374655646,0,0
2010-01-18 19:00:00,1319.6,57.0,1355.7003581267215,0,0
2010-01-18 20:00:00,1252.6000000000001,57.0,1286.522958677686,0,0
2010-01-18 21:00:00,1234.3,55.0,1182.1210909090905,0,0
2010-01-18 22:00:00,1015.0999999999999,55.0,811.9442809917352,0,0
2010-01-18 23:00:00,916.2,54.0,686.0406666666663,0,0
2010-01-19 00:00:00,929.9,53.0,664.5957851239671,1,0
2010-01-19 01:00:00,929.5,52.0,660.6579449035812,1,0
2010-01-19 02:00:00,926.8,51.0,716.5457465564739,1,0
2010-01-19 03:00:00,956.3000000000001,50.0,779.4096584022038,1,0
2010-01-19 04:00:00,945.8,51.0,780.4637741046831,1,0
2010-01-19 05:00:00,946.8,52.0,745.5053719008266,1,0
2010-01-19 06:00:00,886.4999999999999,53.0,810.0054820936639,1,0
2010-01-19 07:00:00,1076.6,54.0,1109.334,1,0
2010-01-19 08:00:00,1085.5,55.0,1134.0139889807165,1,0
2010-01-19 09:00:00,1109.3,56.0,1177.3583691460055,1,0
2010-01-19 10:00:00,1102.1,56.0,1235.6873994490354,1,0
2010-01-19 11:00:00,1084.4,53.0,1271.968920110193,1,0
2010-01-19 12:00:00,1091.9,52.0,1295.2681707988982,1,0
2010-01-19 13:00:00,1071.6999999999998,55.0,1299.7084793388428,1,0
2010-01-19 14:00:00,1106.3000000000002,58.0,1299.1340220385673,1,0
2010-01-19 15:00:00,1106.8000000000002,59.0,1284.1570523415976,1,0
2010-01-19 16:00:00,1270.3,57.0,1288.1455261707988,1,0
2010-01-19 17:00:00,1261.9,53.0,1276.1961157024793,1,0
2010-01-19 18:00:00,1291.6,52.0,1282.8668374655645,1,0
2010-01-19 19:00:00,1202.8000000000002,51.0,1266.9723581267215,1,0
2010-01-19 20:00:00,1132.1,50.0,1198.4869586776858,1,0
2010-01-19 21:00:00,1145.6999999999998,51.0,1094.0330909090903,1,0
2010-01-19 22:00:00,791.9000000000001,50.0,726.7282809917357,1,0
2010-01-19 23:00:00,685.5,49.0,606.4246666666668,1,0
2010-01-20 00:00:00,704.8,49.0,589.5517851239669,2,0
2010-01-20 01:00:00,693.9,50.0,577.7739449035807,2,0
2010-01-20 02:00:00,708.5,50.0,627.8777465564735,2,0
2010-01-20 03:00:00,732.8,51.0,690.7296584022035,2,0
2010-01-20 04:00:00,739.1,51.0,694.0037741046829,2,0
2010-01-20 05:00:00,757.3,51.0,662.4853719008264,2,0
2010-01-20 06:00:00,780.7,52.0,728.0614820936638,2,0
2010-01-20 07:00:00,1131.7,53.0,1029.17,2,0
2010-01-20 08:00:00,1097.9,54.0,1058.8499889807165,2,0
2010-01-20 09:00:00,1099.1,55.0,1106.9943691460053,2,0
2010-01-20 10:00:00,1115.3000000000002,56.0,1169.1513994490358,2,0
2010-01-20 11:00:00,1175.3,56.0,1216.5569201101926,2,0
2010-01-20 12:00:00,1140.5,54.0,1250.1561707988978,2,0
2010-01-20 13:00:00,1131.8999999999999,54.0,1264.4764793388429,2,0
2010-01-20 14:00:00,1135.5,54.0,1274.0580220385673,2,0
2010-01-20 15:00:00,1131.6999999999998,54.0,1268.353052341598,2,0
2010-01-20 16:00:00,1234.5,53.0,1281.853526170799,2,0
2010-01-20 17:00:00,1230.3,52.0,1278.596115702479,2,0
2010-01-20 18:00:00,1211.6,52.0,1293.7108374655645,2,0
2010-01-20 19:00:00,1206.1,52.0,1280.1443581267217,2,0
2010-01-20 20:00:00,1140.3,51.0,1209.010958677686,2,0
2010-01-20 21:00:00,1145.2,50.0,1103.5930909090905,2,0
2010-01-20 22:00:00,799.0,50.0,735.068280991735,2,0
2010-01-20 23:00:00,740.4,50.0,611.3086666666663,2,0
2010-01-21 00:00:00,731.6,50.0,590.8717851239664,3,0
2010-01-21 01:00:00,715.8,51.0,577.9939449035815,3,0
2010-01-21 02:00:00,726.8,52.0,625.9097465564735,3,0
2010-01-21 03:00:00,746.3,52.0,685.9976584022036,3,0
2010-01-21 04:00:00,753.4,52.0,688.5717741046831,3,0
2010-01-21 05:00:00,767.9,52.0,659.3133719008264,3,0
2010-01-21 06:00:00,802.3,52.0,726.6414820936641,3,0
2010-01-21 07:00:00,1084.1000000000001,52.0,1031.366,3,0
2010-01-21 08:00:00,1086.8,53.0,1061.0819889807162,3,0
2010-01-21 09:00:00,1087.4,52.0,1108.9143691460051,3,0
2010-01-21 10:00:00,1074.6,53.0,1170.4553994490354,3,0
2010-01-21 11:00:00,1102.1,53.0,1216.5289201101925,3,0
2010-01-21 12:00:00,1142.3000000000002,54.0,1246.448170798898,3,0
2010-01-21 13:00:00,1153.0,55.0,1259.2484793388428,3,0
2010-01-21 14:00:00,1141.0,59.0,1267.2940220385672,3,0
2010-01-21 15:00:00,1091.8,57.0,1260.0850523415975,3,0
2010-01-21 16:00:00,1241.9,57.0,1272.277526170799,3,0
2010-01-21 17:00:00,1251.0,54.0,1268.0201157024799,3,0
2010-01-21 18:00:00,1223.8,51.0,1283.1668374655644,3,0
2010-01-21 19:00:00,1216.5,56.0,1268.6883581267218,3,0
2010-01-21 20:00:00,1144.5,56.0,1199.2829586776857,3,0
2010-01-21 21:00:00,1145.6,55.0,1094.5850909090905,3,0
2010-01-21 22:00:00,783.0999999999999,53.0,726.3402809917352,3,0
2010-01-21 23:00:00,714.1999999999999,54.0,603.2726666666669,3,0
2010-01-22 00:00:00,694.5,52.0,583.2157851239666,4,0
2010-01-22 01:00:00,704.5999999999999,49.0,567.0979449035813,4,0
2010-01-22 02:00:00,710.3,50.0,611.6137465564739,4,0
2010-01-22 03:00:00,727.0,49.0,670.8016584022041,4,0
2010-01-22 04:00:00,734.1999999999999,49.0,674.5157741046828,4,0
2010-01-22 05:00:00,757.2,48.0,644.4573719008262,4,0
2010-01-22 06:00:00,813.6999999999999,48.0,711.0054820936642,4,0
2010-01-22 07:00:00,1082.9,47.0,1015.1019999999999,4,0
2010-01-22 08:00:00,1082.4,50.0,1044.5339889807162,4,0
2010-01-22 09:00:00,1094.3,51.0,1092.6783691460055,4,0
2010-01-22 10:00:00,1069.8999999999999,51.0,1152.8593994490354,4,0
2010-01-22 11:00:00,1078.7,47.0,1196.9809201101925,4,0
2010-01-22 12:00:00,1078.6,48.0,1226.280170798898,4,0
2010-01-22 13:00:00,1073.8000000000002,48.0,1237.9484793388428,4,0
2010-01-22 14:00:00,1077.1,49.0,1244.7340220385674,4,0
2010-01-22 15:00:00,1074.8,49.0,1237.5690523415979,4,0
2010-01-22 16:00:00,1230.5,51.0,1250.0695261707986,4,0
2010-01-22 17:00:00,1238.4,49.0,1244.8921157024795,4,0
2010-01-22 18:00:00,1225.0,48.0,1259.2028374655652,4,0
2010-01-22 19:00:00,1213.0,47.0,1243.6083581267217,4,0
2010-01-22 20:00:00,1147.8,47.0,1172.838958677686,4,0
2010-01-22 21:00:00,1157.6,46.0,1067.3930909090907,4,0
2010-01-22 22:00:00,749.5,45.0,700.0522809917353,4,0
2010-01-22 23:00:00,649.5,45.0,578.500666666666,4,0
2010-01-23 00:00:00,652.8000000000001,44.0,560.6037851239664,5,0
2010-01-23 01:00:00,639.2,43.0,549.4579449035807,5,0
2010-01-23 02:00:00,667.6,41.0,598.8057465564739,5,0
2010-01-23 03:00:00,711.6,43.0,662.2536584022037,5,0
2010-01-23 04:00:00,722.5999999999999,41.0,668.4437741046834,5,0
2010-01-23 05:00:00,715.0,41.0,639.0813719008266,5,0
2010-01-23 06:00:00,782.1,40.0,706.7574820936634,5,0
2010-01-23 07:00:00,1066.4,43.0,1011.3019999999998,5,0
2010-01-23 08:00:00,1047.1,49.0,1042.181988980716,5,0
2010-01-23 09:00:00,1071.2,52.0,1090.4143691460056,5,0
2010-01-23 10:00:00,1099.4,54.0,1151.3673994490355,5,0
2010-01-23 11:00:00,1111.8999999999999,57.0,1197.4049201101927,5,0
2010-01-23 12:00:00,1109.2,57.0,1230.048170798898,5,0
2010-01-23 13:00:00,1134.4,57.0,1243.884479338843,5,0
2010-01-23 14:00:00,1118.7,57.0,1253.2260220385674,5,0
2010-01-23 15:00:00,1117.4,56.0,1247.721052341598,5,0
2010-01-23 16:00:00,1275.4,55.0,1261.1815261707986,5,0
2010-01-23 17:00:00,1244.4,54.0,1255.9961157024793,5,0
2010-01-23 18:00:00,1240.6,52.0,1270.9948374655646,5,0
2010-01-23 19:00:00,1225.4,50.0,1255.3243581267213,5,0
2010-01-23 20:00:00,1180.5,49.0,1185.6269586776857,5,0
2010-01-23 21:00:00,1163.1,48.0,1081.881090909091,5,0
2010-01-23 22:00:00,780.8,47.0,715.2682809917352,5,0
2010-01-23 23:00:00,663.8,46.0,592.2726666666666,5,0
2010-01-24 00:00:00,671.7,46.0,572.9997851239671,6,0
2010-01-24 01:00:00,651.7,46.0,560.6499449035812,6,0
2010-01-24 02:00:00,666.1,45.0,608.6057465564738,6,0
2010-01-24 03:00:00,710.4,43.0,672.4936584022039,6,0
2010-01-24 04:00:00,731.1999999999999,44.0,671.3677741046831,6,0
2010-01-24 05:00:00,703.1999999999999,44.0,637.6613719008263,6,0
2010-01-24 06:00:00,757.0999999999999,43.0,701.4174820936636,6,0
2010-01-24 07:00:00,1032.9,47.0,999.7580000000003,6,0
2010-01-24 08:00:00,1057.4,52.0,1026.025988980716,6,0
2010-01-24 09:00:00,1078.4,56.0,1069.3743691460054,6,0
2010-01-24 10:00:00,1094.5,59.0,1141.2113994490358,6,0
2010-01-24 11:00:00,1105.3,61.0,1201.3729201101924,6,0
2010-01-24 12:00:00,1108.0,60.0,1249.6681707988982,6,0
2010-01-24 13:00:00,1134.9,60.0,1279.2004793388428,6,0
2010-01-24 14:00:00,1144.5,59.0,1304.482022038567,6,0
2010-01-24 15:00:00,1170.0,58.0,1313.8290523415976,6,0
2010-01-24 16:00:00,1135.1,57.0,1341.545526170799,6,0
2010-01-24 17:00:00,1180.7,57.0,1350.7041157024792,6,0
2010-01-24 18:00:00,1148.6,56.0,1381.4068374655649,6,0
2010-01-24 19:00:00,1085.9,53.0,1372.4723581267217,6,0
2010-01-24 20:00:00,1077.6,54.0,1309.0069586776858,6,0
2010-01-24 21:00:00,1073.6999999999998,52.0,1209.8570909090909,6,0
2010-01-24 22:00:00,1058.3999999999999,50.0,847.5722809917352,6,0
2010-01-24 23:00:00,1048.2,50.0,729.4526666666668,6,0
2010-01-25 00:00:00,1077.3000000000002,48.0,714.6077851239672,0,0
2010-01-25 01:00:00,1063.0,47.0,705.0739449035812,0,0
2010-01-25 02:00:00,1077.1,46.0,756.1617465564739,0,0
2010-01-25 03:00:00,1080.2,44.0,819.9656584022039,0,0
2010-01-25 04:00:00,1086.4,45.0,819.2917741046829,0,0
2010-01-25 05:00:00,1070.3999999999999,44.0,791.1333719008263,0,0
2010-01-25 06:00:00,1137.9,44.0,858.5134820936639,0,0
2010-01-25 07:00:00,1176.3,48.0,1163.114,0,0
2010-01-25 08:00:00,1179.7,56.0,1195.2619889807165,0,0
2010-01-25 09:00:00,1203.6000000000001,60.0,1242.0823691460057,0,0
2010-01-25 10:00:00,1209.9,62.0,1317.8193994490355,0,0
2010-01-25 11:00:00,1222.3000000000002,63.0,1366.748920110193,0,0
2010-01-25 12:00:00,1212.1000000000001,61.0,1398.6121707988978,0,0
2010-01-25 13:00:00,1204.1,61.0,1411.172479338843,0,0
2010-01-25 14:00:00,1223.2999999999997,60.0,1419.4140220385675,0,0
2010-01-25 15:00:00,1193.6999999999998,60.0,1412.3010523415974,0,0
2010-01-25 16:00:00,1199.0,58.0,1424.5655261707984,0,0
2010-01-25 17:00:00,1179.1,57.0,1419.560115702479,0,0
2010-01-25 18:00:00,1175.5,58.0,1436.9228374655645,0,0
2010-01-25 19:00:00,1150.4,56.0,1412.6123581267213,0,0
2010-01-25 20:00:00,1085.1,55.0,1342.9589586776856,0,0
2010-01-25 21:00:00,1057.6,52.0,1238.6650909090906,0,0
2010-01-25 22:00:00,1066.5,52.0,871.7442809917352,0,0
2010-01-25 23:00:00,1045.0,51.0,748.3806666666665,0,0
2010-01-26 00:00:00,1050.9,51.0,727.5757851239669,1,0
2010-01-26 01:00:00,1044.3000000000002,48.0,708.6859449035812,1,0
2010-01-26 02:00:00,1062.4,47.0,749.7657465564737,1,0
2010-01-26 03:00:00,1079.7,47.0,803.9736584022037,1,0
2010-01-26 04:00:00,1069.9,47.0,803.2317741046832,1,0
2010-01-26 05:00:00,1071.5,47.0,774.4013719008266,1,0
2010-01-26 06:00:00,1171.6,47.0,844.3294820936637,1,0
2010-01-26 07:00:00,1172.7,50.0,1150.1779999999999,1,0
2010-01-26 08:00:00,1168.4,54.0,1182.177988980716,1,0
2010-01-26 09:00:00,1197.3,56.0,1232.7343691460055,1,0
2010-01-26 10:00:00,1219.2,59.0,1297.819399449036,1,0
2010-01-26 11:00:00,1206.6000000000001,58.0,1332.664920110193,1,0
2010-01-26 12:00:00,1180.1,59.0,1350.956170798898,1,0
2010-01-26 13:00:00,1074.3,58.0,1350.3484793388432,1,0
2010-01-26 14:00:00,1042.3000000000002,57.0,1345.2060220385674,1,0
2010-01-26 15:00:00,1032.6000000000001,54.0,1324.4370523415976,1,0
2010-01-26 16:00:00,1221.0,53.0,1322.9295261707987,1,0
2010-01-26 17:00:00,1226.2,53.0,1306.9881157024793,1,0
2010-01-26 18:00:00,1237.6,53.0,1304.0068374655643,1,0
2010-01-26 19:00:00,1208.5,54.0,1272.3003581267217,1,0
2010-01-26 20:00:00,1145.9,54.0,1196.8669586776857,1,0
2010-01-26 21:00:00,1158.5,54.0,1086.713090909091,1,0
2010-01-26 22:00:00,784.0999999999999,54.0,713.6122809917355,1,0
2010-01-26 23:00:00,701.0,54.0,584.7326666666665,1,0
2010-01-27 00:00:00,708.3999999999999,54.0,560.4637851239664,2,0
2010-01-27 01:00:00,688.7,54.0,545.2779449035809,2,0
2010-01-27 02:00:00,709.1,56.0,595.6057465564738,2,0
2010-01-27 03:00:00,723.5999999999999,56.0,659.4256584022039,2,0
2010-01-27 04:00:00,725.1,56.0,666.8197741046833,2,0
2010-01-27 05:00:00,781.6,56.0,638.7933719008267,2,0
2010-01-27 06:00:00,664.1,55.0,707.2774820936638,2,0
2010-01-27 07:00:00,1021.5,56.0,1011.2380000000003,2,0
2010-01-27 08:00:00,1020.3,60.0,1040.8019889807163,2,0
2010-01-27 09:00:00,1039.5,64.0,1088.2623691460053,2,0
2010-01-27 10:00:00,1058.4,66.0,1147.7753994490358,2,0
2010-01-27 11:00:00,1078.0,64.0,1192.8769201101927,2,0
2010-01-27 12:00:00,1077.8,65.0,1223.8521707988982,2,0
2010-01-27 13:00:00,1134.9,65.0,1235.960479338843,2,0
2010-01-27 14:00:00,1143.6999999999998,64.0,1243.3020220385674,2,0
2010-01-27 15:00:00,1091.9,63.0,1235.4970523415977,2,0
2010-01-27 16:00:00,1263.3,67.0,1247.057526170799,2,0
2010-01-27 17:00:00,1268.3000000000002,64.0,1242.2761157024793,2,0
2010-01-27 18:00:00,1248.6,62.0,1249.8988374655646,2,0
2010-01-27 19:00:00,1223.4,61.0,1238.3123581267216,2,0
2010-01-27 20:00:00,1143.1000000000001,59.0,1169.1349586776857,2,0
2010-01-27 21:00:00,1141.9,59.0,1065.1290909090908,2,0
2010-01-27 22:00:00,745.6999999999999,57.0,698.7882809917354,2,0
2010-01-27 23:00:00,675.0,56.0,576.3606666666666,2,0
2010-01-28 00:00:00,681.5,54.0,559.2157851239671,3,0
2010-01-28 01:00:00,664.1,53.0,548.9859449035814,3,0
2010-01-28 02:00:00,665.6,53.0,597.0297465564738,3,0
2010-01-28 03:00:00,694.4,58.0,657.0456584022038,3,0
2010-01-28 04:00:00,695.7,58.0,662.2797741046834,3,0
2010-01-28 05:00:00,715.8,51.0,632.6933719008264,3,0
2010-01-28 06:00:00,639.3,49.0,699.6534820936638,3,0
2010-01-28 07:00:00,1017.0,55.0,1003.2659999999996,3,0
2010-01-28 08:00:00,1025.5,63.0,1032.797988980716,3,0
2010-01-28 09:00:00,1045.1,65.0,1081.0183691460056,3,0
2010-01-28 10:00:00,1069.6,67.0,1141.5353994490356,3,0
2010-01-28 11:00:00,1078.5,67.0,1187.880920110193,3,0
2010-01-28 12:00:00,1127.3,65.0,1219.6361707988976,3,0
2010-01-28 13:00:00,1156.5,65.0,1232.9404793388426,3,0
2010-01-28 14:00:00,1147.2,65.0,1241.3020220385674,3,0
2010-01-28 15:00:00,1098.1999999999998,63.0,1236.6730523415977,3,0
2010-01-28 16:00:00,1268.6,62.0,1247.5935261707987,3,0
2010-01-28 17:00:00,1271.6,60.0,1242.792115702479,3,0
2010-01-28 18:00:00,1252.6,59.0,1253.9148374655645,3,0
2010-01-28 19:00:00,1225.6999999999998,57.0,1243.1683581267212,3,0
2010-01-28 20:00:00,1157.2,56.0,1173.9549586776861,3,0
2010-01-28 21:00:00,1158.1,56.0,1069.5090909090904,3,0
2010-01-28 22:00:00,754.2,55.0,702.1482809917353,3,0
2010-01-28 23:00:00,667.7,54.0,579.0806666666664,3,0
2010-01-29 00:00:00,675.0,54.0,561.0477851239671,4,0
2010-01-29 01:00:00,667.0999999999999,53.0,547.933944903581,4,0
2010-01-29 02:00:00,666.5,50.0,593.3777465564731,4,0
2010-01-29 03:00:00,730.3,51.0,654.2616584022039,4,0
2010-01-29 04:00:00,650.5,47.0,659.9157741046834,4,0
2010-01-29 05:00:00,685.9000000000001,48.0,630.949371900826,4,0
2010-01-29 06:00:00,661.0,49.0,699.3334820936639,4,0
2010-01-29 07:00:00,1013.2,51.0,1004.158,4,0
2010-01-29 08:00:00,1020.1,55.0,1035.1299889807158,4,0
2010-01-29 09:00:00,1039.3,59.0,1083.1863691460053,4,0
2010-01-29 10:00:00,1049.7,63.0,1143.4393994490356,4,0
2010-01-29 11:00:00,1073.7,65.0,1188.8969201101927,4,0
2010-01-29 12:00:00,1105.6,63.0,1219.9361707988978,4,0
2010-01-29 13:00:00,1133.9,64.0,1232.368479338843,4,0
2010-01-29 14:00:00,1103.8,62.0,1240.3780220385675,4,0
2010-01-29 15:00:00,1123.4,61.0,1234.873052341598,4,0
2010-01-29 16:00:00,1285.4,59.0,1246.8095261707988,4,0
2010-01-29 17:00:00,1292.4,58.0,1245.2801157024792,4,0
2010-01-29 18:00:00,1291.5,57.0,1257.7268374655641,4,0
2010-01-29 19:00:00,1260.0,55.0,1246.0203581267212,4,0
2010-01-29 20:00:00,1195.5,54.0,1176.6829586776857,4,0
2010-01-29 21:00:00,1168.1,53.0,1072.3610909090905,4,0
2010-01-29 22:00:00,763.8,53.0,705.2562809917353,4,0
2010-01-29 23:00:00,654.0,52.0,582.8446666666662,4,0
2010-01-30 00:00:00,649.8,52.0,564.7397851239665,5,0
2010-01-30 01:00:00,638.8,51.0,551.685944903581,5,0
2010-01-30 02:00:00,660.7,50.0,598.4017465564739,5,0
2010-01-30 03:00:00,709.3,50.0,659.6776584022039,5,0
2010-01-30 04:00:00,711.8,49.0,662.671774104683,5,0
2010-01-30 05:00:00,722.5,47.0,632.1973719008267,5,0
2010-01-30 06:00:00,664.2,48.0,698.0614820936638,5,0
2010-01-30 07:00:00,1010.9,50.0,999.9819999999996,5,0
2010-01-30 08:00:00,1013.2,56.0,1028.293988980716,5,0
2010-01-30 09:00:00,1037.0,57.0,1073.810369146005,5,0
2010-01-30 10:00:00,1050.3,58.0,1132.8593994490354,5,0
2010-01-30 11:00:00,1070.2,58.0,1176.4209201101928,5,0
2010-01-30 12:00:00,1099.0,59.0,1206.8641707988982,5,0
2010-01-30 13:00:00,1113.6999999999998,59.0,1218.9284793388429,5,0
2010-01-30 14:00:00,1113.0,59.0,1226.0140220385674,5,0
2010-01-30 15:00:00,1089.8000000000002,58.0,1218.7690523415977,5,0
2010-01-30 16:00:00,1244.1,57.0,1229.6175261707988,5,0
2010-01-30 17:00:00,1271.5,57.0,1223.8321157024793,5,0
2010-01-30 18:00:00,1249.3000000000002,54.0,1233.9948374655646,5,0
2010-01-30 19:00:00,1226.3000000000002,53.0,1220.6043581267218,5,0
2010-01-30 20:00:00,1163.3,53.0,1149.9589586776858,5,0
2010-01-30 21:00:00,1142.9,52.0,1043.7650909090905,5,0
2010-01-30 22:00:00,743.7,51.0,675.5162809917355,5,0
2010-01-30 23:00:00,616.1999999999999,50.0,552.3886666666668,5,0
2010-01-31 00:00:00,621.2,49.0,533.8917851239667,6,0
2010-01-31 01:00:00,604.4,49.0,521.0659449035813,6,0
2010-01-31 02:00:00,609.3,47.0,568.9137465564743,6,0
2010-01-31 03:00:00,660.0,48.0,629.5216584022037,6,0
2010-01-31 04:00:00,663.6,46.0,634.2557741046828,6,0
2010-01-31 05:00:00,677.3999999999999,46.0,605.4253719008266,6,0
2010-01-31 06:00:00,643.7,45.0,672.0894820936643,6,0
2010-01-31 07:00:00,972.0,48.0,973.866,6,0
2010-01-31 08:00:00,978.1999999999999,52.0,1003.3859889807162,6,0
2010-01-31 09:00:00,983.3,56.0,1033.7703691460056,6,0
2010-01-31 10:00:00,1019.4,60.0,1089.743399449036,6,0
2010-01-31 11:00:00,1052.9,63.0,1135.1569201101927,6,0
2010-01-31 12:00:00,1085.6999999999998,61.0,1168.4201707988977,6,0
2010-01-31 13:00:00,1112.8,61.0,1182.9804793388428,6,0
2010-01-31 14:00:00,1121.1,60.0,1193.1500220385674,6,0
2010-01-31 15:00:00,1082.3,59.0,1188.7370523415977,6,0
2010-01-31 16:00:00,1254.0,58.0,1202.4615261707988,6,0
2010-01-31 17:00:00,1271.3000000000002,57.0,1199.4041157024792,6,0
2010-01-31 18:00:00,1248.4,55.0,1211.0668374655647,6,0
2010-01-31 19:00:00,1180.5,54.0,1200.3723581267216,6,0
2010-01-31 20:00:00,1159.8,54.0,1133.5789586776855,6,0
2010-01-31 21:00:00,732.4,52.0,1031.7130909090909,6,0
2010-01-31 22:00:00,641.6,52.0,667.1962809917356,6,0
2010-01-31 23:00:00,642.4,51.0,546.4926666666665,6,0
2010-02-01 00:00:00,653.9000000000001,51.0,528.8277851239669,0,0
2010-02-01 01:00:00,638.2,51.0,516.177944903581,0,0
2010-02-01 02:00:00,652.0,49.0,563.2977465564736,0,0
2010-02-01 03:00:00,679.4,49.0,625.2416584022039,0,0
2010-02-01 04:00:00,686.2,48.0,631.2437741046826,0,0
2010-02-01 05:00:00,697.4,48.0,602.7093719008266,0,0
2010-02-01 06:00:00,636.1,48.0,670.8694820936638,0,0
2010-02-01 07:00:00,1018.9,51.0,974.238,0,0
2010-02-01 08:00:00,1035.6,55.0,1005.6299889807162,0,0
2010-02-01 09:00:00,1056.5,58.0,1053.7383691460054,0,0
2010-02-01 10:00:00,1059.0,61.0,1130.0753994490358,0,0
2010-02-01 11:00:00,1082.6,63.0,1180.156920110193,0,0
2010-02-01 12:00:00,1089.2,62.0,1212.9961707988978,0,0
2010-02-01 13:00:00,1103.9,62.0,1226.6004793388427,0,0
2010-02-01 14:00:00,1102.0,61.0,1235.6580220385674,0,0
2010-02-01 15:00:00,1123.8,60.0,1229.3250523415975,0,0
2010-02-01 16:00:00,1278.1999999999998,59.0,1241.325526170799,0,0
2010-02-01 17:00:00,1288.6,58.0,1237.4721157024792,0,0
2010-02-01 18:00:00,1285.6,57.0,1249.2868374655645,0,0
2010-02-01 19:00:00,1219.4,56.0,1238.4483581267216,0,0
2010-02-01 20:00:00,1160.8,55.0,1169.8789586776861,0,0
2010-02-01 21:00:00,1172.0,55.0,1065.389090909091,0,0
2010-02-01 22:00:00,740.2,54.0,697.9042809917355,0,0
2010-02-01 23:00:00,657.0,54.0,575.0206666666666,0,0
2010-02-02 00:00:00,669.5,53.0,556.9317851239668,1,0
2010-02-02 01:00:00,647.0,53.0,543.3339449035811,1,0
2010-02-02 02:00:00,658.0,54.0,590.1417465564739,1,0
2010-02-02 03:00:00,674.0999999999999,54.0,653.3096584022039,1,0
2010-02-02 04:00:00,662.5,54.0,657.4997741046832,1,0
2010-02-02 05:00:00,700.1,53.0,627.9373719008267,1,0
2010-02-02 06:00:00,659.9,53.0,694.2134820936639,1,0
2010-02-02 07:00:00,1007.7,54.0,995.9619999999999,1,0
2010-02-02 08:00:00,1038.1000000000001,56.0,1026.145988980716,1,0
2010-02-02 09:00:00,1048.3,59.0,1073.7303691460056,1,0
2010-02-02 10:00:00,1058.0,62.0,1134.0913994490356,1,0
2010-02-02 11:00:00,1067.7,60.0,1182.288920110193,1,0
2010-02-02 12:00:00,1108.3000000000002,60.0,1216.488170798898,1,0
2010-02-02 13:00:00,1083.6999999999998,60.0,1230.8164793388428,1,0
2010-02-02 14:00:00,1085.3,61.0,1241.5140220385672,1,0
2010-02-02 15:00:00,1135.3,60.0,1236.3850523415977,1,0
2010-02-02 16:00:00,1274.4,59.0,1250.7895261707988,1,0
2010-02-02 17:00:00,1287.1,58.0,1249.6401157024793,1,0
2010-02-02 18:00:00,1255.8,57.0,1262.3948374655645,1,0
2010-02-02 19:00:00,1216.1,56.0,1250.7163581267216,1,0
2010-02-02 20:00:00,1169.5,55.0,1181.7629586776857,1,0
2010-02-02 21:00:00,1159.9,54.0,1076.7090909090905,1,0
2010-02-02 22:00:00,780.4,54.0,709.1482809917353,1,0
2010-02-02 23:00:00,708.5,54.0,585.6806666666664,1,0
2010-02-03 00:00:00,718.1,53.0,567.7557851239669,2,0
2010-02-03 01:00:00,680.7,51.0,554.3219449035812,2,0
2010-02-03 02:00:00,707.8000000000001,50.0,603.3337465564737,2,0
2010-02-03 03:00:00,710.2,50.0,664.7976584022038,2,0
2010-02-03 04:00:00,717.3,49.0,667.2157741046829,2,0
2010-02-03 05:00:00,744.0,48.0,639.7213719008266,2,0
2010-02-03 06:00:00,686.0999999999999,48.0,710.149482093664,2,0
2010-02-03 07:00:00,1010.5,51.0,1015.8579999999996,2,0
2010-02-03 08:00:00,1017.3,56.0,1048.3299889807165,2,0
2010-02-03 09:00:00,1036.7,59.0,1096.6623691460052,2,0
2010-02-03 10:00:00,1047.9,64.0,1156.5753994490356,2,0
2010-02-03 11:00:00,1052.1,65.0,1201.0489201101927,2,0
2010-02-03 12:00:00,1097.5,66.0,1236.5921707988982,2,0
2010-02-03 13:00:00,1106.9,64.0,1260.240479338843,2,0
2010-02-03 14:00:00,1120.2,63.0,1280.9580220385674,2,0
2010-02-03 15:00:00,1076.0,62.0,1287.3930523415981,2,0
2010-02-03 16:00:00,1241.6,60.0,1313.6895261707982,2,0
2010-02-03 17:00:00,1335.0,59.0,1322.7801157024787,2,0
2010-02-03 18:00:00,1358.1,58.0,1348.1668374655646,2,0
2010-02-03 19:00:00,1285.3,56.0,1336.2083581267216,2,0
2010-02-03 20:00:00,1223.4,55.0,1267.0069586776854,2,0
2010-02-03 21:00:00,1187.3,55.0,1163.4490909090905,2,0
2010-02-03 22:00:00,757.0999999999999,54.0,796.9922809917352,2,0
2010-02-03 23:00:00,655.5999999999999,56.0,674.6126666666669,2,0
2010-02-04 00:00:00,803.2,57.0,655.9477851239669,3,0
2010-02-04 01:00:00,962.3000000000001,57.0,641.4579449035809,3,0
2010-02-04 02:00:00,992.0,56.0,687.2937465564737,3,0
2010-02-04 03:00:00,1049.1,57.0,746.1136584022038,3,0
2010-02-04 04:00:00,1050.6999999999998,56.0,749.1437741046832,3,0
2010-02-04 05:00:00,1054.7999999999997,56.0,720.0093719008263,3,0
2010-02-04 06:00:00,1045.8000000000002,55.0,784.2574820936638,3,0
2010-02-04 07:00:00,1029.6999999999998,55.0,1083.7259999999999,3,0
2010-02-04 08:00:00,1013.9,59.0,1111.081988980716,3,0
2010-02-04 09:00:00,1053.3,61.0,1155.8663691460054,3,0
2010-02-04 10:00:00,1063.9,61.0,1223.4313994490358,3,0
2010-02-04 11:00:00,1069.2,62.0,1278.7569201101928,3,0
2010-02-04 12:00:00,1063.4,62.0,1320.040170798898,3,0
2010-02-04 13:00:00,1069.7,62.0,1337.8204793388431,3,0
2010-02-04 14:00:00,1064.0,60.0,1343.7020220385675,3,0
2010-02-04 15:00:00,1044.8,60.0,1327.509052341598,3,0
2010-02-04 16:00:00,1197.6,59.0,1325.1815261707986,3,0
2010-02-04 17:00:00,1261.2,58.0,1306.3201157024796,3,0
2010-02-04 18:00:00,1251.5,57.0,1304.1148374655645,3,0
2010-02-04 19:00:00,1231.6,57.0,1276.8283581267215,3,0
2010-02-04 20:00:00,1164.7,56.0,1206.4309586776858,3,0
2010-02-04 21:00:00,1152.5,55.0,1100.9730909090908,3,0
2010-02-04 22:00:00,975.8,55.0,731.1962809917351,3,0
2010-02-04 23:00:00,903.5999999999999,56.0,605.4966666666666,3,0
2010-02-05 00:00:00,893.8,56.0,587.3637851239666,4,0
2010-02-05 01:00:00,900.7,56.0,575.2819449035815,4,0
2010-02-05 02:00:00,902.7,55.0,623.4937465564735,4,0
2010-02-05 03:00:00,767.5999999999999,55.0,685.4576584022034,4,0
2010-02-05 04:00:00,674.0,55.0,691.2997741046829,4,0
2010-02-05 05:00:00,689.3999999999999,55.0,664.7573719008263,4,0
2010-02-05 06:00:00,666.8,56.0,733.6054820936638,4,0
2010-02-05 07:00:00,1006.2,54.0,1038.9539999999997,4,0
2010-02-05 08:00:00,1003.1999999999999,54.0,1070.297988980716,4,0
2010-02-05 09:00:00,1002.4,54.0,1118.754369146005,4,0
2010-02-05 10:00:00,997.5,54.0,1177.8633994490353,4,0
2010-02-05 11:00:00,1002.1999999999999,54.0,1213.1409201101924,4,0
2010-02-05 12:00:00,1093.8000000000002,54.0,1232.908170798898,4,0
2010-02-05 13:00:00,1095.8,54.0,1234.656479338843,4,0
2010-02-05 14:00:00,1086.1999999999998,54.0,1232.2180220385671,4,0
2010-02-05 15:00:00,1067.1999999999998,55.0,1215.0930523415977,4,0
2010-02-05 16:00:00,1236.7,54.0,1224.3015261707985,4,0
2010-02-05 17:00:00,1282.0,54.0,1219.9921157024792,4,0
2010-02-05 18:00:00,1292.6999999999998,54.0,1232.4948374655646,4,0
2010-02-05 19:00:00,1272.0,54.0,1221.7283581267216,4,0
2010-02-05 20:00:00,1210.7,54.0,1153.4749586776857,4,0
2010-02-05 21:00:00,1185.6,54.0,1051.8170909090907,4,0
2010-02-05 22:00:00,729.5999999999999,54.0,687.8642809917352,4,0
2010-02-05 23:00:00,621.1,55.0,569.2926666666668,4,0
2010-02-06 00:00:00,603.9,55.0,553.9837851239669,5,0
2010-02-06 01:00:00,590.5,55.0,541.0659449035811,5,0
2010-02-06 02:00:00,633.1,55.0,588.7897465564738,5,0
2010-02-06 03:00:00,655.0,56.0,651.5856584022038,5,0
2010-02-06 04:00:00,680.9,56.0,656.355774104683,5,0
2010-02-06 05:00:00,676.5,56.0,628.9733719008264,5,0
2010-02-06 06:00:00,669.1,55.0,697.037482093664,5,0
2010-02-06 07:00:00,1040.2,56.0,1000.442,5,0
2010-02-06 08:00:00,1033.3,57.0,1028.765988980716,5,0
2010-02-06 09:00:00,1086.7,58.0,1073.3703691460055,5,0
2010-02-06 10:00:00,1092.1999999999998,59.0,1131.3793994490356,5,0
2010-02-06 11:00:00,1114.0,59.0,1176.516920110193,5,0
2010-02-06 12:00:00,1097.3999999999999,59.0,1208.080170798898,5,0
2010-02-06 13:00:00,1105.3000000000002,58.0,1222.5404793388427,5,0
2010-02-06 14:00:00,1100.1000000000001,58.0,1232.4620220385673,5,0
2010-02-06 15:00:00,1110.2,59.0,1225.941052341598,5,0
2010-02-06 16:00:00,1232.3,57.0,1239.6975261707985,5,0
2010-02-06 17:00:00,1300.1,56.0,1235.1321157024793,5,0
2010-02-06 18:00:00,1293.9,55.0,1247.0108374655651,5,0
2010-02-06 19:00:00,1264.6,55.0,1232.7003581267215,5,0
2010-02-06 20:00:00,1175.6,53.0,1161.0509586776861,5,0
2010-02-06 21:00:00,1135.3,52.0,1054.8410909090908,5,0
2010-02-06 22:00:00,735.2,51.0,684.5562809917352,5,0
2010-02-06 23:00:00,621.4000000000001,50.0,558.6486666666661,5,0
2010-02-07 00:00:00,616.3000000000001,49.0,536.3437851239667,6,0
2010-02-07 01:00:00,618.4000000000001,48.0,521.1619449035811,6,0
2010-02-07 02:00:00,631.9,47.0,566.8097465564736,6,0
2010-02-07 03:00:00,650.5,46.0,625.5096584022035,6,0
2010-02-07 04:00:00,682.0,44.0,626.7517741046834,6,0
2010-02-07 05:00:00,677.0,44.0,596.6093719008265,6,0
2010-02-07 06:00:00,640.5999999999999,44.0,661.0054820936634,6,0
2010-02-07 07:00:00,953.9,50.0,959.9300000000001,6,0
2010-02-07 08:00:00,982.4,55.0,986.4899889807162,6,0
2010-02-07 09:00:00,1003.0,57.0,1016.6303691460055,6,0
2010-02-07 10:00:00,1018.2,58.0,1072.891399449036,6,0
2010-02-07 11:00:00,1025.3000000000002,60.0,1118.4169201101925,6,0
2010-02-07 12:00:00,1034.3000000000002,60.0,1150.672170798898,6,0
2010-02-07 13:00:00,1052.3000000000002,61.0,1165.1164793388427,6,0
2010-02-07 14:00:00,1057.7,61.0,1174.2140220385677,6,0
2010-02-07 15:00:00,1021.7,60.0,1167.9370523415978,6,0
2010-02-07 16:00:00,1187.1,60.0,1181.4535261707988,6,0
2010-02-07 17:00:00,1226.7,57.0,1176.9321157024792,6,0
2010-02-07 18:00:00,1220.3,56.0,1188.7548374655646,6,0
2010-02-07 19:00:00,1153.8,55.0,1177.7923581267212,6,0
2010-02-07 20:00:00,1124.1,55.0,1109.5069586776858,6,0
2010-02-07 21:00:00,738.5999999999999,53.0,1005.4170909090911,6,0
2010-02-07 22:00:00,641.2,52.0,638.3522809917354,6,0
2010-02-07 23:00:00,636.7,51.0,515.8526666666667,6,0
2010-02-08 00:00:00,633.9000000000001,50.0,497.33978512396686,0,0
2010-02-08 01:00:00,630.4000000000001,50.0,484.40194490358107,0,0
2010-02-08 02:00:00,639.2,48.0,532.193746556474,0,0
2010-02-08 03:00:00,655.4,50.0,594.1656584022037,0,0
2010-02-08 04:00:00,671.5,50.0,598.5477741046834,0,0
2010-02-08 05:00:00,679.2,47.0,570.9013719008266,0,0
2010-02-08 06:00:00,639.7,47.0,638.8174820936637,0,0
2010-02-08 07:00:00,1009.0999999999999,52.0,942.7260000000001,0,0
2010-02-08 08:00:00,980.2,56.0,973.5339889807159,0,0
2010-02-08 09:00:00,1005.0999999999999,58.0,1021.4503691460055,0,0
2010-02-08 10:00:00,1015.0,60.0,1104.8833994490358,0,0
2010-02-08 11:00:00,1036.5,62.0,1166.4809201101923,0,0
2010-02-08 12:00:00,1040.4,61.0,1211.200170798898,0,0
2010-02-08 13:00:00,1045.3,61.0,1237.9404793388428,0,0
2010-02-08 14:00:00,1058.3000000000002,60.0,1259.4980220385673,0,0
2010-02-08 15:00:00,1061.1,60.0,1265.8370523415979,0,0
2010-02-08 16:00:00,1177.1000000000001,58.0,1291.6135261707989,0,0
2010-02-08 17:00:00,1243.9,57.0,1300.3681157024794,0,0
2010-02-08 18:00:00,1234.9,56.0,1325.9668374655648,0,0
2010-02-08 19:00:00,1204.8,55.0,1314.3763581267217,0,0
2010-02-08 20:00:00,1119.5,53.0,1244.134958677686,0,0
2010-02-08 21:00:00,1131.5,52.0,1140.1170909090908,0,0
2010-02-08 22:00:00,923.8,51.0,773.1522809917356,0,0
2010-02-08 23:00:00,944.5,50.0,650.7246666666667,0,0
2010-02-09 00:00:00,960.8,49.0,631.3317851239669,1,0
2010-02-09 01:00:00,955.4000000000001,47.0,616.109944903581,1,0
2010-02-09 02:00:00,962.7,49.0,660.8137465564739,1,0
2010-02-09 03:00:00,978.1,50.0,719.4736584022035,1,0
2010-02-09 04:00:00,982.9,51.0,720.0197741046832,1,0
2010-02-09 05:00:00,1000.6,51.0,690.4053719008265,1,0
2010-02-09 06:00:00,986.3,51.0,755.713482093664,1,0
2010-02-09 07:00:00,992.5,53.0,1056.9379999999999,1,0
2010-02-09 08:00:00,986.5,57.0,1084.7659889807162,1,0
2010-02-09 09:00:00,1004.7,56.0,1131.6023691460057,1,0
2010-02-09 10:00:00,1019.5999999999999,57.0,1200.6313994490354,1,0
2010-02-09 11:00:00,1035.1,56.0,1248.4449201101925,1,0
2010-02-09 12:00:00,1029.6,54.0,1277.096170798898,1,0
2010-02-09 13:00:00,994.3,50.0,1286.8644793388428,1,0
2010-02-09 14:00:00,974.0999999999999,52.0,1292.0620220385672,1,0
2010-02-09 15:00:00,978.9000000000001,51.0,1282.4330523415972,1,0
2010-02-09 16:00:00,1120.6,51.0,1292.4535261707986,1,0
2010-02-09 17:00:00,1184.6999999999998,50.0,1285.6201157024793,1,0
2010-02-09 18:00:00,1186.9,48.0,1291.5508374655649,1,0
2010-02-09 19:00:00,1152.3,46.0,1266.6723581267217,1,0
2010-02-09 20:00:00,1096.0,46.0,1196.6709586776858,1,0
2010-02-09 21:00:00,1099.9,45.0,1091.4610909090904,1,0
2010-02-09 22:00:00,956.6,44.0,723.5042809917356,1,0
2010-02-09 23:00:00,882.5000000000001,43.0,600.2046666666664,1,0
2010-02-10 00:00:00,866.9000000000001,43.0,580.1757851239666,2,0
2010-02-10 01:00:00,858.0000000000001,42.0,566.1379449035812,2,0
2010-02-10 02:00:00,878.7,41.0,614.945746556474,2,0
2010-02-10 03:00:00,902.4000000000001,41.0,678.8056584022036,2,0
2010-02-10 04:00:00,911.6999999999999,41.0,684.0957741046832,2,0
2010-02-10 05:00:00,922.3,41.0,658.2693719008264,2,0
2010-02-10 06:00:00,816.0,40.0,727.0014820936636,2,0
2010-02-10 07:00:00,1006.9,46.0,1031.6539999999998,2,0
2010-02-10 08:00:00,975.8999999999999,49.0,1063.253988980716,2,0
2010-02-10 09:00:00,981.1999999999999,53.0,1111.8223691460057,2,0
2010-02-10 10:00:00,994.4,56.0,1174.2633994490357,2,0
2010-02-10 11:00:00,1017.8999999999999,60.0,1212.5049201101926,2,0
2010-02-10 12:00:00,1012.3,61.0,1236.2481707988977,2,0
2010-02-10 13:00:00,1013.1000000000001,61.0,1242.032479338843,2,0
2010-02-10 14:00:00,1025.6999999999998,61.0,1243.0500220385675,2,0
2010-02-10 15:00:00,1024.7,60.0,1228.8130523415978,2,0
2010-02-10 16:00:00,1157.0,59.0,1233.7495261707988,2,0
2010-02-10 17:00:00,1222.8999999999999,57.0,1221.1921157024794,2,0
2010-02-10 18:00:00,1213.3000000000002,54.0,1226.0788374655647,2,0
2010-02-10 19:00:00,1190.0,54.0,1206.7643581267216,2,0
2010-02-10 20:00:00,1137.8,53.0,1136.0389586776857,2,0
2010-02-10 21:00:00,1119.7,52.0,1032.6490909090915,2,0
2010-02-10 22:00:00,760.3,51.0,666.2362809917358,2,0
2010-02-10 23:00:00,676.0,50.0,544.1926666666666,2,0
2010-02-11 00:00:00,682.1999999999999,49.0,526.2357851239668,3,0
2010-02-11 01:00:00,664.5,49.0,513.9339449035813,3,0
2010-02-11 02:00:00,676.8,48.0,563.3457465564741,3,0
2010-02-11 03:00:00,703.2,49.0,625.825658402204,3,0
2010-02-11 04:00:00,708.9000000000001,50.0,629.1917741046832,3,0
2010-02-11 05:00:00,708.0,50.0,602.701371900827,3,0
2010-02-11 06:00:00,711.6,51.0,671.8054820936638,3,0
2010-02-11 07:00:00,975.7,52.0,976.3860000000002,3,0
2010-02-11 08:00:00,972.2,57.0,1007.1259889807164,3,0
2010-02-11 09:00:00,1016.0999999999999,59.0,1055.2543691460055,3,0
2010-02-11 10:00:00,1009.5,62.0,1120.8273994490357,3,0
2010-02-11 11:00:00,1024.1000000000001,62.0,1170.532920110193,3,0
2010-02-11 12:00:00,1046.9,61.0,1205.6041707988982,3,0
2010-02-11 13:00:00,1039.2,62.0,1222.1484793388431,3,0
2010-02-11 14:00:00,1059.6,61.0,1234.7900220385675,3,0
2010-02-11 15:00:00,1041.8,59.0,1232.1330523415977,3,0
2010-02-11 16:00:00,1154.7,58.0,1248.3815261707987,3,0
2010-02-11 17:00:00,1242.7,57.0,1247.5121157024792,3,0
2010-02-11 18:00:00,1260.8,57.0,1264.4548374655644,3,0
2010-02-11 19:00:00,1214.6,57.0,1250.288358126722,3,0
2010-02-11 20:00:00,1154.0,55.0,1182.9789586776856,3,0
2010-02-11 21:00:00,1150.5,55.0,1080.7410909090909,3,0
2010-02-11 22:00:00,858.4000000000001,54.0,714.6322809917357,3,0
2010-02-11 23:00:00,766.3,53.0,593.644666666667,3,0
2010-02-12 00:00:00,758.9,52.0,577.587785123967,4,0
2010-02-12 01:00:00,748.8,51.0,567.4819449035815,4,0
2010-02-12 02:00:00,773.9000000000001,50.0,618.6017465564739,4,0
2010-02-12 03:00:00,790.8,49.0,682.8136584022036,4,0
2010-02-12 04:00:00,792.5,49.0,687.9077741046831,4,0
2010-02-12 05:00:00,797.4,48.0,663.6413719008264,4,0
2010-02-12 06:00:00,798.7,48.0,731.4534820936639,4,0
2010-02-12 07:00:00,1000.0000000000001,52.0,1034.8019999999997,4,0
2010-02-12 08:00:00,1026.4,57.0,1065.0419889807163,4,0
2010-02-12 09:00:00,1041.2,59.0,1111.5343691460057,4,0
2010-02-12 10:00:00,1052.0,61.0,1174.1393994490356,4,0
2010-02-12 11:00:00,1065.6,61.0,1217.8169201101928,4,0
2010-02-12 12:00:00,1100.6,61.0,1247.3641707988982,4,0
2010-02-12 13:00:00,1128.7,62.0,1258.7844793388429,4,0
2010-02-12 14:00:00,1128.4,60.0,1265.7180220385676,4,0
2010-02-12 15:00:00,1119.0,60.0,1257.9050523415979,4,0
2010-02-12 16:00:00,1215.0,60.0,1270.0255261707987,4,0
2010-02-12 17:00:00,1296.0,59.0,1264.1481157024791,4,0
2010-02-12 18:00:00,1248.3000000000002,57.0,1273.5028374655644,4,0
2010-02-12 19:00:00,1231.3,55.0,1253.2283581267213,4,0
2010-02-12 20:00:00,1166.1,54.0,1181.882958677686,4,0
2010-02-12 21:00:00,1125.8,53.0,1074.9810909090907,4,0
2010-02-12 22:00:00,815.0,53.0,706.8322809917355,4,0
2010-02-12 23:00:00,713.7,53.0,583.5806666666664,4,0
2010-02-13 00:00:00,711.1,51.0,566.2197851239669,5,0
2010-02-13 01:00:00,697.4,50.0,554.1419449035809,5,0
2010-02-13 02:00:00,715.5,50.0,601.7617465564736,5,0
2010-02-13 03:00:00,759.0,48.0,662.885658402204,5,0
2010-02-13 04:00:00,776.9000000000001,49.0,665.4877741046832,5,0
2010-02-13 05:00:00,755.8000000000001,48.0,638.3453719008264,5,0
2010-02-13 06:00:00,698.4,48.0,703.4014820936638,5,0
2010-02-13 07:00:00,934.4,52.0,1006.1740000000001,5,0
2010-02-13 08:00:00,949.8,60.0,1035.809988980716,5,0
2010-02-13 09:00:00,978.8,65.0,1082.8503691460055,5,0
2010-02-13 10:00:00,1026.1,65.0,1147.5833994490356,5,0
2010-02-13 11:00:00,1051.5,66.0,1193.7409201101927,5,0
2010-02-13 12:00:00,1109.5,67.0,1226.2521707988979,5,0
2010-02-13 13:00:00,1133.1,67.0,1240.5564793388428,5,0
2010-02-13 14:00:00,1130.4,66.0,1249.6940220385675,5,0
2010-02-13 15:00:00,1110.6,64.0,1244.1690523415978,5,0
2010-02-13 16:00:00,1229.9,62.0,1257.6375261707988,5,0
2010-02-13 17:00:00,1284.4,60.0,1252.7881157024794,5,0
2010-02-13 18:00:00,1232.7,58.0,1262.9748374655644,5,0
2010-02-13 19:00:00,1204.4,56.0,1245.9883581267216,5,0
2010-02-13 20:00:00,1167.6999999999998,56.0,1177.230958677686,5,0
2010-02-13 21:00:00,1151.6,55.0,1072.9650909090908,5,0
2010-02-13 22:00:00,843.5,55.0,707.2322809917353,5,0
2010-02-13 23:00:00,732.3000000000001,55.0,586.3446666666664,5,0
2010-02-14 00:00:00,732.6000000000001,54.0,570.3117851239668,6,0
2010-02-14 01:00:00,721.6999999999999,53.0,560.5299449035813,6,0
2010-02-14 02:00:00,719.2,56.0,610.3497465564737,6,0
2010-02-14 03:00:00,757.8,55.0,671.9576584022043,6,0
2010-02-14 04:00:00,778.8000000000001,53.0,674.2437741046833,6,0
2010-02-14 05:00:00,765.9,53.0,646.4093719008268,6,0
2010-02-14 06:00:00,677.6,51.0,712.8134820936638,6,0
2010-02-14 07:00:00,916.3,56.0,1017.2419999999998,6,0
2010-02-14 08:00:00,948.9,62.0,1048.709988980716,6,0
2010-02-14 09:00:00,968.1,65.0,1081.4103691460052,6,0
2010-02-14 10:00:00,1024.1,71.0,1139.5313994490355,6,0
2010-02-14 11:00:00,1084.7,73.0,1183.2369201101926,6,0
2010-02-14 12:00:00,1128.6,74.0,1214.0321707988983,6,0
2010-02-14 13:00:00,1199.4,75.0,1226.7084793388428,6,0
2010-02-14 14:00:00,1189.8000000000002,71.0,1234.1700220385674,6,0
2010-02-14 15:00:00,1124.7,70.0,1226.5850523415977,6,0
2010-02-14 16:00:00,1213.6,66.0,1237.9695261707989,6,0
2010-02-14 17:00:00,1282.0,62.0,1231.2161157024793,6,0
2010-02-14 18:00:00,1254.8,60.0,1242.0348374655646,6,0
2010-02-14 19:00:00,1230.2,59.0,1230.0683581267217,6,0
2010-02-14 20:00:00,1186.6,60.0,1164.078958677686,6,0
2010-02-14 21:00:00,794.7,58.0,1063.5170909090903,6,0
2010-02-14 22:00:00,703.9999999999999,57.0,701.1722809917353,6,0
2010-02-14 23:00:00,699.5,58.0,584.0686666666668,6,0
2010-02-15 00:00:00,708.3000000000001,57.0,570.4637851239669,0,0
2010-02-15 01:00:00,702.5,55.0,562.2699449035813,0,0
2010-02-15 02:00:00,701.6,57.0,611.8497465564742,0,0
2010-02-15 03:00:00,710.0,55.0,675.0616584022036,0,0
2010-02-15 04:00:00,725.5,53.0,680.8597741046831,0,0
2010-02-15 05:00:00,720.2,55.0,656.0573719008268,0,0
2010-02-15 06:00:00,703.5,54.0,725.3094820936642,0,0
2010-02-15 07:00:00,1021.0,62.0,1030.0420000000001,0,0
2010-02-15 08:00:00,1000.0,70.0,1061.5259889807164,0,0
2010-02-15 09:00:00,1059.8000000000002,75.0,1108.3943691460056,0,0
2010-02-15 10:00:00,1098.1,77.0,1192.6913994490358,0,0
2010-02-15 11:00:00,1177.3,78.0,1254.108920110193,0,0
2010-02-15 12:00:00,1222.5,76.0,1297.2601707988981,0,0
2010-02-15 13:00:00,1258.1999999999998,71.0,1322.220479338843,0,0
2010-02-15 14:00:00,1250.1,71.0,1341.8260220385673,0,0
2010-02-15 15:00:00,1224.2,68.0,1347.2730523415973,0,0
2010-02-15 16:00:00,1315.5,67.0,1371.4415261707986,0,0
2010-02-15 17:00:00,1341.5,64.0,1378.132115702479,0,0
2010-02-15 18:00:00,1323.6,62.0,1391.578837465565,0,0
2010-02-15 19:00:00,1259.8999999999999,60.0,1379.0163581267213,0,0
2010-02-15 20:00:00,1212.8,57.0,1309.9909586776857,0,0
2010-02-15 21:00:00,1167.8,58.0,1208.5450909090907,0,0
2010-02-15 22:00:00,1001.5,57.0,845.0442809917356,0,0
2010-02-15 23:00:00,1002.8,57.0,726.4966666666667,0,0
2010-02-16 00:00:00,984.4000000000001,60.0,709.9877851239669,1,0
2010-02-16 01:00:00,985.3,56.0,698.5579449035811,1,0
2010-02-16 02:00:00,986.0,55.0,746.6137465564736,1,0
2010-02-16 03:00:00,1018.2000000000002,53.0,808.2216584022035,1,0
2010-02-16 04:00:00,997.3000000000001,58.0,810.8117741046829,1,0
2010-02-16 05:00:00,1003.0,55.0,783.4173719008264,1,0
2010-02-16 06:00:00,723.4999999999999,56.0,850.7094820936638,1,0
2010-02-16 07:00:00,1032.0,59.0,1153.3179999999998,1,0
2010-02-16 08:00:00,1028.8,71.0,1183.6339889807161,1,0
2010-02-16 09:00:00,1088.8000000000002,76.0,1230.5943691460054,1,0
2010-02-16 10:00:00,1160.8999999999999,74.0,1293.2273994490358,1,0
2010-02-16 11:00:00,1215.2,80.0,1342.9929201101927,1,0
2010-02-16 12:00:00,1242.5,77.0,1374.692170798898,1,0
2010-02-16 13:00:00,1271.1999999999998,71.0,1389.3524793388428,1,0
2010-02-16 14:00:00,1270.8000000000002,70.0,1398.4100220385676,1,0
2010-02-16 15:00:00,1244.4,71.0,1392.5890523415976,1,0
2010-02-16 16:00:00,1334.8,68.0,1405.713526170799,1,0
2010-02-16 17:00:00,1378.6,65.0,1401.9801157024795,1,0
2010-02-16 18:00:00,1334.1,63.0,1415.4548374655647,1,0
2010-02-16 19:00:00,1275.6,60.0,1401.9043581267215,1,0
2010-02-16 20:00:00,1213.3,60.0,1333.0349586776865,1,0
2010-02-16 21:00:00,1196.3,59.0,1231.4010909090907,1,0
2010-02-16 22:00:00,833.0,59.0,866.5282809917355,1,0
2010-02-16 23:00:00,1009.0,60.0,745.1166666666668,1,0
2010-02-17 00:00:00,1001.4,57.0,726.6357851239666,2,0
2010-02-17 01:00:00,1003.9000000000001,56.0,714.3419449035812,2,0
2010-02-17 02:00:00,1005.0999999999999,57.0,761.165746556474,2,0
2010-02-17 03:00:00,1020.9,55.0,820.1416584022036,2,0
2010-02-17 04:00:00,1029.4,55.0,819.2437741046833,2,0
2010-02-17 05:00:00,1014.2,54.0,789.5693719008267,2,0
2010-02-17 06:00:00,1007.0,54.0,854.1694820936639,2,0
2010-02-17 07:00:00,1027.3,59.0,1157.4659999999997,2,0
2010-02-17 08:00:00,1043.7,66.0,1187.1419889807162,2,0
2010-02-17 09:00:00,1112.9,73.0,1233.5743691460052,2,0
2010-02-17 10:00:00,1155.6,75.0,1303.3473994490357,2,0
2010-02-17 11:00:00,1206.4,75.0,1358.180920110193,2,0
2010-02-17 12:00:00,1231.1,70.0,1387.740170798898,2,0
2010-02-17 13:00:00,1269.6,68.0,1400.016479338843,2,0
2010-02-17 14:00:00,1253.0,68.0,1406.9260220385672,2,0
2010-02-17 15:00:00,1199.3000000000002,67.0,1399.0170523415977,2,0
2010-02-17 16:00:00,1267.8,65.0,1410.2255261707987,2,0
2010-02-17 17:00:00,1340.9,63.0,1403.3521157024788,2,0
2010-02-17 18:00:00,1303.9,61.0,1415.6188374655644,2,0
2010-02-17 19:00:00,1303.3,60.0,1391.7603581267215,2,0
2010-02-17 20:00:00,1213.0,59.0,1323.2389586776858,2,0
2010-02-17 21:00:00,1183.6,57.0,1220.0930909090907,2,0
2010-02-17 22:00:00,1040.0,56.0,852.6522809917353,2,0
2010-02-17 23:00:00,967.1999999999999,56.0,729.9326666666664,2,0
2010-02-18 00:00:00,954.0999999999999,55.0,709.763785123967,3,0
2010-02-18 01:00:00,961.3,55.0,693.849944903581,3,0
2010-02-18 02:00:00,970.0,57.0,737.1937465564736,3,0
2010-02-18 03:00:00,987.8,57.0,794.6816584022035,3,0
2010-02-18 04:00:00,984.1999999999999,55.0,794.2277741046832,3,0
2010-02-18 05:00:00,967.8000000000001,54.0,767.9933719008267,3,0
2010-02-18 06:00:00,987.9999999999999,53.0,833.8494820936642,3,0
2010-02-18 07:00:00,1053.1,55.0,1137.5859999999998,3,0
2010-02-18 08:00:00,1047.6999999999998,56.0,1165.7659889807162,3,0
2010-02-18 09:00:00,1090.0,59.0,1212.2503691460054,3,0
2010-02-18 10:00:00,1115.5,61.0,1282.5713994490357,3,0
2010-02-18 11:00:00,1168.4,64.0,1328.3809201101928,3,0
2010-02-18 12:00:00,1180.1,62.0,1359.4561707988985,3,0
2010-02-18 13:00:00,1167.7,61.0,1373.3884793388424,3,0
2010-02-18 14:00:00,1164.4,60.0,1381.054022038567,3,0
2010-02-18 15:00:00,1144.3,58.0,1373.969052341598,3,0
2010-02-18 16:00:00,1233.8000000000002,58.0,1386.0615261707987,3,0
2010-02-18 17:00:00,1359.9,57.0,1380.764115702479,3,0
2010-02-18 18:00:00,1297.6,56.0,1393.994837465565,3,0
2010-02-18 19:00:00,1284.1,56.0,1368.9803581267215,3,0
2010-02-18 20:00:00,1203.3000000000002,56.0,1297.9669586776859,3,0
2010-02-18 21:00:00,1184.6000000000001,56.0,1192.0170909090907,3,0
2010-02-18 22:00:00,1041.0,56.0,823.1162809917355,3,0
2010-02-18 23:00:00,948.5999999999999,56.0,697.5246666666669,3,0
2010-02-19 00:00:00,950.2,56.0,674.4037851239668,4,0
2010-02-19 01:00:00,955.4000000000001,56.0,657.6499449035807,4,0
2010-02-19 02:00:00,946.3000000000001,57.0,702.4297465564737,4,0
2010-02-19 03:00:00,973.3,56.0,762.9176584022036,4,0
2010-02-19 04:00:00,973.2,56.0,763.4077741046831,4,0
2010-02-19 05:00:00,962.0,56.0,735.8813719008264,4,0
2010-02-19 06:00:00,965.7,56.0,800.2334820936637,4,0
2010-02-19 07:00:00,1005.2,57.0,1102.594,4,0
2010-02-19 08:00:00,1011.2,57.0,1129.2379889807162,4,0
2010-02-19 09:00:00,1023.9,59.0,1175.070369146005,4,0
2010-02-19 10:00:00,1056.1,59.0,1243.2633994490361,4,0
2010-02-19 11:00:00,1056.5,60.0,1286.560920110193,4,0
2010-02-19 12:00:00,1068.3,59.0,1315.776170798898,4,0
2010-02-19 13:00:00,1095.7,60.0,1326.596479338843,4,0
2010-02-19 14:00:00,1098.4,59.0,1332.5380220385678,4,0
2010-02-19 15:00:00,1130.7,60.0,1325.4730523415978,4,0
2010-02-19 16:00:00,1202.4,58.0,1337.141526170799,4,0
2010-02-19 17:00:00,1293.6,57.0,1330.5961157024794,4,0
2010-02-19 18:00:00,1279.0,57.0,1342.9588374655646,4,0
2010-02-19 19:00:00,1243.4,57.0,1319.8163581267215,4,0
2010-02-19 20:00:00,1145.7,54.0,1250.694958677686,4,0
2010-02-19 21:00:00,1158.6,53.0,1146.6010909090908,4,0
2010-02-19 22:00:00,988.8,53.0,780.5562809917353,4,0
2010-02-19 23:00:00,886.8,53.0,658.4326666666668,4,0
2010-02-20 00:00:00,885.1,52.0,640.8837851239668,5,0
2010-02-20 01:00:00,873.7,52.0,630.5579449035811,5,0
2010-02-20 02:00:00,897.3,51.0,681.0737465564737,5,0
2010-02-20 03:00:00,950.1,51.0,745.2976584022038,5,0
2010-02-20 04:00:00,948.0999999999999,51.0,746.143774104683,5,0
2010-02-20 05:00:00,919.8,50.0,719.9053719008265,5,0
2010-02-20 06:00:00,938.1999999999999,50.0,787.0134820936639,5,0
2010-02-20 07:00:00,1029.7,53.0,1089.8220000000001,5,0
2010-02-20 08:00:00,1010.5999999999999,56.0,1119.2139889807163,5,0
2010-02-20 09:00:00,1033.8,58.0,1168.570369146005,5,0
2010-02-20 10:00:00,1061.4,59.0,1241.4953994490359,5,0
2010-02-20 11:00:00,1083.8,59.0,1290.2809201101927,5,0
2010-02-20 12:00:00,1095.7,60.0,1325.492170798898,5,0
2010-02-20 13:00:00,1144.6000000000001,60.0,1342.336479338843,5,0
2010-02-20 14:00:00,1169.8,61.0,1354.5780220385673,5,0
2010-02-20 15:00:00,1158.1,60.0,1351.373052341598,5,0
2010-02-20 16:00:00,1197.7,59.0,1367.053526170799,5,0
2010-02-20 17:00:00,1294.4,58.0,1363.9681157024797,5,0
2010-02-20 18:00:00,1281.6,58.0,1380.0708374655646,5,0
2010-02-20 19:00:00,1236.0,58.0,1356.0803581267219,5,0
2010-02-20 20:00:00,1173.6999999999998,58.0,1286.5349586776856,5,0
2010-02-20 21:00:00,1189.1,57.0,1183.0490909090904,5,0
2010-02-20 22:00:00,1081.1,55.0,817.5122809917357,5,0
2010-02-20 23:00:00,971.8,57.0,696.6166666666668,5,0
2010-02-21 00:00:00,973.2,56.0,679.9637851239668,6,0
2010-02-21 01:00:00,959.2,55.0,668.137944903581,6,0
2010-02-21 02:00:00,973.0999999999999,53.0,716.1217465564741,6,0
2010-02-21 03:00:00,997.6,54.0,777.5616584022039,6,0
2010-02-21 04:00:00,1025.2,53.0,778.2717741046831,6,0
2010-02-21 05:00:00,981.2,51.0,752.0573719008263,6,0
2010-02-21 06:00:00,989.5,52.0,819.3134820936641,6,0
2010-02-21 07:00:00,981.0,55.0,1121.47,6,0
2010-02-21 08:00:00,1024.5,57.0,1151.7499889807161,6,0
2010-02-21 09:00:00,1048.4,60.0,1194.3743691460054,6,0
2010-02-21 10:00:00,1084.0,60.0,1261.6033994490356,6,0
2010-02-21 11:00:00,1119.8,61.0,1306.1209201101929,6,0
2010-02-21 12:00:00,1145.4,62.0,1337.3881707988983,6,0
2010-02-21 13:00:00,1134.5,62.0,1350.212479338843,6,0
2010-02-21 14:00:00,1155.3999999999999,61.0,1357.742022038568,6,0
2010-02-21 15:00:00,1159.9,60.0,1349.6370523415976,6,0
2010-02-21 16:00:00,1221.7,60.0,1360.3735261707986,6,0
2010-02-21 17:00:00,1290.3,59.0,1352.7801157024796,6,0
2010-02-21 18:00:00,1286.1,58.0,1365.8148374655648,6,0
2010-02-21 19:00:00,1222.3,58.0,1341.9043581267215,6,0
2010-02-21 20:00:00,1188.5,57.0,1274.5989586776864,6,0
2010-02-21 21:00:00,1048.8,57.0,1170.9690909090905,6,0
2010-02-21 22:00:00,969.2,55.0,804.2402809917357,6,0
2010-02-21 23:00:00,957.4,56.0,682.9486666666664,6,0
2010-02-22 00:00:00,959.6,56.0,664.2837851239669,0,0
2010-02-22 01:00:00,946.8,56.0,651.4739449035812,0,0
2010-02-22 02:00:00,940.8,54.0,699.6857465564738,0,0
2010-02-22 03:00:00,950.9000000000001,54.0,761.4016584022038,0,0
2010-02-22 04:00:00,949.0999999999999,53.0,761.7437741046833,0,0
2010-02-22 05:00:00,945.5999999999999,53.0,734.5853719008263,0,0
2010-02-22 06:00:00,974.2,52.0,801.0014820936638,0,0
2010-02-22 07:00:00,1034.3,55.0,1102.3980000000001,0,0
2010-02-22 08:00:00,1031.8000000000002,61.0,1131.1139889807164,0,0
2010-02-22 09:00:00,1058.6999999999998,63.0,1177.3663691460058,0,0
2010-02-22 10:00:00,1068.8000000000002,64.0,1250.8433994490365,0,0
2010-02-22 11:00:00,1132.5,66.0,1298.5689201101927,0,0
2010-02-22 12:00:00,1131.1,67.0,1328.116170798898,0,0
2010-02-22 13:00:00,1159.6,68.0,1339.6964793388431,0,0
2010-02-22 14:00:00,1151.0,69.0,1346.7540220385677,0,0
2010-02-22 15:00:00,1152.4,68.0,1338.9490523415977,0,0
2010-02-22 16:00:00,1214.2999999999997,67.0,1350.9055261707988,0,0
2010-02-22 17:00:00,1290.6999999999998,64.0,1344.2801157024792,0,0
2010-02-22 18:00:00,1261.0,62.0,1355.8788374655646,0,0
2010-02-22 19:00:00,1207.8,59.0,1330.3803581267216,0,0
2010-02-22 20:00:00,1135.7,58.0,1259.4989586776856,0,0
2010-02-22 21:00:00,1154.3000000000002,58.0,1153.7570909090912,0,0
2010-02-22 22:00:00,985.1000000000001,54.0,785.8482809917352,0,0
2010-02-22 23:00:00,925.6999999999999,52.0,662.7606666666668,0,0
2010-02-23 00:00:00,902.2,50.0,641.7757851239669,1,0
2010-02-23 01:00:00,902.1,49.0,627.4379449035812,1,0
2010-02-23 02:00:00,916.5999999999999,50.0,680.4977465564741,1,0
2010-02-23 03:00:00,926.1,47.0,742.5976584022037,1,0
2010-02-23 04:00:00,932.9,46.0,742.1717741046837,1,0
2010-02-23 05:00:00,893.6999999999999,44.0,714.2133719008267,1,0
2010-02-23 06:00:00,902.7,45.0,779.7774820936638,1,0
2010-02-23 07:00:00,979.3000000000001,54.0,1082.2100000000003,1,0
2010-02-23 08:00:00,995.7,60.0,1111.7019889807164,1,0
2010-02-23 09:00:00,1013.2,63.0,1160.1503691460055,1,0
2010-02-23 10:00:00,1049.6000000000001,64.0,1230.0833994490358,1,0
2010-02-23 11:00:00,1072.3999999999999,64.0,1276.9449201101927,1,0
2010-02-23 12:00:00,1085.8,63.0,1308.688170798898,1,0
2010-02-23 13:00:00,1107.1,62.0,1322.8804793388429,1,0
2010-02-23 14:00:00,1297.3,63.0,1332.2340220385672,1,0
2010-02-23 15:00:00,1157.6,61.0,1326.1330523415982,1,0
2010-02-23 16:00:00,1187.6,61.0,1339.7255261707987,1,0
2010-02-23 17:00:00,1263.3000000000002,60.0,1334.7121157024794,1,0
2010-02-23 18:00:00,1240.1,59.0,1350.1028374655648,1,0
2010-02-23 19:00:00,1208.6,59.0,1328.8643581267218,1,0
2010-02-23 20:00:00,1140.6,58.0,1259.8989586776856,1,0
2010-02-23 21:00:00,1156.4,55.0,1156.4410909090905,1,0
2010-02-23 22:00:00,1002.0,55.0,792.7722809917354,1,0
2010-02-23 23:00:00,920.0,54.0,672.4686666666669,1,0
2010-02-24 00:00:00,925.4,52.0,655.7557851239669,2,0
2010-02-24 01:00:00,910.0,52.0,645.0259449035809,2,0
2010-02-24 02:00:00,929.3000000000001,52.0,694.3057465564739,2,0
2010-02-24 03:00:00,944.5,51.0,748.6616584022036,2,0
2010-02-24 04:00:00,949.0,52.0,747.0517741046833,2,0
2010-02-24 05:00:00,917.8,51.0,721.6613719008263,2,0
2010-02-24 06:00:00,945.6000000000001,53.0,790.7094820936641,2,0
2010-02-24 07:00:00,1014.3000000000001,56.0,1096.3900000000003,2,0
2010-02-24 08:00:00,988.6,57.0,1128.6339889807164,2,0
2010-02-24 09:00:00,1034.2,59.0,1178.2063691460057,2,0
2010-02-24 10:00:00,1110.1,60.0,1252.3153994490356,2,0
2010-02-24 11:00:00,1122.8000000000002,61.0,1303.7889201101932,2,0
2010-02-24 12:00:00,1132.5,60.0,1340.4361707988983,2,0
2010-02-24 13:00:00,1152.0,61.0,1359.016479338843,2,0
2010-02-24 14:00:00,1150.3000000000002,60.0,1372.9740220385675,2,0
2010-02-24 15:00:00,1110.3,57.0,1370.8410523415976,2,0
2010-02-24 16:00:00,1163.2,55.0,1386.1855261707985,2,0
2010-02-24 17:00:00,1300.8,54.0,1383.5161157024795,2,0
2010-02-24 18:00:00,1299.8,54.0,1400.2108374655645,2,0
2010-02-24 19:00:00,1268.9,54.0,1380.9363581267214,2,0
2010-02-24 20:00:00,1210.1999999999998,55.0,1314.8349586776858,2,0
2010-02-24 21:00:00,1189.4,55.0,1218.6330909090905,2,0
2010-02-24 22:00:00,1108.5,55.0,860.5922809917354,2,0
2010-02-24 23:00:00,1052.1999999999998,56.0,744.3166666666666,2,0
2010-02-25 00:00:00,1042.3000000000002,53.0,730.9637851239665,3,0
2010-02-25 01:00:00,1042.9,54.0,720.4739449035815,3,0
2010-02-25 02:00:00,1052.3,53.0,770.4817465564738,3,0
2010-02-25 03:00:00,1056.3999999999999,52.0,833.5856584022038,3,0
2010-02-25 04:00:00,1011.1999999999999,52.0,837.7597741046834,3,0
2010-02-25 05:00:00,992.5,54.0,817.2853719008266,3,0
2010-02-25 06:00:00,1002.3000000000001,53.0,887.4534820936638,3,0
2010-02-25 07:00:00,1106.2999999999997,55.0,1192.618,3,0
2010-02-25 08:00:00,1095.1999999999998,60.0,1223.8819889807164,3,0
2010-02-25 09:00:00,1208.5,62.0,1270.5943691460056,3,0
2010-02-25 10:00:00,1271.8,64.0,1340.819399449036,3,0
2010-02-25 11:00:00,1284.0,65.0,1384.6049201101928,3,0
2010-02-25 12:00:00,1266.9,65.0,1413.3481707988983,3,0
2010-02-25 13:00:00,1204.7,65.0,1424.4164793388434,3,0
2010-02-25 14:00:00,1213.4,63.0,1430.4020220385673,3,0
2010-02-25 15:00:00,1182.0,64.0,1420.7410523415977,3,0
2010-02-25 16:00:00,1260.5,62.0,1432.333526170799,3,0
2010-02-25 17:00:00,1399.3,60.0,1428.7161157024793,3,0
2010-02-25 18:00:00,1365.3,60.0,1444.5948374655645,3,0
2010-02-25 19:00:00,1315.7,59.0,1425.0403581267217,3,0
2010-02-25 20:00:00,1246.0,57.0,1357.3869586776864,3,0
2010-02-25 21:00:00,1187.5,57.0,1256.9330909090909,3,0
2010-02-25 22:00:00,1044.4,56.0,891.5722809917361,3,0
2010-02-25 23:00:00,966.5,56.0,768.4366666666667,3,0
2010-02-26 00:00:00,976.9000000000001,55.0,749.599785123967,4,0
2010-02-26 01:00:00,972.0,56.0,736.6739449035813,4,0
2010-02-26 02:00:00,985.9000000000001,56.0,786.6017465564739,4,0
2010-02-26 03:00:00,991.2,54.0,849.9936584022041,4,0
2010-02-26 04:00:00,1029.3,54.0,853.7597741046836,4,0
2010-02-26 05:00:00,1031.0,52.0,828.7333719008269,4,0
2010-02-26 06:00:00,1056.6,54.0,896.3214820936639,4,0
2010-02-26 07:00:00,1156.0,57.0,1202.1460000000002,4,0
2010-02-26 08:00:00,1148.4,63.0,1235.3059889807166,4,0
2010-02-26 09:00:00,1208.8,67.0,1284.6943691460053,4,0
2010-02-26 10:00:00,1263.1000000000001,71.0,1359.5713994490359,4,0
2010-02-26 11:00:00,1274.2,68.0,1407.8409201101929,4,0
2010-02-26 12:00:00,1291.0,68.0,1441.0401707988983,4,0
2010-02-26 13:00:00,1278.2,68.0,1455.9364793388434,4,0
2010-02-26 14:00:00,1264.1,64.0,1465.898022038568,4,0
2010-02-26 15:00:00,1252.3000000000002,63.0,1462.845052341598,4,0
2010-02-26 16:00:00,1322.0,61.0,1481.181526170799,4,0
2010-02-26 17:00:00,1382.8,61.0,1478.8441157024795,4,0
2010-02-26 18:00:00,1399.3000000000002,59.0,1493.5948374655645,4,0
2010-02-26 19:00:00,1397.7,59.0,1472.3523581267218,4,0
2010-02-26 20:00:00,1340.1999999999998,58.0,1402.826958677686,4,0
2010-02-26 21:00:00,1290.1999999999998,59.0,1299.517090909091,4,0
2010-02-26 22:00:00,1158.8,59.0,932.1162809917357,4,0
2010-02-26 23:00:00,1014.5,59.0,806.744666666667,4,0
2010-02-27 00:00:00,1002.6,59.0,783.5917851239674,5,0
2010-02-27 01:00:00,1002.3,59.0,766.2139449035815,5,0
2010-02-27 02:00:00,1014.4,57.0,809.5737465564741,5,0
2010-02-27 03:00:00,1090.0,56.0,867.9976584022038,5,0
2010-02-27 04:00:00,1132.7,56.0,865.6877741046833,5,0
2010-02-27 05:00:00,1081.1,56.0,835.9533719008265,5,0
2010-02-27 06:00:00,1066.9,57.0,902.2094820936641,5,0
2010-02-27 07:00:00,1168.1,57.0,1202.546,5,0
2010-02-27 08:00:00,1151.3000000000002,59.0,1228.0499889807165,5,0
2010-02-27 09:00:00,1190.6,56.0,1270.8823691460057,5,0
2010-02-27 10:00:00,1212.4,59.0,1337.8433994490356,5,0
2010-02-27 11:00:00,1209.6,61.0,1379.380920110193,5,0
2010-02-27 12:00:00,1173.3000000000002,60.0,1409.4081707988985,5,0
2010-02-27 13:00:00,1191.0,60.0,1421.4484793388428,5,0
2010-02-27 14:00:00,1173.4,58.0,1428.0820220385676,5,0
2010-02-27 15:00:00,1178.8000000000002,57.0,1420.061052341598,5,0
2010-02-27 16:00:00,1240.3999999999999,56.0,1429.6575261707992,5,0
2010-02-27 17:00:00,1326.6,56.0,1418.9121157024792,5,0
2010-02-27 18:00:00,1349.5,54.0,1428.2868374655645,5,0
2010-02-27 19:00:00,1294.5,54.0,1401.7163581267218,5,0
2010-02-27 20:00:00,1230.8,52.0,1328.0829586776858,5,0
2010-02-27 21:00:00,1220.5,51.0,1219.5130909090908,5,0
2010-02-27 22:00:00,1063.6,51.0,847.6162809917355,5,0
2010-02-27 23:00:00,960.5999999999999,50.0,721.1046666666664,5,0
2010-02-28 00:00:00,971.3,50.0,700.4477851239672,6,0
2010-02-28 01:00:00,956.5999999999999,53.0,686.5459449035811,6,0
2010-02-28 02:00:00,961.5,54.0,733.9297465564737,6,0
2010-02-28 03:00:00,994.3,55.0,795.237658402204,6,0
2010-02-28 04:00:00,1013.0,49.0,795.2877741046834,6,0
2010-02-28 05:00:00,974.3,48.0,769.3013719008264,6,0
2010-02-28 06:00:00,982.6,47.0,835.7574820936641,6,0
2010-02-28 07:00:00,1045.2,53.0,1135.1620000000003,6,0
2010-02-28 08:00:00,1060.7,56.0,1163.3139889807162,6,0
2010-02-28 09:00:00,1062.0,59.0,1205.6543691460056,6,0
2010-02-28 10:00:00,1081.8,61.0,1273.715399449036,6,0
2010-02-28 11:00:00,1130.4,63.0,1321.480920110193,6,0
2010-02-28 12:00:00,1171.1,63.0,1354.916170798898,6,0
2010-02-28 13:00:00,1160.2,63.0,1369.5524793388429,6,0
2010-02-28 14:00:00,1186.8,62.0,1378.3100220385681,6,0
2010-02-28 15:00:00,1160.2,62.0,1372.2210523415977,6,0
2010-02-28 16:00:00,1225.9,60.0,1383.977526170799,6,0
2010-02-28 17:00:00,1338.7000000000003,59.0,1376.0481157024792,6,0
2010-02-28 18:00:00,1298.3000000000002,59.0,1388.7508374655645,6,0
2010-02-28 19:00:00,1221.3999999999999,56.0,1364.0003581267215,6,0
2010-02-28 20:00:00,1193.7999999999997,55.0,1293.826958677686,6,0
2010-02-28 21:00:00,1098.8,55.0,1188.177090909091,6,0
2010-02-28 22:00:00,1021.4000000000001,54.0,818.0762809917355,6,0
2010-02-28 23:00:00,1021.0999999999999,54.0,696.1366666666665,6,0
2010-03-01 00:00:00,1002.6,53.0,676.1157851239668,0,0
2010-03-01 01:00:00,990.2,53.0,660.7299449035811,0,0
2010-03-01 02:00:00,968.9,52.0,705.509746556474,0,0
2010-03-01 03:00:00,989.6999999999999,51.0,762.8656584022042,0,0
2010-03-01 04:00:00,971.3,50.0,761.0677741046834,0,0
2010-03-01 05:00:00,925.0,50.0,732.481371900827,0,0
2010-03-01 06:00:00,959.0,51.0,795.9334820936638,0,0
2010-03-01 07:00:00,1006.4,56.0,1097.082,0,0
2010-03-01 08:00:00,1024.3000000000002,60.0,1125.8139889807162,0,0
2010-03-01 09:00:00,1044.4,62.0,1170.5663691460059,0,0
2010-03-01 10:00:00,998.0999999999999,64.0,1241.351399449036,0,0
2010-03-01 11:00:00,1114.1,63.0,1285.912920110193,0,0
2010-03-01 12:00:00,1107.8,65.0,1312.2961707988984,0,0
2010-03-01 13:00:00,1120.9,63.0,1322.000479338843,0,0
2010-03-01 14:00:00,1090.8999999999999,62.0,1325.8140220385671,0,0
2010-03-01 15:00:00,1074.8,62.0,1316.053052341598,0,0
2010-03-01 16:00:00,1161.1000000000001,60.0,1325.429526170799,0,0
2010-03-01 17:00:00,1259.2,59.0,1316.9681157024797,0,0
2010-03-01 18:00:00,1235.3,58.0,1329.386837465565,0,0
2010-03-01 19:00:00,1213.8,58.0,1304.992358126722,0,0
2010-03-01 20:00:00,1135.1999999999998,56.0,1235.7949586776863,0,0
2010-03-01 21:00:00,1122.1,56.0,1131.0210909090908,0,0
2010-03-01 22:00:00,967.8000000000001,56.0,761.0242809917356,0,0
2010-03-01 23:00:00,898.8000000000001,55.0,641.020666666667,0,0
2010-03-02 00:00:00,886.8,54.0,621.0717851239672,1,0
2010-03-02 01:00:00,898.2,55.0,606.0819449035812,1,0
2010-03-02 02:00:00,878.9,55.0,652.7137465564742,1,0
2010-03-02 03:00:00,905.3,56.0,714.3016584022039,1,0
2010-03-02 04:00:00,907.1999999999999,56.0,715.1197741046833,1,0
2010-03-02 05:00:00,870.0,56.0,689.7413719008265,1,0
2010-03-02 06:00:00,902.5999999999999,57.0,757.0774820936642,1,0
2010-03-02 07:00:00,991.7,57.0,1061.1700000000003,1,0
2010-03-02 08:00:00,1009.9000000000001,59.0,1090.5899889807165,1,0
2010-03-02 09:00:00,1029.9,60.0,1138.074369146006,1,0
2010-03-02 10:00:00,983.1,61.0,1208.8273994490357,1,0
2010-03-02 11:00:00,1078.8,62.0,1256.0729201101933,1,0
2010-03-02 12:00:00,1093.3000000000002,64.0,1288.876170798898,1,0
2010-03-02 13:00:00,1067.5,63.0,1304.0684793388427,1,0
2010-03-02 14:00:00,1097.9,62.0,1312.3980220385674,1,0
2010-03-02 15:00:00,1084.7000000000003,61.0,1307.421052341598,1,0
2010-03-02 16:00:00,1141.1,60.0,1321.3935261707989,1,0
2010-03-02 17:00:00,1274.6000000000001,59.0,1316.9801157024795,1,0
2010-03-02 18:00:00,1252.9,59.0,1332.7748374655653,1,0
2010-03-02 19:00:00,1224.4,59.0,1312.7803581267217,1,0
2010-03-02 20:00:00,1144.8,57.0,1245.9109586776858,1,0
2010-03-02 21:00:00,1131.8,58.0,1143.737090909091,1,0
2010-03-02 22:00:00,990.3000000000002,58.0,776.7122809917357,1,0
2010-03-02 23:00:00,912.3000000000001,57.0,658.444666666667,1,0
2010-03-03 00:00:00,925.0000000000001,56.0,639.4877851239669,2,0
2010-03-03 01:00:00,919.6,55.0,626.2859449035811,2,0
2010-03-03 02:00:00,899.8,55.0,674.0657465564739,2,0
2010-03-03 03:00:00,934.9,55.0,735.5416584022037,2,0
2010-03-03 04:00:00,937.7,53.0,735.5117741046831,2,0
2010-03-03 05:00:00,907.1,53.0,710.5133719008264,2,0
2010-03-03 06:00:00,932.0,54.0,777.5374820936643,2,0
2010-03-03 07:00:00,1045.3,58.0,1081.3260000000002,2,0
2010-03-03 08:00:00,1053.4,59.0,1110.2059889807163,2,0
2010-03-03 09:00:00,1080.5,62.0,1156.7303691460056,2,0
2010-03-03 10:00:00,1042.9,62.0,1226.383399449036,2,0
2010-03-03 11:00:00,1107.2,62.0,1272.728920110193,2,0
2010-03-03 12:00:00,1082.8,62.0,1304.328170798898,2,0
2010-03-03 13:00:00,1097.7,61.0,1317.8804793388429,2,0
2010-03-03 14:00:00,1073.2,61.0,1325.3020220385674,2,0
2010-03-03 15:00:00,1088.9,60.0,1319.3610523415975,2,0
2010-03-03 16:00:00,1129.8,59.0,1331.8775261707992,2,0
2010-03-03 17:00:00,1264.1,58.0,1325.0161157024795,2,0
2010-03-03 18:00:00,1260.5,58.0,1337.9308374655648,2,0
2010-03-03 19:00:00,1234.4,58.0,1313.9803581267213,2,0
2010-03-03 20:00:00,1141.9,57.0,1243.3629586776865,2,0
2010-03-03 21:00:00,1117.3999999999999,56.0,1137.8450909090907,2,0
2010-03-03 22:00:00,972.4999999999999,56.0,769.6962809917354,2,0
2010-03-03 23:00:00,912.3000000000001,56.0,647.8286666666668,2,0
2010-03-04 00:00:00,908.4000000000001,53.0,628.5757851239669,3,0
2010-03-04 01:00:00,916.8000000000001,52.0,616.2859449035814,3,0
2010-03-04 02:00:00,898.5,51.0,664.3417465564739,3,0
2010-03-04 03:00:00,931.7,49.0,726.0696584022037,3,0
2010-03-04 04:00:00,930.9,49.0,725.5677741046832,3,0
2010-03-04 05:00:00,876.3999999999999,48.0,701.6253719008265,3,0
2010-03-04 06:00:00,897.1,48.0,769.3374820936638,3,0
2010-03-04 07:00:00,975.8,52.0,1073.0140000000001,3,0
2010-03-04 08:00:00,1013.3,55.0,1101.6979889807162,3,0
2010-03-04 09:00:00,1040.4,58.0,1148.3463691460058,3,0
2010-03-04 10:00:00,1065.4,56.0,1221.155399449036,3,0
2010-03-04 11:00:00,1077.0,59.0,1270.528920110193,3,0
2010-03-04 12:00:00,1103.8000000000002,60.0,1304.1921707988984,3,0
2010-03-04 13:00:00,1110.0,59.0,1320.8884793388431,3,0
2010-03-04 14:00:00,1110.3000000000002,60.0,1330.8780220385675,3,0
2010-03-04 15:00:00,1070.5,59.0,1326.6810523415977,3,0
2010-03-04 16:00:00,1122.1999999999998,59.0,1341.7855261707987,3,0
2010-03-04 17:00:00,1279.2,57.0,1337.5321157024791,3,0
2010-03-04 18:00:00,1267.2,57.0,1354.1548374655645,3,0
2010-03-04 19:00:00,1239.2,55.0,1331.3923581267218,3,0
2010-03-04 20:00:00,1147.0,54.0,1261.8749586776862,3,0
2010-03-04 21:00:00,1117.6,53.0,1157.7570909090907,3,0
2010-03-04 22:00:00,1037.0,52.0,791.0482809917357,3,0
2010-03-04 23:00:00,970.2,51.0,669.0206666666668,3,0
2010-03-05 00:00:00,960.0,50.0,649.8277851239668,4,0
2010-03-05 01:00:00,978.8,50.0,637.0379449035813,4,0
2010-03-05 02:00:00,959.9000000000001,48.0,682.7097465564741,4,0
2010-03-05 03:00:00,974.0,49.0,743.621658402204,4,0
2010-03-05 04:00:00,992.4000000000001,48.0,743.6037741046835,4,0
2010-03-05 05:00:00,934.8,48.0,719.2693719008265,4,0
2010-03-05 06:00:00,959.1,48.0,785.289482093664,4,0
2010-03-05 07:00:00,970.6,54.0,1087.63,4,0
2010-03-05 08:00:00,971.3,57.0,1116.2819889807165,4,0
2010-03-05 09:00:00,1035.3,60.0,1163.1623691460054,4,0
2010-03-05 10:00:00,1061.3000000000002,62.0,1232.0833994490358,4,0
2010-03-05 11:00:00,1095.5,63.0,1274.008920110193,4,0
2010-03-05 12:00:00,1075.1,64.0,1300.2961707988982,4,0
2010-03-05 13:00:00,1118.5,62.0,1309.4244793388427,4,0
2010-03-05 14:00:00,1063.0,60.0,1312.2260220385674,4,0
2010-03-05 15:00:00,1087.2,60.0,1302.5330523415978,4,0
2010-03-05 16:00:00,1115.9,58.0,1312.413526170799,4,0
2010-03-05 17:00:00,1261.8,57.0,1301.6201157024793,4,0
2010-03-05 18:00:00,1240.0,57.0,1312.4708374655647,4,0
2010-03-05 19:00:00,1212.5,57.0,1287.6643581267217,4,0
2010-03-05 20:00:00,1151.0,55.0,1218.2109586776858,4,0
2010-03-05 21:00:00,1128.5,55.0,1115.7930909090908,4,0
2010-03-05 22:00:00,940.0,54.0,747.5362809917357,4,0
2010-03-05 23:00:00,848.5,54.0,623.1486666666666,4,0
2010-03-06 00:00:00,833.5,53.0,601.6317851239669,5,0
2010-03-06 01:00:00,841.2,53.0,586.4779449035809,5,0
2010-03-06 02:00:00,842.1999999999999,52.0,630.8017465564737,5,0
2010-03-06 03:00:00,898.0,53.0,691.4816584022037,5,0
2010-03-06 04:00:00,904.1,54.0,688.8957741046831,5,0
2010-03-06 05:00:00,832.8,53.0,662.8573719008266,5,0
2010-03-06 06:00:00,873.2,53.0,728.1374820936638,5,0
2010-03-06 07:00:00,981.5,56.0,1030.1740000000002,5,0
2010-03-06 08:00:00,967.7,57.0,1058.6459889807163,5,0
2010-03-06 09:00:00,1035.8,57.0,1104.1143691460056,5,0
2010-03-06 10:00:00,1017.5,54.0,1172.351399449036,5,0
2010-03-06 11:00:00,1032.4,56.0,1217.9369201101927,5,0
2010-03-06 12:00:00,1035.5,59.0,1249.0081707988982,5,0
2010-03-06 13:00:00,1030.7,60.0,1263.1484793388431,5,0
2010-03-06 14:00:00,1037.8000000000002,60.0,1270.6820220385675,5,0
2010-03-06 15:00:00,1034.1,60.0,1263.137052341598,5,0
2010-03-06 16:00:00,1068.4,59.0,1273.477526170799,5,0
2010-03-06 17:00:00,1212.9,52.0,1265.4401157024795,5,0
2010-03-06 18:00:00,1204.1,52.0,1279.8468374655647,5,0
2010-03-06 19:00:00,1177.7000000000003,52.0,1255.6323581267218,5,0
2010-03-06 20:00:00,1119.8000000000002,52.0,1184.3189586776862,5,0
2010-03-06 21:00:00,1097.2,51.0,1080.3770909090908,5,0
2010-03-06 22:00:00,933.8,51.0,711.3562809917353,5,0
2010-03-06 23:00:00,843.0,51.0,589.5766666666668,5,0
2010-03-07 00:00:00,831.4,50.0,572.0077851239666,6,0
2010-03-07 01:00:00,840.0,50.0,560.5819449035816,6,0
2010-03-07 02:00:00,822.9000000000001,49.0,610.8137465564735,6,0
2010-03-07 03:00:00,834.0,49.0,675.2616584022041,6,0
2010-03-07 04:00:00,839.6,50.0,677.8037741046833,6,0
2010-03-07 05:00:00,813.4000000000001,49.0,656.2133719008266,6,0
2010-03-07 06:00:00,860.0999999999999,51.0,724.981482093664,6,0
2010-03-07 07:00:00,910.4,54.0,1027.4060000000002,6,0
2010-03-07 08:00:00,932.1,56.0,1057.7539889807163,6,0
2010-03-07 09:00:00,994.1000000000001,60.0,1099.5383691460054,6,0
2010-03-07 10:00:00,998.8999999999999,62.0,1168.0353994490356,6,0
2010-03-07 11:00:00,1053.8,60.0,1215.576920110193,6,0
2010-03-07 12:00:00,1071.1000000000001,62.0,1248.324170798898,6,0
2010-03-07 13:00:00,1084.3,63.0,1264.2124793388432,6,0
2010-03-07 14:00:00,1097.6999999999998,66.0,1273.798022038567,6,0
2010-03-07 15:00:00,1103.1000000000001,64.0,1269.4010523415977,6,0
2010-03-07 16:00:00,1143.5,65.0,1284.885526170799,6,0
2010-03-07 17:00:00,1276.6,61.0,1280.5361157024797,6,0
2010-03-07 18:00:00,1242.4,61.0,1296.8148374655648,6,0
2010-03-07 19:00:00,1151.5,58.0,1276.9483581267218,6,0
2010-03-07 20:00:00,1131.9,56.0,1211.1909586776858,6,0
2010-03-07 21:00:00,973.8999999999999,57.0,1110.4970909090905,6,0
2010-03-07 22:00:00,909.0,53.0,745.4802809917353,6,0
2010-03-07 23:00:00,885.7,53.0,625.2926666666671,6,0
2010-03-08 00:00:00,867.8,52.0,605.5077851239666,0,0
2010-03-08 01:00:00,881.6,52.0,592.1739449035813,0,0
2010-03-08 02:00:00,873.0,51.0,639.225746556474,0,0
2010-03-08 03:00:00,893.4000000000001,53.0,699.641658402204,0,0
2010-03-08 04:00:00,904.1999999999999,52.0,698.363774104683,0,0
2010-03-08 05:00:00,841.1,54.0,672.8973719008263,0,0
2010-03-08 06:00:00,887.5,55.0,738.8014820936643,0,0
2010-03-08 07:00:00,1006.0,57.0,1041.574,0,0
2010-03-08 08:00:00,999.9000000000001,58.0,1072.7659889807162,0,0
2010-03-08 09:00:00,1039.6999999999998,60.0,1119.4703691460056,0,0
2010-03-08 10:00:00,1057.3,61.0,1197.5433994490356,0,0
2010-03-08 11:00:00,1075.0,62.0,1248.6689201101926,0,0
2010-03-08 12:00:00,1037.1,61.0,1282.6921707988981,0,0
2010-03-08 13:00:00,1072.2,61.0,1299.4004793388428,0,0
2010-03-08 14:00:00,1071.8,61.0,1309.9140220385675,0,0
2010-03-08 15:00:00,1062.1999999999998,60.0,1306.0650523415977,0,0
2010-03-08 16:00:00,1117.0,59.0,1321.3495261707985,0,0
2010-03-08 17:00:00,1254.8,58.0,1316.9001157024795,0,0
2010-03-08 18:00:00,1234.5,57.0,1334.978837465565,0,0
2010-03-08 19:00:00,1198.5,57.0,1311.4603581267215,0,0
2010-03-08 20:00:00,1126.8,57.0,1240.266958677686,0,0
2010-03-08 21:00:00,1109.0,56.0,1135.2570909090905,0,0
2010-03-08 22:00:00,1025.1,54.0,766.1682809917354,0,0
2010-03-08 23:00:00,950.5,51.0,641.7086666666664,0,0
2010-03-09 00:00:00,942.4,52.0,620.7797851239666,1,0
2010-03-09 01:00:00,938.5,51.0,607.9259449035812,1,0
2010-03-09 02:00:00,937.8000000000001,51.0,655.4137465564738,1,0
2010-03-09 03:00:00,957.1999999999999,50.0,714.765658402204,1,0
2010-03-09 04:00:00,958.5999999999999,49.0,711.4517741046834,1,0
2010-03-09 05:00:00,903.1999999999999,47.0,684.8893719008266,1,0
2010-03-09 06:00:00,960.2,48.0,749.9374820936634,1,0
2010-03-09 07:00:00,942.0999999999999,52.0,1051.4740000000002,1,0
2010-03-09 08:00:00,959.6,55.0,1079.281988980716,1,0
2010-03-09 09:00:00,999.5999999999999,55.0,1124.8983691460057,1,0
2010-03-09 10:00:00,1001.1,57.0,1193.9513994490358,1,0
2010-03-09 11:00:00,1026.6,58.0,1236.4729201101927,1,0
2010-03-09 12:00:00,1029.7,58.0,1263.5881707988979,1,0
2010-03-09 13:00:00,1050.1999999999998,58.0,1272.7764793388428,1,0
2010-03-09 14:00:00,1070.6,62.0,1276.4420220385673,1,0
2010-03-09 15:00:00,1009.6999999999999,57.0,1265.793052341598,1,0
2010-03-09 16:00:00,1025.2,58.0,1274.2535261707985,1,0
2010-03-09 17:00:00,1200.9,55.0,1262.6001157024796,1,0
2010-03-09 18:00:00,1191.3,54.0,1274.0668374655647,1,0
2010-03-09 19:00:00,1159.7,54.0,1246.1643581267215,1,0
2010-03-09 20:00:00,1089.2,54.0,1175.9429586776857,1,0
2010-03-09 21:00:00,1076.7,53.0,1071.213090909091,1,0
2010-03-09 22:00:00,934.6999999999999,51.0,704.3362809917354,1,0
2010-03-09 23:00:00,851.5000000000001,53.0,583.0006666666666,1,0
2010-03-10 00:00:00,834.5,52.0,564.5237851239671,2,0
2010-03-10 01:00:00,825.1,50.0,552.1779449035812,2,0
2010-03-10 02:00:00,823.4999999999999,50.0,600.0857465564739,2,0
2010-03-10 03:00:00,852.0,50.0,661.825658402204,2,0
2010-03-10 04:00:00,851.8,50.0,662.9557741046831,2,0
2010-03-10 05:00:00,777.5,50.0,641.5893719008266,2,0
2010-03-10 06:00:00,857.0,50.0,709.5174820936636,2,0
2010-03-10 07:00:00,905.2,53.0,1013.726,2,0
2010-03-10 08:00:00,920.0,54.0,1043.2299889807161,2,0
2010-03-10 09:00:00,966.3,57.0,1090.9343691460056,2,0
2010-03-10 10:00:00,1016.3,57.0,1161.447399449036,2,0
2010-03-10 11:00:00,1048.5,58.0,1208.2609201101925,2,0
2010-03-10 12:00:00,1042.6,60.0,1240.444170798898,2,0
2010-03-10 13:00:00,1055.5,60.0,1255.184479338843,2,0
2010-03-10 14:00:00,1059.1,60.0,1264.2300220385673,2,0
2010-03-10 15:00:00,1068.1999999999998,60.0,1258.8570523415976,2,0
2010-03-10 16:00:00,1083.8,62.0,1272.553526170799,2,0
2010-03-10 17:00:00,1239.0,58.0,1265.7121157024794,2,0
2010-03-10 18:00:00,1209.4,56.0,1282.4708374655647,2,0
2010-03-10 19:00:00,1183.3,55.0,1259.4083581267219,2,0
2010-03-10 20:00:00,1092.8,54.0,1191.282958677686,2,0
2010-03-10 21:00:00,1091.3,53.0,1088.381090909091,2,0
2010-03-10 22:00:00,938.9000000000001,54.0,723.2322809917353,2,0
2010-03-10 23:00:00,868.4000000000001,54.0,601.4006666666668,2,0
2010-03-11 00:00:00,862.2,52.0,583.1277851239671,3,0
2010-03-11 01:00:00,856.0,52.0,572.0139449035812,3,0
2010-03-11 02:00:00,844.6,49.0,622.1817465564739,3,0
2010-03-11 03:00:00,869.5999999999999,48.0,685.2656584022036,3,0
2010-03-11 04:00:00,877.5,47.0,684.691774104683,3,0
2010-03-11 05:00:00,791.0,46.0,662.7133719008261,3,0
2010-03-11 06:00:00,863.5999999999999,48.0,730.4534820936639,3,0
2010-03-11 07:00:00,923.0,54.0,1035.138,3,0
2010-03-11 08:00:00,935.5,59.0,1065.4739889807163,3,0
2010-03-11 09:00:00,972.4,61.0,1114.0583691460056,3,0
2010-03-11 10:00:00,1026.1999999999998,62.0,1184.6953994490354,3,0
2010-03-11 11:00:00,1051.3,64.0,1232.1809201101928,3,0
2010-03-11 12:00:00,1069.6,64.0,1262.556170798898,3,0
2010-03-11 13:00:00,1099.2,63.0,1275.500479338843,3,0
2010-03-11 14:00:00,1120.9,64.0,1282.8180220385675,3,0
2010-03-11 15:00:00,1090.3,63.0,1275.9930523415974,3,0
2010-03-11 16:00:00,1099.6999999999998,62.0,1287.9295261707987,3,0
2010-03-11 17:00:00,1282.3,59.0,1279.4361157024794,3,0
2010-03-11 18:00:00,1242.8000000000002,57.0,1297.2908374655647,3,0
2010-03-11 19:00:00,1213.3,56.0,1277.8323581267214,3,0
2010-03-11 20:00:00,1137.2,54.0,1212.310958677686,3,0
2010-03-11 21:00:00,1116.9,52.0,1111.1730909090907,3,0
2010-03-11 22:00:00,956.6,53.0,743.0242809917355,3,0
2010-03-11 23:00:00,889.4,52.0,618.1566666666666,3,0
2010-03-12 00:00:00,833.9,50.0,598.8877851239669,4,0
2010-03-12 01:00:00,838.8,48.0,584.2339449035815,4,0
2010-03-12 02:00:00,832.3000000000001,48.0,628.9497465564739,4,0
2010-03-12 03:00:00,854.3999999999999,48.0,688.2256584022036,4,0
2010-03-12 04:00:00,851.0999999999999,47.0,685.3677741046833,4,0
2010-03-12 05:00:00,775.4,46.0,660.4293719008266,4,0
2010-03-12 06:00:00,904.5,49.0,725.1894820936639,4,0
2010-03-12 07:00:00,1019.6999999999999,56.0,1026.758,4,0
2010-03-12 08:00:00,1018.4000000000001,62.0,1054.357988980716,4,0
2010-03-12 09:00:00,1032.0,64.0,1099.2743691460055,4,0
2010-03-12 10:00:00,957.3,64.0,1170.155399449036,4,0
2010-03-12 11:00:00,985.3,64.0,1217.0729201101926,4,0
2010-03-12 12:00:00,1047.5,63.0,1247.8081707988981,4,0
2010-03-12 13:00:00,1037.6999999999998,62.0,1263.0084793388428,4,0
2010-03-12 14:00:00,1028.3,63.0,1273.3180220385675,4,0
2010-03-12 15:00:00,1056.9,61.0,1273.053052341598,4,0
2010-03-12 16:00:00,1064.6999999999998,60.0,1291.981526170799,4,0
2010-03-12 17:00:00,1224.2,58.0,1290.7281157024795,4,0
2010-03-12 18:00:00,1211.6,57.0,1312.3508374655646,4,0
2010-03-12 19:00:00,1168.8,56.0,1291.6043581267218,4,0
2010-03-12 20:00:00,1098.8000000000002,56.0,1217.478958677686,4,0
2010-03-12 21:00:00,1069.6,54.0,1108.4170909090913,4,0
2010-03-12 22:00:00,988.3,52.0,738.1122809917357,4,0
2010-03-12 23:00:00,892.9000000000001,52.0,614.8086666666668,4,0
2010-03-13 00:00:00,863.9000000000001,52.0,596.3957851239667,5,0
2010-03-13 01:00:00,866.9,51.0,581.8019449035812,5,0
2010-03-13 02:00:00,889.9,50.0,629.3417465564739,5,0
2010-03-13 03:00:00,1006.0999999999999,50.0,691.065658402204,5,0
2010-03-13 04:00:00,1010.7,51.0,688.0837741046832,5,0
2010-03-13 05:00:00,930.0,50.0,664.6893719008266,5,0
2010-03-13 06:00:00,983.1,50.0,730.5134820936638,5,0
2010-03-13 07:00:00,1028.4,56.0,1032.9460000000001,5,0
2010-03-13 08:00:00,900.0,58.0,1062.1619889807164,5,0
2010-03-13 09:00:00,916.8,58.0,1109.1903691460057,5,0
2010-03-13 10:00:00,963.0,60.0,1178.615399449036,5,0
2010-03-13 11:00:00,955.5,60.0,1221.0809201101927,5,0
2010-03-13 12:00:00,1002.9,60.0,1248.4521707988981,5,0
2010-03-13 13:00:00,1017.1,61.0,1259.632479338843,5,0
2010-03-13 14:00:00,1037.4,61.0,1265.0420220385674,5,0
2010-03-13 15:00:00,1025.5,60.0,1254.9810523415974,5,0
2010-03-13 16:00:00,1028.2,60.0,1261.077526170799,5,0
2010-03-13 17:00:00,1227.8000000000002,58.0,1251.6161157024794,5,0
2010-03-13 18:00:00,1180.1,56.0,1263.8068374655645,5,0
2010-03-13 19:00:00,1159.1999999999998,57.0,1235.5243581267218,5,0
2010-03-13 20:00:00,1094.7,57.0,1164.7949586776858,5,0
2010-03-13 21:00:00,1084.0,55.0,1064.7370909090907,5,0
2010-03-13 22:00:00,904.6,54.0,701.6162809917355,5,0
2010-03-13 23:00:00,813.3,52.0,581.1766666666664,5,0
2010-03-14 00:00:00,783.3,52.0,566.4077851239668,6,0
2010-03-14 01:00:00,796.4,51.0,557.0579449035813,6,0
2010-03-14 02:00:00,795.5,51.0,608.801746556474,6,0
2010-03-14 03:00:00,818.8,49.0,673.3216584022039,6,0
2010-03-14 04:00:00,841.6,48.0,673.8637741046832,6,0
2010-03-14 05:00:00,884.4,47.0,644.8893719008266,6,0
2010-03-14 06:00:00,901.9000000000001,47.0,711.3614820936638,6,0
2010-03-14 07:00:00,918.5999999999999,49.0,1014.11,6,0
2010-03-14 08:00:00,993.5999999999999,55.0,1043.317988980716,6,0
2010-03-14 09:00:00,1023.5,59.0,1084.3703691460055,6,0
2010-03-14 10:00:00,1027.4,63.0,1151.6193994490357,6,0
2010-03-14 11:00:00,1032.8000000000002,63.0,1202.628920110193,6,0
2010-03-14 12:00:00,1064.2,61.0,1238.796170798898,6,0
2010-03-14 13:00:00,1103.6,62.0,1258.3044793388428,6,0
2010-03-14 14:00:00,1121.9,63.0,1269.4020220385673,6,0
2010-03-14 15:00:00,1104.5,65.0,1267.8410523415978,6,0
2010-03-14 16:00:00,1084.9,64.0,1286.6615261707989,6,0
2010-03-14 17:00:00,1051.8,62.0,1282.4441157024794,6,0
2010-03-14 18:00:00,1199.9,60.0,1298.4588374655646,6,0
2010-03-14 19:00:00,1135.6,57.0,1277.4603581267215,6,0
2010-03-14 20:00:00,1084.9,56.0,1207.7949586776863,6,0
2010-03-14 21:00:00,930.5,55.0,1103.2370909090907,6,0
2010-03-14 22:00:00,864.6000000000001,54.0,732.6402809917355,6,0
2010-03-14 23:00:00,943.2,53.0,608.4006666666664,6,0
2010-03-15 00:00:00,923.5999999999999,52.0,589.0237851239671,0,0
2010-03-15 01:00:00,924.0,52.0,577.4819449035813,0,0
2010-03-15 02:00:00,867.1999999999999,52.0,626.2217465564734,0,0
2010-03-15 03:00:00,936.9,50.0,692.497658402204,0,0
2010-03-15 04:00:00,972.4,51.0,691.8317741046833,0,0
2010-03-15 05:00:00,846.4,49.0,666.3693719008262,0,0
2010-03-15 06:00:00,951.9000000000001,50.0,743.7654820936639,0,0
2010-03-15 07:00:00,1019.5000000000001,52.0,1049.79,0,0
2010-03-15 08:00:00,910.4000000000001,61.0,1082.349988980716,0,0
2010-03-15 09:00:00,1004.6,68.0,1130.0943691460056,0,0
2010-03-15 10:00:00,947.2,71.0,1208.075399449036,0,0
2010-03-15 11:00:00,1002.2,74.0,1258.928920110193,0,0
2010-03-15 12:00:00,1026.3,80.0,1287.8001707988979,0,0
2010-03-15 13:00:00,1110.1,74.0,1300.328479338843,0,0
2010-03-15 14:00:00,1133.3000000000002,75.0,1305.9820220385675,0,0
2010-03-15 15:00:00,1232.9,74.0,1299.053052341598,0,0
2010-03-15 16:00:00,1133.7,75.0,1309.829526170799,0,0
2010-03-15 17:00:00,1196.3,74.0,1301.8041157024793,0,0
2010-03-15 18:00:00,1297.0,70.0,1316.0748374655645,0,0
2010-03-15 19:00:00,1237.3000000000002,67.0,1291.1163581267217,0,0
2010-03-15 20:00:00,1145.1,63.0,1218.186958677686,0,0
2010-03-15 21:00:00,1088.0,64.0,1117.7850909090912,0,0
2010-03-15 22:00:00,979.4,63.0,755.0282809917355,0,0
2010-03-15 23:00:00,899.3,63.0,641.8766666666666,0,0
2010-03-16 00:00:00,871.0999999999999,62.0,632.5637851239671,1,0
2010-03-16 01:00:00,889.8,63.0,633.5699449035815,1,0
2010-03-16 02:00:00,858.7,58.0,694.9857465564739,1,0
2010-03-16 03:00:00,874.4000000000001,57.0,767.7336584022041,1,0
2010-03-16 04:00:00,889.4,60.0,776.1837741046836,1,0
2010-03-16 05:00:00,882.0,58.0,758.7573719008266,1,0
2010-03-16 06:00:00,870.3,57.0,833.7734820936641,1,0
2010-03-16 07:00:00,970.5,59.0,1139.474,1,0
2010-03-16 08:00:00,929.7,66.0,1169.8739889807161,1,0
2010-03-16 09:00:00,1025.3,76.0,1217.6703691460054,1,0
2010-03-16 10:00:00,1124.3,82.0,1296.035399449036,1,0
2010-03-16 11:00:00,1199.2,82.0,1350.9689201101928,1,0
2010-03-16 12:00:00,1247.3000000000002,84.0,1392.3681707988985,1,0
2010-03-16 13:00:00,1385.9,85.0,1416.672479338843,1,0
2010-03-16 14:00:00,1456.7,82.0,1434.2340220385677,1,0
2010-03-16 15:00:00,1406.1,80.0,1436.0930523415977,1,0
2010-03-16 16:00:00,1490.0,79.0,1458.353526170799,1,0
2010-03-16 17:00:00,1446.0,78.0,1462.3121157024793,1,0
2010-03-16 18:00:00,1382.0,74.0,1487.306837465565,1,0
2010-03-16 19:00:00,1326.3000000000002,72.0,1473.6323581267218,1,0
2010-03-16 20:00:00,1192.8,67.0,1409.6629586776858,1,0
2010-03-16 21:00:00,1149.5,65.0,1314.7130909090909,1,0
2010-03-16 22:00:00,1146.5,65.0,953.0202809917357,1,0
2010-03-16 23:00:00,1116.1,65.0,833.9606666666668,1,0
2010-03-17 00:00:00,1140.4,64.0,821.9557851239672,2,0
2010-03-17 01:00:00,1131.6999999999998,66.0,813.8019449035812,2,0
2010-03-17 02:00:00,1122.2,64.0,862.913746556474,2,0
2010-03-17 03:00:00,1085.6,63.0,922.7976584022038,2,0
2010-03-17 04:00:00,1114.0,60.0,920.0397741046831,2,0
2010-03-17 05:00:00,1098.6,63.0,883.3093719008267,2,0
2010-03-17 06:00:00,1174.0,59.0,949.4934820936642,2,0
2010-03-17 07:00:00,1171.0,63.0,1254.022,2,0
2010-03-17 08:00:00,1104.6999999999998,70.0,1282.3099889807165,2,0
2010-03-17 09:00:00,1180.9,77.0,1327.5983691460056,2,0
2010-03-17 10:00:00,1171.6,81.0,1398.583399449036,2,0
2010-03-17 11:00:00,1228.6,82.0,1438.936920110193,2,0
2010-03-17 12:00:00,1377.0,83.0,1462.5561707988982,2,0
2010-03-17 13:00:00,1377.9,78.0,1469.200479338843,2,0
2010-03-17 14:00:00,1424.9,78.0,1469.5580220385673,2,0
2010-03-17 15:00:00,1407.9,77.0,1455.6690523415975,2,0
2010-03-17 16:00:00,1383.0,76.0,1463.049526170799,2,0
2010-03-17 17:00:00,1319.7,74.0,1452.1921157024794,2,0
2010-03-17 18:00:00,1410.9,74.0,1459.982837465565,2,0
2010-03-17 19:00:00,1382.0,70.0,1428.4483581267216,2,0
2010-03-17 20:00:00,1229.0,65.0,1353.406958677686,2,0
2010-03-17 21:00:00,1134.5,68.0,1250.0730909090908,2,0
2010-03-17 22:00:00,1023.5,69.0,884.1762809917357,2,0
2010-03-17 23:00:00,918.7,64.0,764.9566666666667,2,0
2010-03-18 00:00:00,912.7,59.0,749.0957851239673,3,0
2010-03-18 01:00:00,959.5000000000001,59.0,733.7819449035815,3,0
2010-03-18 02:00:00,934.0,60.0,777.9817465564738,3,0
2010-03-18 03:00:00,955.4000000000001,57.0,835.173658402204,3,0
2010-03-18 04:00:00,953.2,56.0,828.5197741046834,3,0
2010-03-18 05:00:00,952.8000000000001,56.0,792.6293719008266,3,0
2010-03-18 06:00:00,960.5,55.0,862.069482093664,3,0
2010-03-18 07:00:00,1028.1999999999998,58.0,1163.954,3,0
2010-03-18 08:00:00,1028.4,63.0,1190.9819889807168,3,0
2010-03-18 09:00:00,1146.3000000000002,68.0,1236.7983691460056,3,0
2010-03-18 10:00:00,1222.1,70.0,1311.899399449036,3,0
2010-03-18 11:00:00,1271.8999999999999,69.0,1361.352920110193,3,0
2010-03-18 12:00:00,1310.0,67.0,1396.8441707988982,3,0
2010-03-18 13:00:00,1328.6000000000001,66.0,1414.092479338843,3,0
2010-03-18 14:00:00,1294.1,66.0,1423.9460220385672,3,0
2010-03-18 15:00:00,1308.8000000000002,62.0,1419.8130523415975,3,0
2010-03-18 16:00:00,1287.4,60.0,1435.117526170799,3,0
2010-03-18 17:00:00,1233.7,61.0,1433.456115702479,3,0
2010-03-18 18:00:00,1366.0,60.0,1449.5228374655649,3,0
2010-03-18 19:00:00,1344.8,59.0,1425.9283581267214,3,0
2010-03-18 20:00:00,1253.2,59.0,1357.6469586776861,3,0
2010-03-18 21:00:00,1183.9,61.0,1254.485090909091,3,0
2010-03-18 22:00:00,1111.4,60.0,885.5882809917355,3,0
2010-03-18 23:00:00,1023.2,60.0,762.5086666666668,3,0
2010-03-19 00:00:00,1012.1,59.0,740.7677851239669,4,0
2010-03-19 01:00:00,996.9000000000001,59.0,725.1019449035812,4,0
2010-03-19 02:00:00,999.2,57.0,768.8737465564743,4,0
2010-03-19 03:00:00,1011.0999999999999,54.0,828.7256584022041,4,0
2010-03-19 04:00:00,1021.1,54.0,825.3397741046833,4,0
2010-03-19 05:00:00,1021.9000000000001,53.0,793.3493719008267,4,0
2010-03-19 06:00:00,1021.5999999999999,53.0,867.3214820936639,4,0
2010-03-19 07:00:00,1013.1999999999999,55.0,1171.066,4,0
2010-03-19 08:00:00,1054.6000000000001,58.0,1198.6579889807165,4,0
2010-03-19 09:00:00,1074.3000000000002,60.0,1243.6423691460056,4,0
2010-03-19 10:00:00,1112.5,62.0,1313.1593994490358,4,0
2010-03-19 11:00:00,1225.9,64.0,1354.8569201101927,4,0
2010-03-19 12:00:00,1206.3,63.0,1381.4041707988981,4,0
2010-03-19 13:00:00,1252.8,60.0,1390.264479338843,4,0
2010-03-19 14:00:00,1234.1,58.0,1393.4420220385673,4,0
2010-03-19 15:00:00,1244.5,62.0,1382.6490523415978,4,0
2010-03-19 16:00:00,1270.0,67.0,1392.1095261707987,4,0
2010-03-19 17:00:00,1235.6,70.0,1384.1601157024793,4,0
2010-03-19 18:00:00,1393.3000000000002,69.0,1392.6668374655646,4,0
2010-03-19 19:00:00,1346.4,68.0,1365.8883581267216,4,0
2010-03-19 20:00:00,1230.1,60.0,1298.2749586776858,4,0
2010-03-19 21:00:00,1187.3000000000002,59.0,1193.0930909090907,4,0
2010-03-19 22:00:00,1021.1999999999998,57.0,829.4802809917355,4,0
2010-03-19 23:00:00,917.2,56.0,712.4686666666666,4,0
2010-03-20 00:00:00,893.0,55.0,697.451785123967,5,0
2010-03-20 01:00:00,886.6,54.0,689.6539449035811,5,0
2010-03-20 02:00:00,869.7,54.0,742.7377465564741,5,0
2010-03-20 03:00:00,909.8,54.0,811.0416584022037,5,0
2010-03-20 04:00:00,930.7,53.0,811.7717741046833,5,0
2010-03-20 05:00:00,932.6000000000001,53.0,782.0093719008265,5,0
2010-03-20 06:00:00,901.7,53.0,856.941482093664,5,0
2010-03-20 07:00:00,994.6999999999999,55.0,1159.2979999999998,5,0
2010-03-20 08:00:00,1056.3,59.0,1186.8179889807166,5,0
2010-03-20 09:00:00,1050.0,63.0,1232.4503691460054,5,0
2010-03-20 10:00:00,1172.6,69.0,1302.5313994490357,5,0
2010-03-20 11:00:00,1268.0,73.0,1348.916920110193,5,0
2010-03-20 12:00:00,1328.4,70.0,1380.2081707988984,5,0
2010-03-20 13:00:00,1345.8,65.0,1393.9764793388426,5,0
2010-03-20 14:00:00,1391.1,63.0,1401.9700220385675,5,0
2010-03-20 15:00:00,1395.8000000000002,66.0,1396.0690523415979,5,0
2010-03-20 16:00:00,1308.6,64.0,1409.1135261707989,5,0
2010-03-20 17:00:00,1273.9,64.0,1404.9921157024792,5,0
2010-03-20 18:00:00,1419.2,63.0,1417.3188374655647,5,0
2010-03-20 19:00:00,1339.0,57.0,1394.464358126722,5,0
2010-03-20 20:00:00,1229.9,54.0,1326.4309586776858,5,0
2010-03-20 21:00:00,1180.4,54.0,1221.7330909090906,5,0
2010-03-20 22:00:00,1038.7,56.0,856.6522809917358,5,0
2010-03-20 23:00:00,944.1999999999999,53.0,736.0246666666669,5,0
2010-03-21 00:00:00,905.5999999999999,53.0,717.5597851239668,6,0
2010-03-21 01:00:00,890.2,53.0,704.8059449035809,6,0
2010-03-21 02:00:00,879.8,53.0,752.5417465564738,6,0
2010-03-21 03:00:00,902.5999999999999,52.0,812.5456584022038,6,0
2010-03-21 04:00:00,919.0,51.0,804.5157741046833,6,0
2010-03-21 05:00:00,937.9000000000001,52.0,771.3373719008265,6,0
2010-03-21 06:00:00,907.9000000000001,51.0,842.0734820936641,6,0
2010-03-21 07:00:00,972.9,53.0,1139.426,6,0
2010-03-21 08:00:00,1027.3,57.0,1166.1459889807165,6,0
2010-03-21 09:00:00,1063.8000000000002,59.0,1206.0863691460054,6,0
2010-03-21 10:00:00,1111.6,60.0,1272.6553994490362,6,0
2010-03-21 11:00:00,1237.7000000000003,62.0,1318.2009201101926,6,0
2010-03-21 12:00:00,1284.3,63.0,1348.7801707988983,6,0
2010-03-21 13:00:00,1344.0,68.0,1362.5564793388432,6,0
2010-03-21 14:00:00,1350.4,68.0,1371.8820220385674,6,0
2010-03-21 15:00:00,1345.3,62.0,1366.6570523415983,6,0
2010-03-21 16:00:00,1240.9,62.0,1381.0455261707987,6,0
2010-03-21 17:00:00,1227.1,61.0,1378.4281157024793,6,0
2010-03-21 18:00:00,1352.6,60.0,1391.8108374655649,6,0
2010-03-21 19:00:00,1239.8000000000002,58.0,1371.2963581267218,6,0
2010-03-21 20:00:00,1202.5,58.0,1305.2269586776856,6,0
2010-03-21 21:00:00,1037.9,57.0,1201.3290909090908,6,0
2010-03-21 22:00:00,944.0,55.0,838.6962809917352,6,0
2010-03-21 23:00:00,940.7,55.0,719.0646666666669,6,0
2010-03-22 00:00:00,914.8,55.0,698.119785123967,0,0
2010-03-22 01:00:00,903.0,53.0,681.7019449035811,0,0
2010-03-22 02:00:00,916.7,53.0,724.7137465564736,0,0
2010-03-22 03:00:00,929.5999999999999,52.0,782.4776584022038,0,0
2010-03-22 04:00:00,945.4000000000001,50.0,775.3477741046834,0,0
2010-03-22 05:00:00,963.8,52.0,742.1853719008269,0,0
2010-03-22 06:00:00,939.5999999999999,51.0,813.1854820936642,0,0
2010-03-22 07:00:00,1037.6,55.0,1114.1580000000001,0,0
2010-03-22 08:00:00,1054.6,60.0,1143.6379889807163,0,0
2010-03-22 09:00:00,1054.8,64.0,1188.2863691460054,0,0
2010-03-22 10:00:00,1186.6,62.0,1264.9273994490359,0,0
2010-03-22 11:00:00,1201.6,62.0,1316.6529201101928,0,0
2010-03-22 12:00:00,1192.0,60.0,1350.4521707988981,0,0
2010-03-22 13:00:00,1208.3000000000002,62.0,1366.7484793388433,0,0
2010-03-22 14:00:00,1230.5,61.0,1377.970022038567,0,0
2010-03-22 15:00:00,1248.6,62.0,1374.5050523415978,0,0
2010-03-22 16:00:00,1212.8999999999999,61.0,1389.7215261707988,0,0
2010-03-22 17:00:00,1159.8000000000002,59.0,1387.6681157024796,0,0
2010-03-22 18:00:00,1312.4,57.0,1402.7548374655648,0,0
2010-03-22 19:00:00,1263.6999999999998,56.0,1380.1763581267219,0,0
2010-03-22 20:00:00,1172.3,56.0,1310.286958677686,0,0
2010-03-22 21:00:00,1128.2,54.0,1205.641090909091,0,0
2010-03-22 22:00:00,1053.3,55.0,841.5282809917355,0,0
2010-03-22 23:00:00,1000.5,54.0,719.1606666666669,0,0
2010-03-23 00:00:00,991.8,54.0,701.1517851239671,1,0
2010-03-23 01:00:00,975.2,54.0,690.2379449035809,1,0
2010-03-23 02:00:00,976.9,54.0,740.5177465564743,1,0
2010-03-23 03:00:00,1010.5,54.0,804.025658402204,1,0
2010-03-23 04:00:00,993.0999999999999,56.0,803.5677741046832,1,0
2010-03-23 05:00:00,1004.3,55.0,773.0613719008267,1,0
2010-03-23 06:00:00,1008.1,54.0,847.5334820936641,1,0
2010-03-23 07:00:00,1017.7,56.0,1151.602,1,0
2010-03-23 08:00:00,1023.8,61.0,1181.8539889807162,1,0
2010-03-23 09:00:00,1063.3999999999999,63.0,1228.8063691460056,1,0
2010-03-23 10:00:00,1140.6,64.0,1300.3433994490358,1,0
2010-03-23 11:00:00,1208.2,64.0,1345.5569201101928,1,0
2010-03-23 12:00:00,1229.3,64.0,1373.6841707988983,1,0
2010-03-23 13:00:00,1253.6,64.0,1384.4644793388431,1,0
2010-03-23 14:00:00,1276.5,63.0,1389.1500220385678,1,0
2010-03-23 15:00:00,1272.3000000000002,65.0,1380.0730523415978,1,0
2010-03-23 16:00:00,1283.0,62.0,1389.7695261707988,1,0
2010-03-23 17:00:00,1198.2,63.0,1383.4241157024794,1,0
2010-03-23 18:00:00,1331.8999999999999,61.0,1394.074837465565,1,0
2010-03-23 19:00:00,1300.9,60.0,1368.2123581267217,1,0
2010-03-23 20:00:00,1215.5,59.0,1299.8349586776862,1,0
2010-03-23 21:00:00,1155.6,57.0,1195.5490909090909,1,0
2010-03-23 22:00:00,1016.0,58.0,831.2922809917357,1,0
2010-03-23 23:00:00,947.0,57.0,710.8646666666664,1,0
2010-03-24 00:00:00,909.8000000000001,56.0,690.9557851239672,2,0
2010-03-24 01:00:00,914.3000000000001,56.0,681.2939449035812,2,0
2010-03-24 02:00:00,885.7,55.0,730.369746556474,2,0
2010-03-24 03:00:00,930.4000000000001,54.0,792.0696584022039,2,0
2010-03-24 04:00:00,936.0,53.0,788.7637741046833,2,0
2010-03-24 05:00:00,944.6999999999999,53.0,756.5333719008266,2,0
2010-03-24 06:00:00,937.7,53.0,829.9334820936638,2,0
2010-03-24 07:00:00,1004.1,56.0,1133.238,2,0
2010-03-24 08:00:00,1041.7,61.0,1160.7019889807164,2,0
2010-03-24 09:00:00,1041.6,63.0,1205.4783691460057,2,0
2010-03-24 10:00:00,1145.6,66.0,1275.6273994490361,2,0
2010-03-24 11:00:00,1210.7,67.0,1322.236920110193,2,0
2010-03-24 12:00:00,1188.4,66.0,1353.040170798898,2,0
2010-03-24 13:00:00,1322.1999999999998,65.0,1367.5324793388434,2,0
2010-03-24 14:00:00,1291.7,65.0,1375.5300220385675,2,0
2010-03-24 15:00:00,1273.1,63.0,1370.3770523415978,2,0
2010-03-24 16:00:00,1235.5,61.0,1382.945526170799,2,0
2010-03-24 17:00:00,1225.1999999999998,58.0,1378.4681157024797,2,0
2010-03-24 18:00:00,1343.5,57.0,1392.0068374655648,2,0
2010-03-24 19:00:00,1301.3,56.0,1370.0123581267214,2,0
2010-03-24 20:00:00,1183.0,56.0,1301.362958677686,2,0
2010-03-24 21:00:00,1144.4,55.0,1197.777090909091,2,0
2010-03-24 22:00:00,1008.7,55.0,830.9882809917356,2,0
2010-03-24 23:00:00,944.6,54.0,705.3686666666665,2,0
2010-03-25 00:00:00,923.2,55.0,682.655785123967,3,0
2010-03-25 01:00:00,925.1,55.0,667.8699449035814,3,0
2010-03-25 02:00:00,907.5999999999999,56.0,710.2017465564741,3,0
2010-03-25 03:00:00,937.3000000000001,56.0,766.9296584022036,3,0
2010-03-25 04:00:00,927.7,56.0,760.4797741046832,3,0
2010-03-25 05:00:00,934.3,57.0,726.4293719008266,3,0
2010-03-25 06:00:00,950.3,57.0,796.4574820936641,3,0
2010-03-25 07:00:00,1030.4,57.0,1098.2580000000003,3,0
2010-03-25 08:00:00,1021.3,58.0,1125.8259889807164,3,0
2010-03-25 09:00:00,1077.0,57.0,1171.8863691460053,3,0
2010-03-25 10:00:00,1060.5,59.0,1241.619399449036,3,0
2010-03-25 11:00:00,1085.9,59.0,1287.5889201101925,3,0
2010-03-25 12:00:00,1120.8,62.0,1317.620170798898,3,0
2010-03-25 13:00:00,1153.2,60.0,1330.284479338843,3,0
2010-03-25 14:00:00,1191.6999999999998,61.0,1336.9740220385675,3,0
2010-03-25 15:00:00,1164.0,61.0,1330.2410523415979,3,0
2010-03-25 16:00:00,1157.7,60.0,1342.0695261707988,3,0
2010-03-25 17:00:00,1132.2,59.0,1338.6001157024793,3,0
2010-03-25 18:00:00,1286.1999999999998,58.0,1354.2428374655647,3,0
2010-03-25 19:00:00,1275.3,58.0,1335.0163581267216,3,0
2010-03-25 20:00:00,1186.0,58.0,1269.674958677686,3,0
2010-03-25 21:00:00,1144.0,57.0,1166.557090909091,3,0
2010-03-25 22:00:00,987.0999999999999,55.0,799.0402809917355,3,0
2010-03-25 23:00:00,921.3,54.0,677.6126666666669,3,0
2010-03-26 00:00:00,901.5,52.0,661.7277851239671,4,0
2010-03-26 01:00:00,892.8,52.0,651.5419449035812,4,0
2010-03-26 02:00:00,885.7,52.0,702.137746556474,4,0
2010-03-26 03:00:00,919.6999999999999,51.0,766.7696584022037,4,0
2010-03-26 04:00:00,916.1,55.0,766.2597741046834,4,0
2010-03-26 05:00:00,951.2,56.0,735.6373719008265,4,0
2010-03-26 06:00:00,992.5,57.0,811.4414820936643,4,0
2010-03-26 07:00:00,1112.2,58.0,1117.6380000000001,4,0
2010-03-26 08:00:00,1130.3,62.0,1147.4179889807165,4,0
2010-03-26 09:00:00,1068.3,64.0,1194.7023691460058,4,0
2010-03-26 10:00:00,1077.7,64.0,1268.0073994490356,4,0
2010-03-26 11:00:00,1105.6,67.0,1317.232920110193,4,0
2010-03-26 12:00:00,1166.7000000000003,65.0,1349.7561707988982,4,0
2010-03-26 13:00:00,1200.6,66.0,1365.216479338843,4,0
2010-03-26 14:00:00,1229.3,67.0,1375.1180220385672,4,0
2010-03-26 15:00:00,1261.6,65.0,1371.5010523415979,4,0
2010-03-26 16:00:00,1197.1,64.0,1386.505526170799,4,0
2010-03-26 17:00:00,1140.1,64.0,1384.0241157024793,4,0
2010-03-26 18:00:00,1337.6000000000001,63.0,1398.3748374655647,4,0
2010-03-26 19:00:00,1327.9,60.0,1373.3563581267215,4,0
2010-03-26 20:00:00,1215.3,60.0,1300.4869586776863,4,0
2010-03-26 21:00:00,1177.6,63.0,1191.7290909090907,4,0
2010-03-26 22:00:00,1076.0,65.0,826.0522809917356,4,0
2010-03-26 23:00:00,981.1000000000001,66.0,709.5846666666666,4,0
2010-03-27 00:00:00,940.5000000000001,66.0,697.2957851239669,5,0
2010-03-27 01:00:00,941.0,62.0,689.8419449035812,5,0
2010-03-27 02:00:00,933.6999999999999,57.0,744.137746556474,5,0
2010-03-27 03:00:00,975.7,54.0,809.6576584022039,5,0
2010-03-27 04:00:00,977.9,53.0,812.6477741046833,5,0
2010-03-27 05:00:00,964.3000000000001,53.0,785.7293719008265,5,0
2010-03-27 06:00:00,977.1,53.0,863.7534820936639,5,0
2010-03-27 07:00:00,1009.5999999999999,55.0,1169.4339999999997,5,0
2010-03-27 08:00:00,1023.9,62.0,1198.1819889807161,5,0
2010-03-27 09:00:00,1036.3000000000002,68.0,1245.0783691460053,5,0
2010-03-27 10:00:00,1115.0,72.0,1284.187399449036,5,0
2010-03-27 11:00:00,1246.8,76.0,1326.884920110193,5,0
2010-03-27 12:00:00,1276.3,79.0,1354.3321707988982,5,0
2010-03-27 13:00:00,1314.8,80.0,1365.560479338843,5,0
2010-03-27 14:00:00,1369.2,82.0,1369.3700220385672,5,0
2010-03-27 15:00:00,1321.4,74.0,1359.0610523415978,5,0
2010-03-27 16:00:00,1382.2,74.0,1367.025526170799,5,0
2010-03-27 17:00:00,1272.1,74.0,1350.4761157024795,5,0
2010-03-27 18:00:00,1401.0,75.0,1358.7828374655646,5,0
2010-03-27 19:00:00,1366.4,72.0,1333.5403581267217,5,0
2010-03-27 20:00:00,1242.1,69.0,1263.214958677686,5,0
2010-03-27 21:00:00,1197.2,66.0,1160.805090909091,5,0
2010-03-27 22:00:00,254.70000000000002,67.0,797.9202809917356,5,0
2010-03-27 23:00:00,906.8,65.0,678.7366666666665,5,0
2010-03-28 00:00:00,873.4,62.0,662.0077851239666,6,0
2010-03-28 01:00:00,874.2,62.0,650.7379449035811,6,0
2010-03-28 02:00:00,829.6,59.0,701.6817465564741,6,0
2010-03-28 03:00:00,856.4,59.0,767.0616584022036,6,0
2010-03-28 04:00:00,857.9,61.0,769.1677741046833,6,0
2010-03-28 05:00:00,674.4,57.0,737.1853719008267,6,0
2010-03-28 06:00:00,839.0999999999999,55.0,810.1734820936636,6,0
2010-03-28 07:00:00,988.5999999999999,61.0,1111.2740000000003,6,0
2010-03-28 08:00:00,984.9000000000001,69.0,1139.1979889807164,6,0
2010-03-28 09:00:00,1088.6,73.0,1183.1863691460055,6,0
2010-03-28 10:00:00,1152.8000000000002,77.0,1256.227399449036,6,0
2010-03-28 11:00:00,1216.2,81.0,1340.3569201101927,6,0
2010-03-28 12:00:00,1306.5,81.0,1380.6361707988983,6,0
2010-03-28 13:00:00,1329.0,80.0,1403.8684793388434,6,0
2010-03-28 14:00:00,1399.6000000000001,77.0,1420.0460220385676,6,0
2010-03-28 15:00:00,1457.8000000000002,77.0,1423.7770523415975,6,0
2010-03-28 16:00:00,1419.8999999999999,75.0,1446.1415261707987,6,0
2010-03-28 17:00:00,1330.6,75.0,1450.9881157024793,6,0
2010-03-28 18:00:00,1407.1000000000001,73.0,1484.4708374655647,6,0
2010-03-28 19:00:00,1315.3,70.0,1473.504358126722,6,0
2010-03-28 20:00:00,1260.0,67.0,1416.0669586776862,6,0
2010-03-28 21:00:00,1151.3000000000002,62.0,1322.985090909091,6,0
2010-03-28 22:00:00,1122.6,63.0,968.3002809917357,6,0
2010-03-28 23:00:00,1121.3,61.0,855.8766666666666,6,0
2010-03-29 00:00:00,1119.9,59.0,847.3797851239669,0,0
2010-03-29 01:00:00,1107.1999999999998,59.0,843.0539449035814,0,0
2010-03-29 02:00:00,1072.0,59.0,895.453746556474,0,0
2010-03-29 03:00:00,1103.3000000000002,58.0,958.7056584022039,0,0
2010-03-29 04:00:00,1098.6,55.0,953.995774104683,0,0
2010-03-29 05:00:00,1089.3,55.0,922.0653719008266,0,0
2010-03-29 06:00:00,1178.6,55.0,992.7534820936639,0,0
2010-03-29 07:00:00,1207.5,60.0,1293.906,0,0
2010-03-29 08:00:00,1286.1,65.0,1323.4619889807166,0,0
2010-03-29 09:00:00,1282.8,69.0,1369.7303691460058,0,0
2010-03-29 10:00:00,1410.1000000000001,71.0,1445.867399449036,0,0
2010-03-29 11:00:00,1422.9999999999998,70.0,1494.840920110193,0,0
2010-03-29 12:00:00,1481.7,72.0,1526.0121707988983,0,0
2010-03-29 13:00:00,1532.8000000000002,70.0,1539.4804793388428,0,0
2010-03-29 14:00:00,1450.1999999999998,68.0,1546.8500220385672,0,0
2010-03-29 15:00:00,1435.0,65.0,1539.7730523415978,0,0
2010-03-29 16:00:00,1385.9,65.0,1552.029526170799,0,0
2010-03-29 17:00:00,1369.6,65.0,1549.1041157024792,0,0
2010-03-29 18:00:00,1408.1,61.0,1563.2628374655646,0,0
2010-03-29 19:00:00,1322.7,60.0,1536.7123581267215,0,0
2010-03-29 20:00:00,1249.7,58.0,1470.290958677686,0,0
2010-03-29 21:00:00,1226.1999999999998,59.0,1363.1010909090908,0,0
2010-03-29 22:00:00,1154.1,58.0,995.3122809917354,0,0
2010-03-29 23:00:00,1110.3,57.0,869.4126666666666,0,0
2010-03-30 00:00:00,1106.6999999999998,57.0,846.6117851239671,1,0
2010-03-30 01:00:00,1109.6,57.0,825.6859449035812,1,0
2010-03-30 02:00:00,1084.7999999999997,58.0,864.8537465564737,1,0
2010-03-30 03:00:00,1075.5,59.0,923.4416584022038,1,0
2010-03-30 04:00:00,1092.8,58.0,915.8917741046832,1,0
2010-03-30 05:00:00,1135.7,57.0,883.9693719008263,1,0
2010-03-30 06:00:00,1110.4,57.0,948.749482093664,1,0
2010-03-30 07:00:00,1157.4,58.0,1246.8380000000002,1,0
2010-03-30 08:00:00,1280.4,59.0,1272.829988980716,1,0
2010-03-30 09:00:00,1231.3,59.0,1315.5183691460054,1,0
2010-03-30 10:00:00,1276.7,61.0,1387.3993994490359,1,0
2010-03-30 11:00:00,1343.4,62.0,1434.760920110193,1,0
2010-03-30 12:00:00,1330.9,62.0,1464.772170798898,1,0
2010-03-30 13:00:00,1293.0,64.0,1478.664479338843,1,0
2010-03-30 14:00:00,1323.2,62.0,1485.6980220385676,1,0
2010-03-30 15:00:00,1369.0,62.0,1479.7050523415976,1,0
2010-03-30 16:00:00,1292.1,62.0,1494.821526170799,1,0
2010-03-30 17:00:00,1335.8,61.0,1489.9441157024794,1,0
2010-03-30 18:00:00,1299.4,60.0,1505.1868374655646,1,0
2010-03-30 19:00:00,1247.1000000000001,59.0,1480.8443581267213,1,0
2010-03-30 20:00:00,1168.0,58.0,1409.3029586776856,1,0
2010-03-30 21:00:00,1126.3999999999999,57.0,1302.1370909090908,1,0
2010-03-30 22:00:00,1122.6,57.0,934.2322809917353,1,0
2010-03-30 23:00:00,1101.5,57.0,809.2886666666666,1,0
2010-03-31 00:00:00,1066.6999999999998,57.0,788.9437851239668,2,0
2010-03-31 01:00:00,1107.0,56.0,774.2659449035814,2,0
2010-03-31 02:00:00,1078.8000000000002,56.0,824.4137465564738,2,0
2010-03-31 03:00:00,1115.4,55.0,886.577658402204,2,0
2010-03-31 04:00:00,1136.5,54.0,881.4077741046833,2,0
2010-03-31 05:00:00,1081.1,54.0,851.7013719008265,2,0
2010-03-31 06:00:00,1183.9,54.0,915.3414820936641,2,0
2010-03-31 07:00:00,1144.4,56.0,1216.7979999999998,2,0
2010-03-31 08:00:00,1102.3,58.0,1245.2499889807164,2,0
2010-03-31 09:00:00,1226.1999999999998,59.0,1289.5823691460055,2,0
2010-03-31 10:00:00,1222.3,59.0,1363.9193994490358,2,0
2010-03-31 11:00:00,1233.9,60.0,1411.4369201101931,2,0
2010-03-31 12:00:00,1312.7,61.0,1442.4041707988981,2,0
2010-03-31 13:00:00,1298.4,61.0,1456.292479338843,2,0
2010-03-31 14:00:00,1357.8999999999999,62.0,1463.2980220385675,2,0
2010-03-31 15:00:00,1331.4,59.0,1456.5050523415978,2,0
2010-03-31 16:00:00,1285.6,60.0,1469.5535261707987,2,0
2010-03-31 17:00:00,1297.4,59.0,1466.9321157024792,2,0
2010-03-31 18:00:00,1237.1000000000001,57.0,1485.8148374655648,2,0
2010-03-31 19:00:00,1222.6,56.0,1461.184358126722,2,0
2010-03-31 20:00:00,1153.8999999999999,54.0,1395.694958677686,2,0
2010-03-31 21:00:00,1085.8,54.0,1293.3090909090904,2,0
2010-03-31 22:00:00,1084.2,51.0,928.2002809917356,2,0
2010-03-31 23:00:00,1073.9,50.0,809.2246666666665,2,0
2010-04-01 00:00:00,1081.8000000000002,50.0,796.5237851239672,3,0
2010-04-01 01:00:00,1066.9,50.0,785.4419449035811,3,0
2010-04-01 02:00:00,1075.5,50.0,838.301746556474,3,0
2010-04-01 03:00:00,1089.4,50.0,906.0016584022037,3,0
2010-04-01 04:00:00,1124.6999999999998,49.0,909.7477741046832,3,0
2010-04-01 05:00:00,1181.2,48.0,886.2413719008265,3,0
2010-04-01 06:00:00,1220.3000000000002,49.0,958.3294820936642,3,0
2010-04-01 07:00:00,1210.7,49.0,1269.0420000000001,3,0
2010-04-01 08:00:00,1240.6,52.0,1304.6979889807167,3,0
2010-04-01 09:00:00,1167.6,54.0,1358.170369146006,3,0
2010-04-01 10:00:00,1287.1,56.0,1442.347399449036,3,0
2010-04-01 11:00:00,1328.7,59.0,1496.376920110193,3,0
2010-04-01 12:00:00,1394.3000000000002,59.0,1535.524170798898,3,0
2010-04-01 13:00:00,1370.1000000000001,59.0,1555.096479338843,3,0
2010-04-01 14:00:00,1431.1,58.0,1568.994022038568,3,0
2010-04-01 15:00:00,1504.5,58.0,1569.3010523415976,3,0
2010-04-01 16:00:00,1470.9,57.0,1588.4695261707986,3,0
2010-04-01 17:00:00,1445.9,57.0,1588.368115702479,3,0
2010-04-01 18:00:00,1409.8999999999999,56.0,1603.7388374655648,3,0
2010-04-01 19:00:00,1391.6999999999998,56.0,1582.8203581267219,3,0
2010-04-01 20:00:00,1309.5,56.0,1518.3189586776862,3,0
2010-04-01 21:00:00,1300.2,55.0,1416.373090909091,3,0
2010-04-01 22:00:00,1289.6000000000001,54.0,1057.4602809917358,3,0
2010-04-01 23:00:00,1198.3,51.0,945.3366666666668,3,0
2010-04-02 00:00:00,1258.7,50.0,937.8237851239671,4,0
2010-04-02 01:00:00,1224.1000000000001,50.0,930.357944903581,4,0
2010-04-02 02:00:00,1207.7,50.0,984.4137465564736,4,0
2010-04-02 03:00:00,1263.6,50.0,1051.897658402204,4,0
2010-04-02 04:00:00,1251.6999999999998,49.0,1051.099774104683,4,0
2010-04-02 05:00:00,1232.4,49.0,1023.2373719008266,4,0
2010-04-02 06:00:00,1232.6000000000001,49.0,1092.6014820936641,4,0
2010-04-02 07:00:00,1339.8999999999999,53.0,1398.982,4,0
2010-04-02 08:00:00,1331.6,56.0,1430.0619889807165,4,0
2010-04-02 09:00:00,1316.9,59.0,1477.8983691460053,4,0
2010-04-02 10:00:00,1383.4,61.0,1552.9193994490358,4,0
2010-04-02 11:00:00,1564.8000000000002,62.0,1598.4649201101931,4,0
2010-04-02 12:00:00,1618.8,63.0,1631.2401707988981,4,0
2010-04-02 13:00:00,1542.1,62.0,1642.708479338843,4,0
2010-04-02 14:00:00,1532.7,61.0,1650.9460220385672,4,0
2010-04-02 15:00:00,1572.3000000000002,60.0,1645.3250523415977,4,0
2010-04-02 16:00:00,1530.4,60.0,1657.6975261707992,4,0
2010-04-02 17:00:00,1522.3,59.0,1653.5641157024793,4,0
2010-04-02 18:00:00,1490.3000000000002,58.0,1670.346837465565,4,0
2010-04-02 19:00:00,1456.2,56.0,1650.5963581267213,4,0
2010-04-02 20:00:00,1364.2,55.0,1582.2749586776863,4,0
2010-04-02 21:00:00,1314.8999999999999,55.0,1481.373090909091,4,0
2010-04-02 22:00:00,1275.1,54.0,1118.3522809917356,4,0
2010-04-02 23:00:00,1191.6,54.0,999.7406666666668,4,0
2010-04-03 00:00:00,1223.8,51.0,979.7957851239669,5,1
2010-04-03 01:00:00,1198.4,51.0,964.5219449035812,5,1
2010-04-03 02:00:00,1223.4,52.0,1013.0737465564741,5,1
2010-04-03 03:00:00,1247.6,52.0,1079.0536584022038,5,1
2010-04-03 04:00:00,1256.0,51.0,1075.367774104683,5,1
2010-04-03 05:00:00,1258.6000000000001,50.0,1042.8493719008266,5,1
2010-04-03 06:00:00,1319.1000000000001,50.0,1111.3774820936637,5,1
2010-04-03 07:00:00,1381.4,54.0,1415.0939999999998,5,1
2010-04-03 08:00:00,1365.3,57.0,1444.5259889807162,5,1
2010-04-03 09:00:00,1434.0,61.0,1491.4503691460054,5,1
2010-04-03 10:00:00,1430.0,62.0,1566.7313994490357,5,1
2010-04-03 11:00:00,1498.9,63.0,1616.0849201101926,5,1
2010-04-03 12:00:00,1544.1,64.0,1648.4481707988982,5,1
2010-04-03 13:00:00,1571.3999999999999,63.0,1661.804479338843,5,1
2010-04-03 14:00:00,1567.1,61.0,1669.4020220385673,5,1
2010-04-03 15:00:00,1636.2999999999997,60.0,1661.7450523415976,5,1
2010-04-03 16:00:00,1526.0,61.0,1672.1415261707987,5,1
2010-04-03 17:00:00,1465.4,59.0,1664.192115702479,5,1
2010-04-03 18:00:00,1545.8000000000002,57.0,1673.6828374655647,5,1
2010-04-03 19:00:00,1470.0,56.0,1642.3443581267218,5,1
2010-04-03 20:00:00,1387.5,56.0,1563.8109586776864,5,1
2010-04-03 21:00:00,1346.8000000000002,53.0,1451.4210909090905,5,1
2010-04-03 22:00:00,1296.3,53.0,1072.2562809917354,5,1
2010-04-03 23:00:00,1272.3000000000002,52.0,939.9046666666666,5,1
2010-04-04 00:00:00,1206.8000000000002,50.0,909.4277851239672,6,0
2010-04-04 01:00:00,1210.7,50.0,885.4139449035813,6,0
2010-04-04 02:00:00,1181.6999999999998,52.0,920.4377465564739,6,0
2010-04-04 03:00:00,1212.4,53.0,969.6896584022038,6,0
2010-04-04 04:00:00,1190.6,53.0,951.8997741046833,6,0
2010-04-04 05:00:00,1167.5,54.0,909.6453719008265,6,0
2010-04-04 06:00:00,1163.0,53.0,967.3214820936641,6,0
2010-04-04 07:00:00,1178.2,55.0,1257.754,6,0
2010-04-04 08:00:00,1151.5,56.0,1280.1699889807164,6,0
2010-04-04 09:00:00,1180.5,59.0,1319.9423691460054,6,0
2010-04-04 10:00:00,1143.5,58.0,1393.0153994490356,6,0
2010-04-04 11:00:00,1202.0,58.0,1437.716920110193,6,0
2010-04-04 12:00:00,1214.9,58.0,1466.1241707988984,6,0
2010-04-04 13:00:00,1278.2,59.0,1480.2484793388428,6,0
2010-04-04 14:00:00,1258.2,59.0,1487.3540220385676,6,0
2010-04-04 15:00:00,1252.5,60.0,1481.6170523415979,6,0
2010-04-04 16:00:00,1237.3999999999999,60.0,1494.4015261707987,6,0
2010-04-04 17:00:00,1217.6,57.0,1490.1081157024792,6,0
2010-04-04 18:00:00,1217.6,56.0,1506.9428374655645,6,0
2010-04-04 19:00:00,1193.3999999999999,56.0,1486.5243581267216,6,0
2010-04-04 20:00:00,1225.9,56.0,1421.846958677686,6,0
2010-04-04 21:00:00,1191.3,56.0,1323.1770909090903,6,0
2010-04-04 22:00:00,1273.0,53.0,959.7322809917355,6,0
2010-04-04 23:00:00,1177.1999999999998,53.0,842.4486666666667,6,0
2010-04-05 00:00:00,1188.6,52.0,827.5437851239669,0,0
2010-04-05 01:00:00,1212.9,53.0,816.453944903581,0,0
2010-04-05 02:00:00,1181.7,53.0,863.9937465564735,0,0
2010-04-05 03:00:00,1218.6999999999998,54.0,926.9896584022035,0,0
2010-04-05 04:00:00,1215.1,54.0,926.103774104683,0,0
2010-04-05 05:00:00,1193.5,57.0,896.5333719008262,0,0
2010-04-05 06:00:00,1255.5,57.0,969.5494820936635,0,0
2010-04-05 07:00:00,1295.1,57.0,1278.8780000000002,0,0
2010-04-05 08:00:00,1294.7,57.0,1314.6379889807165,0,0
2010-04-05 09:00:00,1309.7,56.0,1363.2823691460053,0,0
2010-04-05 10:00:00,1283.0,58.0,1445.3753994490357,0,0
2010-04-05 11:00:00,1292.2,59.0,1498.7969201101928,0,0
2010-04-05 12:00:00,1307.3,59.0,1537.292170798898,0,0
2010-04-05 13:00:00,1272.1,61.0,1556.608479338843,0,0
2010-04-05 14:00:00,1277.9,61.0,1568.3500220385677,0,0
2010-04-05 15:00:00,1287.2,61.0,1566.325052341598,0,0
2010-04-05 16:00:00,1276.2,60.0,1581.2695261707988,0,0
2010-04-05 17:00:00,1246.1,60.0,1580.1401157024793,0,0
2010-04-05 18:00:00,1353.3000000000002,59.0,1599.0988374655649,0,0
2010-04-05 19:00:00,1337.6,59.0,1578.4883581267216,0,0
2010-04-05 20:00:00,1282.9,58.0,1512.8189586776862,0,0
2010-04-05 21:00:00,1251.5,59.0,1414.6610909090907,0,0
2010-04-05 22:00:00,1343.0,58.0,1052.4282809917352,0,0
2010-04-05 23:00:00,1371.8999999999999,58.0,938.2246666666665,0,0
2010-04-06 00:00:00,1345.7000000000003,57.0,928.6197851239667,1,0
2010-04-06 01:00:00,1324.5,56.0,927.6619449035816,1,0
2010-04-06 02:00:00,1299.8000000000002,54.0,988.8857465564736,1,0
2010-04-06 03:00:00,1311.5,50.0,1063.2336584022037,1,0
2010-04-06 04:00:00,1275.4,49.0,1071.2917741046833,1,0
2010-04-06 05:00:00,1297.1,48.0,1052.9453719008266,1,0
2010-04-06 06:00:00,1334.6,48.0,1132.661482093664,1,0
2010-04-06 07:00:00,1382.8000000000002,55.0,1443.3540000000003,1,0
2010-04-06 08:00:00,1386.8000000000002,58.0,1476.9499889807162,1,0
2010-04-06 09:00:00,1465.7,62.0,1527.8303691460053,1,0
2010-04-06 10:00:00,1442.5,65.0,1607.3513994490356,1,0
2010-04-06 11:00:00,1508.7,67.0,1656.5689201101927,1,0
2010-04-06 12:00:00,1530.0,65.0,1686.5561707988977,1,0
2010-04-06 13:00:00,1617.8000000000002,67.0,1697.388479338843,1,0
2010-04-06 14:00:00,1613.9,64.0,1705.490022038567,1,0
2010-04-06 15:00:00,1590.6999999999998,64.0,1697.9890523415977,1,0
2010-04-06 16:00:00,1534.5,62.0,1711.261526170799,1,0
2010-04-06 17:00:00,1565.5000000000002,62.0,1708.0881157024796,1,0
2010-04-06 18:00:00,1549.3,61.0,1726.7188374655648,1,0
2010-04-06 19:00:00,1507.3999999999999,59.0,1702.224358126722,1,0
2010-04-06 20:00:00,1373.0,56.0,1636.6229586776858,1,0
2010-04-06 21:00:00,1364.3999999999999,56.0,1535.8770909090906,1,0
2010-04-06 22:00:00,1338.9,55.0,1175.7842809917354,1,0
2010-04-06 23:00:00,1336.8,55.0,1063.748666666667,1,0
2010-04-07 00:00:00,1327.7,54.0,1050.6157851239666,2,0
2010-04-07 01:00:00,1269.5,54.0,1042.3259449035809,2,0
2010-04-07 02:00:00,1320.4,56.0,1097.757746556474,2,0
2010-04-07 03:00:00,1292.6999999999998,52.0,1166.057658402204,2,0
2010-04-07 04:00:00,1326.3999999999999,55.0,1165.171774104683,2,0
2010-04-07 05:00:00,1306.3000000000002,53.0,1138.965371900826,2,0
2010-04-07 06:00:00,1430.0,53.0,1207.6134820936643,2,0
2010-04-07 07:00:00,1364.8,58.0,1511.782,2,0
2010-04-07 08:00:00,1476.1999999999998,66.0,1541.4459889807163,2,0
2010-04-07 09:00:00,1493.1000000000001,70.0,1587.2743691460057,2,0
2010-04-07 10:00:00,1651.9999999999998,73.0,1661.2593994490355,2,0
2010-04-07 11:00:00,1722.4,74.0,1708.6009201101929,2,0
2010-04-07 12:00:00,1658.3,77.0,1738.5121707988983,2,0
2010-04-07 13:00:00,1657.1999999999998,76.0,1750.284479338843,2,0
2010-04-07 14:00:00,1814.8,75.0,1758.4620220385673,2,0
2010-04-07 15:00:00,1775.5000000000002,74.0,1749.3610523415978,2,0
2010-04-07 16:00:00,1614.4,73.0,1763.7855261707984,2,0
2010-04-07 17:00:00,1627.3,71.0,1758.5841157024793,2,0
2010-04-07 18:00:00,1592.0,64.0,1774.442837465565,2,0
2010-04-07 19:00:00,1540.3000000000002,61.0,1748.6443581267215,2,0
2010-04-07 20:00:00,1444.5,60.0,1686.7029586776862,2,0
2010-04-07 21:00:00,1328.2,61.0,1586.8970909090908,2,0
2010-04-07 22:00:00,1313.4,60.0,1226.9442809917352,2,0
2010-04-07 23:00:00,1285.8,60.0,1107.6726666666661,2,0
2010-04-08 00:00:00,1290.7,60.0,1091.0597851239668,3,0
2010-04-08 01:00:00,1275.0,60.0,1082.2579449035807,3,0
2010-04-08 02:00:00,1267.3,61.0,1132.4217465564736,3,0
2010-04-08 03:00:00,1273.3000000000002,57.0,1191.7616584022037,3,0
2010-04-08 04:00:00,1336.4,58.0,1191.9437741046831,3,0
2010-04-08 05:00:00,1306.6,54.0,1167.6053719008264,3,0
2010-04-08 06:00:00,1369.8999999999999,56.0,1235.5374820936634,3,0
2010-04-08 07:00:00,1427.6000000000001,64.0,1539.59,3,0
2010-04-08 08:00:00,1549.6999999999998,72.0,1569.4899889807161,3,0
2010-04-08 09:00:00,1606.0,76.0,1615.0823691460057,3,0
2010-04-08 10:00:00,1682.9,78.0,1689.8073994490358,3,0
2010-04-08 11:00:00,1751.0,79.0,1738.424920110193,3,0
2010-04-08 12:00:00,1785.0,74.0,1769.4241707988979,3,0
2010-04-08 13:00:00,1772.7,73.0,1782.084479338843,3,0
2010-04-08 14:00:00,1722.5,73.0,1789.7180220385671,3,0
2010-04-08 15:00:00,1752.3999999999999,72.0,1783.401052341598,3,0
2010-04-08 16:00:00,1825.9,72.0,1796.2175261707987,3,0
2010-04-08 17:00:00,1753.9,69.0,1790.2041157024792,3,0
2010-04-08 18:00:00,1635.9,65.0,1805.2188374655648,3,0
2010-04-08 19:00:00,1580.1000000000001,62.0,1779.0043581267214,3,0
2010-04-08 20:00:00,1483.3,61.0,1711.686958677686,3,0
2010-04-08 21:00:00,1393.8000000000002,60.0,1605.1250909090909,3,0
2010-04-08 22:00:00,1295.7,57.0,1238.3402809917354,3,0
2010-04-08 23:00:00,1292.2,57.0,1110.7406666666666,3,0
2010-04-09 00:00:00,1266.9,56.0,1086.731785123967,4,0
2010-04-09 01:00:00,1260.2,56.0,1064.8099449035815,4,0
2010-04-09 02:00:00,1259.1999999999998,57.0,1105.6497465564742,4,0
2010-04-09 03:00:00,1289.8000000000002,56.0,1164.001658402204,4,0
2010-04-09 04:00:00,1276.8000000000002,55.0,1153.2237741046833,4,0
2010-04-09 05:00:00,1296.3,54.0,1108.7813719008263,4,0
2010-04-09 06:00:00,1349.1,55.0,1168.6894820936639,4,0
2010-04-09 07:00:00,1357.1000000000001,59.0,1469.4300000000003,4,0
2010-04-09 08:00:00,1478.1000000000001,61.0,1496.0979889807163,4,0
2010-04-09 09:00:00,1510.6,64.0,1538.9503691460056,4,0
2010-04-09 10:00:00,1625.0,68.0,1606.9193994490363,4,0
2010-04-09 11:00:00,1573.7,67.0,1648.156920110193,4,0
2010-04-09 12:00:00,1628.7,65.0,1673.3081707988983,4,0
2010-04-09 13:00:00,1571.4,65.0,1684.932479338843,4,0
2010-04-09 14:00:00,1604.8999999999999,65.0,1689.4620220385673,4,0
2010-04-09 15:00:00,1635.4,64.0,1682.8770523415978,4,0
2010-04-09 16:00:00,1528.8,63.0,1695.4455261707988,4,0
2010-04-09 17:00:00,1462.8,60.0,1692.1561157024794,4,0
2010-04-09 18:00:00,1561.9,59.0,1710.646837465565,4,0
2010-04-09 19:00:00,1541.2,58.0,1687.200358126722,4,0
2010-04-09 20:00:00,1442.3000000000002,58.0,1620.8509586776863,4,0
2010-04-09 21:00:00,1364.1000000000001,57.0,1513.6210909090912,4,0
2010-04-09 22:00:00,1192.4,57.0,1144.3002809917355,4,0
2010-04-09 23:00:00,1090.0,56.0,1017.1286666666667,4,0
2010-04-10 00:00:00,1127.1,56.0,999.6317851239673,5,0
2010-04-10 01:00:00,1210.5,56.0,985.4539449035817,5,0
2010-04-10 02:00:00,1166.7999999999997,56.0,1034.565746556474,5,0
2010-04-10 03:00:00,1275.0,56.0,1097.273658402204,5,0
2010-04-10 04:00:00,1287.1,56.0,1094.9037741046834,5,0
2010-04-10 05:00:00,1304.8000000000002,56.0,1064.8093719008266,5,0
2010-04-10 06:00:00,1425.7,56.0,1133.181482093664,5,0
2010-04-10 07:00:00,1405.5,57.0,1433.4100000000003,5,0
2010-04-10 08:00:00,1431.8,58.0,1457.9339889807168,5,0
2010-04-10 09:00:00,1422.3,58.0,1499.5463691460056,5,0
2010-04-10 10:00:00,1466.2,58.0,1571.7713994490357,5,0
2010-04-10 11:00:00,1526.5,60.0,1619.132920110193,5,0
2010-04-10 12:00:00,1614.2,61.0,1654.848170798898,5,0
2010-04-10 13:00:00,1608.7,63.0,1670.676479338843,5,0
2010-04-10 14:00:00,1610.4,62.0,1677.1420220385676,5,0
2010-04-10 15:00:00,1626.6999999999998,62.0,1671.1330523415975,5,0
2010-04-10 16:00:00,1622.0,61.0,1683.3575261707988,5,0
2010-04-10 17:00:00,1524.4,59.0,1679.2641157024796,5,0
2010-04-10 18:00:00,1482.4,59.0,1696.4068374655649,5,0
2010-04-10 19:00:00,1454.4,57.0,1667.848358126722,5,0
2010-04-10 20:00:00,1349.8000000000002,57.0,1597.4549586776861,5,0
2010-04-10 21:00:00,1292.1,57.0,1489.9410909090907,5,0
2010-04-10 22:00:00,1269.1,57.0,1122.2122809917357,5,0
2010-04-10 23:00:00,1139.8000000000002,56.0,998.2486666666666,5,0
2010-04-11 00:00:00,1189.0,56.0,975.9677851239669,6,0
2010-04-11 01:00:00,1175.8000000000002,57.0,954.0859449035813,6,0
2010-04-11 02:00:00,1165.5,57.0,993.5977465564738,6,0
2010-04-11 03:00:00,1197.0,57.0,1049.0176584022042,6,0
2010-04-11 04:00:00,1263.7,57.0,1038.6597741046833,6,0
2010-04-11 05:00:00,1295.0,57.0,998.8373719008265,6,0
2010-04-11 06:00:00,1400.5,57.0,1062.081482093664,6,0
2010-04-11 07:00:00,1354.3,57.0,1362.5660000000005,6,0
2010-04-11 08:00:00,1379.1,58.0,1390.3699889807162,6,0
2010-04-11 09:00:00,1368.9,60.0,1434.6263691460056,6,0
2010-04-11 10:00:00,1417.6999999999998,60.0,1508.327399449036,6,0
2010-04-11 11:00:00,1447.9,61.0,1553.472920110193,6,0
2010-04-11 12:00:00,1447.4,61.0,1585.408170798898,6,0
2010-04-11 13:00:00,1401.6,62.0,1598.4564793388429,6,0
2010-04-11 14:00:00,1407.7,63.0,1605.5140220385674,6,0
2010-04-11 15:00:00,1450.0,63.0,1598.6370523415976,6,0
2010-04-11 16:00:00,1413.6,62.0,1614.2175261707991,6,0
2010-04-11 17:00:00,1374.3999999999999,62.0,1610.1281157024791,6,0
2010-04-11 18:00:00,1415.8,61.0,1624.2548374655648,6,0
2010-04-11 19:00:00,1381.3,60.0,1597.060358126722,6,0
2010-04-11 20:00:00,1345.0,60.0,1527.498958677686,6,0
2010-04-11 21:00:00,1265.6999999999998,59.0,1418.9490909090912,6,0
2010-04-11 22:00:00,1234.0,58.0,1049.7042809917357,6,0
2010-04-11 23:00:00,1161.1,54.0,923.2926666666667,6,0
2010-04-12 00:00:00,1144.3,54.0,898.9437851239666,0,0
2010-04-12 01:00:00,1168.1999999999998,53.0,880.889944903581,0,0
2010-04-12 02:00:00,1145.6,53.0,925.2457465564742,0,0
2010-04-12 03:00:00,1174.0,53.0,983.9776584022038,0,0
2010-04-12 04:00:00,1269.6,52.0,978.2557741046833,0,0
2010-04-12 05:00:00,1271.7,50.0,944.3253719008266,0,0
2010-04-12 06:00:00,1315.3000000000002,51.0,1010.1814820936638,0,0
2010-04-12 07:00:00,1363.1999999999998,54.0,1310.854,0,0
2010-04-12 08:00:00,1348.7,54.0,1338.2419889807165,0,0
2010-04-12 09:00:00,1290.3,57.0,1380.8383691460056,0,0
2010-04-12 10:00:00,1326.4,59.0,1457.819399449036,0,0
2010-04-12 11:00:00,1338.2,59.0,1509.8609201101929,0,0
2010-04-12 12:00:00,1317.1,61.0,1546.4081707988983,0,0
2010-04-12 13:00:00,1330.5,60.0,1564.2724793388431,0,0
2010-04-12 14:00:00,1321.7,61.0,1574.4620220385677,0,0
2010-04-12 15:00:00,1330.1000000000001,60.0,1569.8410523415978,0,0
2010-04-12 16:00:00,1352.8000000000002,60.0,1584.5375261707989,0,0
2010-04-12 17:00:00,1313.3000000000002,59.0,1578.7201157024792,0,0
2010-04-12 18:00:00,1331.1,58.0,1592.982837465565,0,0
2010-04-12 19:00:00,1319.4,57.0,1568.304358126722,0,0
2010-04-12 20:00:00,1261.5,55.0,1498.690958677686,0,0
2010-04-12 21:00:00,1219.4,55.0,1394.681090909091,0,0
2010-04-12 22:00:00,1289.6,53.0,1031.1122809917356,0,0
2010-04-12 23:00:00,1298.4,53.0,911.1606666666669,0,0
2010-04-13 00:00:00,1280.8999999999999,53.0,899.3837851239673,1,0
2010-04-13 01:00:00,1243.9,52.0,893.7499449035813,1,0
2010-04-13 02:00:00,1216.3,52.0,947.481746556474,1,0
2010-04-13 03:00:00,1210.5,51.0,1015.037658402204,1,0
2010-04-13 04:00:00,1224.5,48.0,1018.1517741046835,1,0
2010-04-13 05:00:00,1234.4,47.0,992.2693719008263,1,0
2010-04-13 06:00:00,1295.4,48.0,1065.1894820936643,1,0
2010-04-13 07:00:00,1340.9,53.0,1372.594,1,0
2010-04-13 08:00:00,1356.3,56.0,1404.4219889807164,1,0
2010-04-13 09:00:00,1373.4,59.0,1453.9743691460055,1,0
2010-04-13 10:00:00,1389.6999999999998,61.0,1531.2793994490357,1,0
2010-04-13 11:00:00,1408.4,62.0,1576.1889201101933,1,0
2010-04-13 12:00:00,1521.7000000000003,61.0,1602.764170798898,1,0
2010-04-13 13:00:00,1510.7,61.0,1611.588479338843,1,0
2010-04-13 14:00:00,1485.0,60.0,1617.8660220385677,1,0
2010-04-13 15:00:00,1464.7,60.0,1610.0650523415977,1,0
2010-04-13 16:00:00,1453.8,60.0,1621.5615261707987,1,0
2010-04-13 17:00:00,1453.7,60.0,1615.5041157024793,1,0
2010-04-13 18:00:00,1446.6000000000001,58.0,1627.8068374655645,1,0
2010-04-13 19:00:00,1403.0,57.0,1602.2923581267216,1,0
2010-04-13 20:00:00,1310.6,57.0,1533.150958677686,1,0
2010-04-13 21:00:00,1309.8000000000002,55.0,1426.0410909090908,1,0
2010-04-13 22:00:00,1251.4,54.0,1060.5082809917358,1,0
2010-04-13 23:00:00,1175.6999999999998,53.0,939.6646666666663,1,0
2010-04-14 00:00:00,1168.9,53.0,924.6317851239673,2,0
2010-04-14 01:00:00,1154.5,52.0,910.6259449035813,2,0
2010-04-14 02:00:00,1194.2,51.0,959.2697465564731,2,0
2010-04-14 03:00:00,1201.6999999999998,50.0,1021.885658402204,2,0
2010-04-14 04:00:00,1181.0,50.0,1019.6277741046831,2,0
2010-04-14 05:00:00,1183.3,50.0,988.2813719008262,2,0
2010-04-14 06:00:00,1209.1,50.0,1057.0734820936639,2,0
2010-04-14 07:00:00,1300.1,55.0,1362.2820000000002,2,0
2010-04-14 08:00:00,1345.8,59.0,1393.665988980716,2,0
2010-04-14 09:00:00,1303.5,61.0,1442.4583691460055,2,0
2010-04-14 10:00:00,1423.6999999999998,63.0,1513.851399449036,2,0
2010-04-14 11:00:00,1449.3999999999999,63.0,1556.6569201101927,2,0
2010-04-14 12:00:00,1510.5,65.0,1584.7241707988978,2,0
2010-04-14 13:00:00,1506.0,64.0,1594.400479338843,2,0
2010-04-14 14:00:00,1538.0,62.0,1599.1740220385677,2,0
2010-04-14 15:00:00,1504.5,62.0,1586.9170523415978,2,0
2010-04-14 16:00:00,1454.1000000000001,62.0,1594.2335261707988,2,0
2010-04-14 17:00:00,1418.1,60.0,1585.656115702479,2,0
2010-04-14 18:00:00,1483.8,59.0,1599.7508374655645,2,0
2010-04-14 19:00:00,1463.6000000000001,59.0,1576.7243581267214,2,0
2010-04-14 20:00:00,1383.1000000000001,59.0,1507.6589586776859,2,0
2010-04-14 21:00:00,1339.8999999999999,56.0,1402.0890909090908,2,0
2010-04-14 22:00:00,1194.0,55.0,1038.4842809917354,2,0
2010-04-14 23:00:00,1084.9,55.0,916.9686666666664,2,0
2010-04-15 00:00:00,1083.5,54.0,901.6477851239667,3,0
2010-04-15 01:00:00,1063.8,53.0,890.4579449035812,3,0
2010-04-15 02:00:00,1067.2,53.0,937.3097465564738,3,0
2010-04-15 03:00:00,1068.2,51.0,995.6936584022039,3,0
2010-04-15 04:00:00,1067.6999999999998,52.0,991.0117741046834,3,0
2010-04-15 05:00:00,1076.8,51.0,958.5333719008269,3,0
2010-04-15 06:00:00,1202.8000000000002,52.0,1027.7974820936638,3,0
2010-04-15 07:00:00,1276.0,58.0,1332.4219999999996,3,0
2010-04-15 08:00:00,1306.9,60.0,1361.865988980716,3,0
2010-04-15 09:00:00,1331.5,63.0,1408.9623691460054,3,0
2010-04-15 10:00:00,1402.0,64.0,1471.3633994490353,3,0
2010-04-15 11:00:00,1466.6,64.0,1506.8009201101927,3,0
2010-04-15 12:00:00,1544.3000000000002,64.0,1528.9041707988983,3,0
2010-04-15 13:00:00,1565.2,66.0,1532.200479338843,3,0
2010-04-15 14:00:00,1488.5,64.0,1530.4860220385676,3,0
2010-04-15 15:00:00,1451.6999999999998,63.0,1514.7130523415979,3,0
2010-04-15 16:00:00,1433.2999999999997,63.0,1518.5295261707988,3,0
2010-04-15 17:00:00,1390.1,61.0,1504.7961157024797,3,0
2010-04-15 18:00:00,1460.0,62.0,1512.4348374655647,3,0
2010-04-15 19:00:00,1486.2,59.0,1489.444358126722,3,0
2010-04-15 20:00:00,1395.1999999999998,59.0,1417.9749586776857,3,0
2010-04-15 21:00:00,1370.0,58.0,1311.5890909090906,3,0
2010-04-15 22:00:00,999.3,58.0,945.1042809917355,3,0
2010-04-15 23:00:00,843.3000000000001,56.0,821.9046666666666,3,0
2010-04-16 00:00:00,843.5999999999999,54.0,802.483785123967,4,0
2010-04-16 01:00:00,818.9,53.0,785.4499449035811,4,0
2010-04-16 02:00:00,814.3,53.0,828.0737465564744,4,0
2010-04-16 03:00:00,853.3000000000001,52.0,888.8416584022038,4,0
2010-04-16 04:00:00,846.7,52.0,886.4237741046832,4,0
2010-04-16 05:00:00,834.6,53.0,853.4133719008263,4,0
2010-04-16 06:00:00,934.9,53.0,924.9534820936642,4,0
2010-04-16 07:00:00,1270.6,57.0,1229.414,4,0
2010-04-16 08:00:00,1222.7,58.0,1258.2419889807163,4,0
2010-04-16 09:00:00,1272.1999999999998,62.0,1304.0343691460057,4,0
2010-04-16 10:00:00,1358.0,64.0,1365.6913994490358,4,0
2010-04-16 11:00:00,1402.8,64.0,1408.940920110193,4,0
2010-04-16 12:00:00,1459.0,64.0,1439.908170798898,4,0
2010-04-16 13:00:00,1452.9,64.0,1451.676479338843,4,0
2010-04-16 14:00:00,1442.0,63.0,1459.1340220385673,4,0
2010-04-16 15:00:00,1461.8,62.0,1454.269052341598,4,0
2010-04-16 16:00:00,1437.1,62.0,1466.7135261707988,4,0
2010-04-16 17:00:00,1356.0,62.0,1461.5281157024792,4,0
2010-04-16 18:00:00,1488.8999999999999,60.0,1478.514837465565,4,0
2010-04-16 19:00:00,1458.3000000000002,59.0,1463.1283581267219,4,0
2010-04-16 20:00:00,1402.4,59.0,1391.8029586776856,4,0
2010-04-16 21:00:00,1349.5,58.0,1287.2770909090912,4,0
2010-04-16 22:00:00,1010.8,56.0,921.9322809917358,4,0
2010-04-16 23:00:00,843.9,56.0,801.0126666666665,4,0
2010-04-17 00:00:00,823.6,55.0,784.8797851239672,5,0
2010-04-17 01:00:00,790.8000000000001,55.0,774.9059449035813,5,0
2010-04-17 02:00:00,798.7,54.0,826.1097465564737,5,0
2010-04-17 03:00:00,873.0999999999999,53.0,890.1416584022038,5,0
2010-04-17 04:00:00,847.5,53.0,887.815774104683,5,0
2010-04-17 05:00:00,827.3000000000001,52.0,858.5653719008263,5,0
2010-04-17 06:00:00,926.3999999999999,53.0,932.2214820936642,5,0
2010-04-17 07:00:00,1192.8000000000002,58.0,1237.454,5,0
2010-04-17 08:00:00,1220.9,62.0,1268.137988980716,5,0
2010-04-17 09:00:00,1234.5,66.0,1313.8343691460054,5,0
2010-04-17 10:00:00,1327.2,68.0,1374.995399449036,5,0
2010-04-17 11:00:00,1415.8,66.0,1418.532920110193,5,0
2010-04-17 12:00:00,1477.3999999999999,66.0,1450.4761707988978,5,0
2010-04-17 13:00:00,1544.1,66.0,1464.2844793388429,5,0
2010-04-17 14:00:00,1544.1999999999998,67.0,1472.7380220385676,5,0
2010-04-17 15:00:00,1496.8999999999999,66.0,1468.2930523415973,5,0
2010-04-17 16:00:00,1449.5,67.0,1481.3535261707991,5,0
2010-04-17 17:00:00,1453.8,65.0,1476.4521157024792,5,0
2010-04-17 18:00:00,1507.7,62.0,1492.2828374655646,5,0
2010-04-17 19:00:00,1506.5,61.0,1477.5043581267216,5,0
2010-04-17 20:00:00,1420.8999999999999,60.0,1409.630958677686,5,0
2010-04-17 21:00:00,1354.3,60.0,1308.333090909091,5,0
2010-04-17 22:00:00,977.9,60.0,946.5482809917355,5,0
2010-04-17 23:00:00,862.6,59.0,829.8206666666667,5,0
2010-04-18 00:00:00,848.6,56.0,816.4277851239672,6,0
2010-04-18 01:00:00,821.8,56.0,807.6059449035811,6,0
2010-04-18 02:00:00,795.4999999999999,54.0,855.417746556474,6,0
2010-04-18 03:00:00,868.0000000000001,54.0,916.721658402204,6,0
2010-04-18 04:00:00,882.7,53.0,914.0157741046833,6,0
2010-04-18 05:00:00,835.2,52.0,880.7813719008269,6,0
2010-04-18 06:00:00,890.2,52.0,949.2654820936641,6,0
2010-04-18 07:00:00,1199.5,55.0,1251.3859999999997,6,0
2010-04-18 08:00:00,1229.3999999999999,57.0,1278.9299889807162,6,0
2010-04-18 09:00:00,1313.4,66.0,1311.0143691460055,6,0
2010-04-18 10:00:00,1378.5,63.0,1369.607399449036,6,0
2010-04-18 11:00:00,1489.8000000000002,65.0,1413.4929201101927,6,0
2010-04-18 12:00:00,1558.8999999999999,64.0,1444.180170798898,6,0
2010-04-18 13:00:00,1591.3000000000002,65.0,1456.4284793388429,6,0
2010-04-18 14:00:00,1550.6,66.0,1465.2060220385679,6,0
2010-04-18 15:00:00,1530.9,64.0,1460.0450523415977,6,0
2010-04-18 16:00:00,1475.1,62.0,1471.8375261707988,6,0
2010-04-18 17:00:00,1366.6,61.0,1465.1041157024792,6,0
2010-04-18 18:00:00,1476.1999999999998,60.0,1481.6508374655646,6,0
2010-04-18 19:00:00,1447.5,59.0,1469.0043581267216,6,0
2010-04-18 20:00:00,1390.6,58.0,1402.078958677686,6,0
2010-04-18 21:00:00,1032.5,58.0,1301.1610909090905,6,0
2010-04-18 22:00:00,918.5,58.0,936.1842809917355,6,0
2010-04-18 23:00:00,838.3999999999999,59.0,816.4966666666664,6,0
2010-04-19 00:00:00,835.9000000000001,59.0,799.6717851239669,0,0
2010-04-19 01:00:00,807.8,58.0,783.6099449035812,0,0
2010-04-19 02:00:00,834.6,58.0,827.3057465564741,0,0
2010-04-19 03:00:00,846.9,58.0,888.0776584022037,0,0
2010-04-19 04:00:00,845.9000000000001,56.0,883.0517741046831,0,0
2010-04-19 05:00:00,824.6,57.0,849.7573719008268,0,0
2010-04-19 06:00:00,916.0,56.0,922.9254820936644,0,0
2010-04-19 07:00:00,1216.6,59.0,1228.2259999999997,0,0
2010-04-19 08:00:00,1259.8000000000002,62.0,1258.8099889807165,0,0
2010-04-19 09:00:00,1331.4,64.0,1304.6423691460052,0,0
2010-04-19 10:00:00,1377.6,65.0,1379.1753994490357,0,0
2010-04-19 11:00:00,1467.1,66.0,1425.2609201101927,0,0
2010-04-19 12:00:00,1547.1000000000001,66.0,1457.1041707988982,0,0
2010-04-19 13:00:00,1491.8,66.0,1469.916479338843,0,0
2010-04-19 14:00:00,1494.9,66.0,1477.9660220385676,0,0
2010-04-19 15:00:00,1524.0,65.0,1471.069052341598,0,0
2010-04-19 16:00:00,1451.1,64.0,1483.4055261707986,0,0
2010-04-19 17:00:00,1390.7000000000003,64.0,1475.360115702479,0,0
2010-04-19 18:00:00,1506.1,62.0,1488.750837465565,0,0
2010-04-19 19:00:00,1495.5,60.0,1474.9803581267215,0,0
2010-04-19 20:00:00,1407.6000000000001,60.0,1405.3549586776858,0,0
2010-04-19 21:00:00,1345.8999999999999,60.0,1299.1490909090908,0,0
2010-04-19 22:00:00,995.2,58.0,930.3162809917355,0,0
2010-04-19 23:00:00,834.0,58.0,805.4086666666667,0,0
2010-04-20 00:00:00,840.5999999999999,57.0,779.683785123967,1,0
2010-04-20 01:00:00,809.2,56.0,755.0979449035808,1,0
2010-04-20 02:00:00,802.4,55.0,793.9177465564737,1,0
2010-04-20 03:00:00,842.6,54.0,846.6016584022038,1,0
2010-04-20 04:00:00,838.4,54.0,835.2317741046832,1,0
2010-04-20 05:00:00,755.0,54.0,797.8853719008263,1,0
2010-04-20 06:00:00,826.5,55.0,865.4254820936637,1,0
2010-04-20 07:00:00,1214.3,59.0,1166.438,1,0
2010-04-20 08:00:00,1209.4,60.0,1191.985988980716,1,0
2010-04-20 09:00:00,1229.6,61.0,1235.3743691460056,1,0
2010-04-20 10:00:00,1299.2,62.0,1295.511399449036,1,0
2010-04-20 11:00:00,1335.6999999999998,62.0,1337.6929201101927,1,0
2010-04-20 12:00:00,1301.9,65.0,1368.3561707988981,1,0
2010-04-20 13:00:00,1266.9,63.0,1380.036479338843,1,0
2010-04-20 14:00:00,1273.5,65.0,1387.7340220385677,1,0
2010-04-20 15:00:00,1266.1,64.0,1383.0690523415979,1,0
2010-04-20 16:00:00,1285.6,64.0,1395.5175261707989,1,0
2010-04-20 17:00:00,1265.4,57.0,1389.4481157024798,1,0
2010-04-20 18:00:00,1389.5,56.0,1407.9548374655647,1,0
2010-04-20 19:00:00,1418.2,57.0,1395.7523581267217,1,0
2010-04-20 20:00:00,1329.7,57.0,1325.2029586776862,1,0
2010-04-20 21:00:00,1301.8000000000002,56.0,1218.6810909090907,1,0
2010-04-20 22:00:00,948.7,54.0,848.964280991735,1,0
2010-04-20 23:00:00,813.1,53.0,722.1846666666668,1,0
2010-04-21 00:00:00,806.7,52.0,699.7197851239671,2,0
2010-04-21 01:00:00,785.6,51.0,684.4779449035814,2,0
2010-04-21 02:00:00,795.0,50.0,731.0097465564738,2,0
2010-04-21 03:00:00,866.2,48.0,792.3096584022037,2,0
2010-04-21 04:00:00,836.9,48.0,789.3917741046835,2,0
2010-04-21 05:00:00,796.9,48.0,755.8573719008265,2,0
2010-04-21 06:00:00,884.8,48.0,826.0054820936643,2,0
2010-04-21 07:00:00,1164.0,52.0,1129.1340000000002,2,0
2010-04-21 08:00:00,1184.0,56.0,1155.6899889807162,2,0
2010-04-21 09:00:00,1171.3,58.0,1201.6863691460053,2,0
2010-04-21 10:00:00,1175.3000000000002,57.0,1261.483399449036,2,0
2010-04-21 11:00:00,1210.5,58.0,1303.0009201101925,2,0
2010-04-21 12:00:00,1252.0,59.0,1332.2841707988982,2,0
2010-04-21 13:00:00,1255.3,61.0,1343.2884793388434,2,0
2010-04-21 14:00:00,1241.4,62.0,1349.8700220385676,2,0
2010-04-21 15:00:00,1260.1,60.0,1343.3130523415975,2,0
2010-04-21 16:00:00,1239.0,61.0,1354.0855261707986,2,0
2010-04-21 17:00:00,1195.2,57.0,1346.860115702479,2,0
2010-04-21 18:00:00,1329.4,56.0,1362.7828374655646,2,0
2010-04-21 19:00:00,1354.5,56.0,1347.5523581267219,2,0
2010-04-21 20:00:00,1277.6,55.0,1277.6989586776863,2,0
2010-04-21 21:00:00,1289.1,54.0,1171.5530909090912,2,0
2010-04-21 22:00:00,896.1,52.0,804.9442809917352,2,0
2010-04-21 23:00:00,750.0,51.0,682.1766666666667,2,0
2010-04-22 00:00:00,751.3,51.0,661.6077851239668,3,0
2010-04-22 01:00:00,734.8,51.0,646.165944903581,3,0
2010-04-22 02:00:00,743.5,51.0,691.5577465564738,3,0
2010-04-22 03:00:00,811.5,49.0,751.6656584022039,3,0
2010-04-22 04:00:00,818.6,48.0,748.2117741046832,3,0
2010-04-22 05:00:00,766.5,48.0,716.2173719008264,3,0
2010-04-22 06:00:00,862.1,49.0,790.0014820936642,3,0
2010-04-22 07:00:00,1146.6000000000001,53.0,1095.218,3,0
2010-04-22 08:00:00,1151.1,57.0,1125.341988980716,3,0
2010-04-22 09:00:00,1155.3,55.0,1172.7023691460056,3,0
2010-04-22 10:00:00,1194.7,57.0,1231.859399449036,3,0
2010-04-22 11:00:00,1186.9,60.0,1274.0289201101932,3,0
2010-04-22 12:00:00,1174.2,55.0,1305.2561707988982,3,0
2010-04-22 13:00:00,1200.4,55.0,1317.996479338843,3,0
2010-04-22 14:00:00,1201.3,55.0,1325.8260220385678,3,0
2010-04-22 15:00:00,1198.1999999999998,55.0,1319.4170523415978,3,0
2010-04-22 16:00:00,1219.6,57.0,1330.5575261707988,3,0
2010-04-22 17:00:00,1187.1,59.0,1322.6841157024792,3,0
2010-04-22 18:00:00,1350.1,55.0,1337.4908374655652,3,0
2010-04-22 19:00:00,1346.6,55.0,1323.2043581267217,3,0
2010-04-22 20:00:00,1303.1,55.0,1254.302958677686,3,0
2010-04-22 21:00:00,1271.1,53.0,1150.3690909090908,3,0
2010-04-22 22:00:00,867.4000000000001,52.0,784.3442809917353,3,0
2010-04-22 23:00:00,713.7,52.0,666.0366666666664,3,0
2010-04-23 00:00:00,736.8,51.0,651.8757851239664,4,0
2010-04-23 01:00:00,722.8000000000001,51.0,645.4059449035813,4,0
2010-04-23 02:00:00,723.9000000000001,51.0,699.7617465564738,4,0
2010-04-23 03:00:00,763.7,48.0,767.0976584022035,4,0
2010-04-23 04:00:00,773.1,48.0,770.7957741046835,4,0
2010-04-23 05:00:00,732.0,48.0,743.2213719008265,4,0
2010-04-23 06:00:00,803.8000000000001,48.0,821.0214820936637,4,0
2010-04-23 07:00:00,1147.5,54.0,1128.1780000000003,4,0
2010-04-23 08:00:00,1157.5,57.0,1160.6939889807165,4,0
2010-04-23 09:00:00,1177.7,61.0,1209.0383691460056,4,0
2010-04-23 10:00:00,1193.3,63.0,1271.0313994490361,4,0
2010-04-23 11:00:00,1317.8,63.0,1317.4249201101925,4,0
2010-04-23 12:00:00,1310.8,61.0,1351.648170798898,4,0
2010-04-23 13:00:00,1346.9,63.0,1366.3564793388427,4,0
2010-04-23 14:00:00,1370.5,63.0,1376.1700220385678,4,0
2010-04-23 15:00:00,1338.8000000000002,63.0,1373.4450523415978,4,0
2010-04-23 16:00:00,1336.5,61.0,1388.789526170799,4,0
2010-04-23 17:00:00,1278.2,61.0,1384.3361157024792,4,0
2010-04-23 18:00:00,1442.4,59.0,1403.3668374655645,4,0
2010-04-23 19:00:00,1415.8,57.0,1393.5523581267214,4,0
2010-04-23 20:00:00,1355.0,57.0,1326.266958677686,4,0
2010-04-23 21:00:00,1321.1999999999998,56.0,1223.1850909090908,4,0
2010-04-23 22:00:00,920.3,56.0,861.2922809917354,4,0
2010-04-23 23:00:00,790.6000000000001,56.0,744.0646666666669,4,0
2010-04-24 00:00:00,775.4000000000001,53.0,728.895785123967,5,0
2010-04-24 01:00:00,757.5,52.0,722.5019449035813,5,0
2010-04-24 02:00:00,761.5,53.0,775.9217465564741,5,0
2010-04-24 03:00:00,836.2,54.0,840.3736584022038,5,0
2010-04-24 04:00:00,830.4000000000001,54.0,842.1517741046837,5,0
2010-04-24 05:00:00,772.0,55.0,813.2013719008265,5,0
2010-04-24 06:00:00,874.9,57.0,886.6014820936639,5,0
2010-04-24 07:00:00,1201.0,58.0,1192.57,5,0
2010-04-24 08:00:00,1198.8,59.0,1223.881988980716,5,0
2010-04-24 09:00:00,1205.4,60.0,1271.1543691460056,5,0
2010-04-24 10:00:00,1319.0,61.0,1333.835399449036,5,0
2010-04-24 11:00:00,1343.4,63.0,1379.6209201101926,5,0
2010-04-24 12:00:00,1416.5,63.0,1412.604170798898,5,0
2010-04-24 13:00:00,1485.3999999999999,64.0,1427.4564793388429,5,0
2010-04-24 14:00:00,1493.6,63.0,1437.0180220385673,5,0
2010-04-24 15:00:00,1435.9,63.0,1433.5730523415978,5,0
2010-04-24 16:00:00,1429.1,63.0,1446.281526170799,5,0
2010-04-24 17:00:00,1360.6999999999998,61.0,1440.5961157024794,5,0
2010-04-24 18:00:00,1423.5,60.0,1457.3188374655647,5,0
2010-04-24 19:00:00,1478.4,59.0,1443.4603581267218,5,0
2010-04-24 20:00:00,1394.1,59.0,1374.2829586776857,5,0
2010-04-24 21:00:00,1346.3,57.0,1270.8330909090912,5,0
2010-04-24 22:00:00,987.5999999999999,57.0,908.1442809917355,5,0
2010-04-24 23:00:00,828.3,56.0,789.7486666666668,5,0
2010-04-25 00:00:00,821.3,55.0,779.251785123967,6,0
2010-04-25 01:00:00,799.6999999999999,55.0,771.0099449035811,6,0
2010-04-25 02:00:00,789.9,53.0,819.7497465564736,6,0
2010-04-25 03:00:00,855.8,53.0,880.7296584022035,6,0
2010-04-25 04:00:00,837.0,53.0,881.6797741046835,6,0
2010-04-25 05:00:00,798.5,54.0,850.1933719008265,6,0
2010-04-25 06:00:00,857.2,54.0,923.8694820936641,6,0
2010-04-25 07:00:00,1171.0,54.0,1229.1699999999998,6,0
2010-04-25 08:00:00,1205.0,56.0,1257.2579889807164,6,0
2010-04-25 09:00:00,1237.5,60.0,1287.4663691460057,6,0
2010-04-25 10:00:00,1326.8,62.0,1346.2273994490354,6,0
2010-04-25 11:00:00,1439.8999999999999,62.0,1388.7329201101927,6,0
2010-04-25 12:00:00,1558.9,60.0,1419.7001707988982,6,0
2010-04-25 13:00:00,1544.9,61.0,1432.724479338843,6,0
2010-04-25 14:00:00,1515.1,60.0,1441.4100220385676,6,0
2010-04-25 15:00:00,1472.2,61.0,1436.5290523415974,6,0
2010-04-25 16:00:00,1505.5,62.0,1448.6895261707984,6,0
2010-04-25 17:00:00,1389.8999999999999,60.0,1442.5681157024792,6,0
2010-04-25 18:00:00,1512.8999999999999,58.0,1458.9708374655652,6,0
2010-04-25 19:00:00,1442.7999999999997,57.0,1447.8403581267216,6,0
2010-04-25 20:00:00,1376.1,57.0,1380.674958677686,6,0
2010-04-25 21:00:00,958.8000000000001,56.0,1280.0490909090906,6,0
2010-04-25 22:00:00,914.7,56.0,918.4322809917358,6,0
2010-04-25 23:00:00,813.6,55.0,802.5686666666663,6,0
2010-04-26 00:00:00,808.5999999999999,55.0,784.743785123967,0,0
2010-04-26 01:00:00,799.9000000000001,55.0,766.2859449035811,0,0
2010-04-26 02:00:00,810.1999999999999,54.0,809.629746556474,0,0
2010-04-26 03:00:00,848.3,54.0,870.3336584022036,0,0
2010-04-26 04:00:00,842.9000000000001,54.0,866.4517741046834,0,0
2010-04-26 05:00:00,794.2,54.0,829.8293719008267,0,0
2010-04-26 06:00:00,875.7,54.0,899.9614820936638,0,0
2010-04-26 07:00:00,1221.5,55.0,1202.194,0,0
2010-04-26 08:00:00,1225.3,57.0,1232.901988980716,0,0
2010-04-26 09:00:00,1314.3,60.0,1280.7143691460055,0,0
2010-04-26 10:00:00,1385.6999999999998,60.0,1356.7713994490362,0,0
2010-04-26 11:00:00,1511.0,58.0,1402.1369201101927,0,0
2010-04-26 12:00:00,1472.1999999999998,59.0,1433.868170798898,0,0
2010-04-26 13:00:00,1431.8999999999999,59.0,1446.9404793388433,0,0
2010-04-26 14:00:00,1439.7,59.0,1455.0380220385673,0,0
2010-04-26 15:00:00,1486.8,58.0,1449.153052341598,0,0
2010-04-26 16:00:00,1421.0,58.0,1462.029526170799,0,0
2010-04-26 17:00:00,1337.9,57.0,1455.4961157024795,0,0
2010-04-26 18:00:00,1453.5,56.0,1474.1748374655645,0,0
2010-04-26 19:00:00,1455.5,55.0,1461.896358126722,0,0
2010-04-26 20:00:00,1406.0000000000002,55.0,1393.2389586776858,0,0
2010-04-26 21:00:00,1380.9,55.0,1288.1970909090912,0,0
2010-04-26 22:00:00,959.6,55.0,918.8282809917357,0,0
2010-04-26 23:00:00,812.1999999999999,55.0,793.2206666666668,0,0
2010-04-27 00:00:00,812.9999999999999,55.0,768.375785123967,1,0
2010-04-27 01:00:00,788.4000000000001,54.0,753.5179449035811,1,0
2010-04-27 02:00:00,795.7,56.0,802.6417465564743,1,0
2010-04-27 03:00:00,843.5,57.0,862.6976584022041,1,0
2010-04-27 04:00:00,853.3,57.0,855.4997741046834,1,0
2010-04-27 05:00:00,789.8,56.0,823.7133719008267,1,0
2010-04-27 06:00:00,928.3,58.0,893.9294820936639,1,0
2010-04-27 07:00:00,1211.3,59.0,1198.902,1,0
2010-04-27 08:00:00,1238.5,59.0,1228.2059889807163,1,0
2010-04-27 09:00:00,1224.2,59.0,1273.6303691460055,1,0
2010-04-27 10:00:00,1268.6999999999998,59.0,1334.3073994490358,1,0
2010-04-27 11:00:00,1326.3000000000002,58.0,1378.836920110193,1,0
2010-04-27 12:00:00,1367.8000000000002,59.0,1411.9081707988985,1,0
2010-04-27 13:00:00,1435.2000000000003,59.0,1426.3564793388432,1,0
2010-04-27 14:00:00,1471.1999999999998,60.0,1436.7340220385677,1,0
2010-04-27 15:00:00,1395.1999999999998,59.0,1430.7090523415977,1,0
2010-04-27 16:00:00,1352.6999999999998,59.0,1446.0895261707988,1,0
2010-04-27 17:00:00,1374.3000000000002,59.0,1440.8961157024792,1,0
2010-04-27 18:00:00,1403.6000000000001,57.0,1459.0268374655648,1,0
2010-04-27 19:00:00,1464.6,57.0,1445.1163581267217,1,0
2010-04-27 20:00:00,1383.6,57.0,1377.0349586776856,1,0
2010-04-27 21:00:00,1351.1,57.0,1272.6650909090904,1,0
2010-04-27 22:00:00,997.2,57.0,907.4882809917356,1,0
2010-04-27 23:00:00,836.1999999999999,57.0,785.7006666666671,1,0
2010-04-28 00:00:00,845.0999999999999,57.0,766.587785123967,2,0
2010-04-28 01:00:00,827.2,57.0,751.7499449035813,2,0
2010-04-28 02:00:00,841.1999999999999,58.0,796.8457465564741,2,0
2010-04-28 03:00:00,825.5,58.0,852.8096584022037,2,0
2010-04-28 04:00:00,911.0999999999999,57.0,848.043774104683,2,0
2010-04-28 05:00:00,833.7,56.0,814.7773719008263,2,0
2010-04-28 06:00:00,910.2,56.0,882.1894820936641,2,0
2010-04-28 07:00:00,1223.1,58.0,1187.0939999999998,2,0
2010-04-28 08:00:00,1242.6999999999998,59.0,1212.9739889807163,2,0
2010-04-28 09:00:00,1254.1999999999998,59.0,1256.0703691460055,2,0
2010-04-28 10:00:00,1283.4,60.0,1315.6593994490356,2,0
2010-04-28 11:00:00,1304.8,59.0,1356.3889201101929,2,0
2010-04-28 12:00:00,1326.4,61.0,1385.9521707988981,2,0
2010-04-28 13:00:00,1331.3,61.0,1396.3844793388428,2,0
2010-04-28 14:00:00,1373.8,62.0,1402.318022038567,2,0
2010-04-28 15:00:00,1324.4,62.0,1395.0370523415982,2,0
2010-04-28 16:00:00,1321.9,61.0,1407.7295261707984,2,0
2010-04-28 17:00:00,1269.0,60.0,1397.264115702479,2,0
2010-04-28 18:00:00,1369.9,58.0,1412.382837465564,2,0
2010-04-28 19:00:00,1413.0,57.0,1396.1723581267215,2,0
2010-04-28 20:00:00,1307.1,56.0,1324.1389586776859,2,0
2010-04-28 21:00:00,1270.5,56.0,1216.7610909090909,2,0
2010-04-28 22:00:00,940.1999999999999,55.0,847.6522809917358,2,0
2010-04-28 23:00:00,778.8,55.0,721.9286666666667,2,0
2010-04-29 00:00:00,781.4000000000001,53.0,700.523785123967,3,0
2010-04-29 01:00:00,758.9,52.0,684.801944903581,3,0
2010-04-29 02:00:00,768.9000000000001,54.0,730.2657465564739,3,0
2010-04-29 03:00:00,839.5999999999999,53.0,789.1216584022038,3,0
2010-04-29 04:00:00,825.9000000000001,52.0,785.8637741046837,3,0
2010-04-29 05:00:00,759.7,52.0,752.8053719008263,3,0
2010-04-29 06:00:00,878.8000000000001,52.0,823.8694820936639,3,0
2010-04-29 07:00:00,1147.5,55.0,1127.7060000000001,3,0
2010-04-29 08:00:00,1155.7,58.0,1156.189988980716,3,0
2010-04-29 09:00:00,1183.2,60.0,1202.7583691460056,3,0
2010-04-29 10:00:00,1215.1,60.0,1262.807399449036,3,0
2010-04-29 11:00:00,1221.1,63.0,1303.5049201101929,3,0
2010-04-29 12:00:00,1247.6,62.0,1332.576170798898,3,0
2010-04-29 13:00:00,1267.8,62.0,1343.0924793388428,3,0
2010-04-29 14:00:00,1279.1,62.0,1349.3500220385677,3,0
2010-04-29 15:00:00,1299.3000000000002,63.0,1342.9130523415981,3,0
2010-04-29 16:00:00,1288.8000000000002,67.0,1353.745526170799,3,0
2010-04-29 17:00:00,1243.4,66.0,1345.1121157024795,3,0
2010-04-29 18:00:00,1355.9,63.0,1361.8508374655648,3,0
2010-04-29 19:00:00,1352.6,61.0,1346.8843581267217,3,0
2010-04-29 20:00:00,1320.6,60.0,1278.2629586776861,3,0
2010-04-29 21:00:00,1280.8,59.0,1174.0570909090911,3,0
2010-04-29 22:00:00,871.0999999999999,60.0,809.8682809917352,3,0
2010-04-29 23:00:00,721.0,59.0,690.7446666666667,3,0
2010-04-30 00:00:00,711.7,58.0,676.6517851239669,4,0
2010-04-30 01:00:00,697.3,58.0,667.5139449035814,4,0
2010-04-30 02:00:00,708.7,57.0,720.3817465564739,4,0
2010-04-30 03:00:00,788.4,56.0,784.7496584022042,4,0
2010-04-30 04:00:00,793.4999999999999,55.0,786.4237741046834,4,0
2010-04-30 05:00:00,720.3,55.0,757.5093719008267,4,0
2010-04-30 06:00:00,845.3,56.0,833.3054820936638,4,0
2010-04-30 07:00:00,1147.2,60.0,1140.1819999999996,4,0
2010-04-30 08:00:00,1165.4,63.0,1173.457988980716,4,0
2010-04-30 09:00:00,1175.5,67.0,1221.2903691460053,4,0
2010-04-30 10:00:00,1267.1,70.0,1283.5153994490358,4,0
2010-04-30 11:00:00,1317.8,72.0,1330.244920110193,4,0
2010-04-30 12:00:00,1346.7,69.0,1364.4321707988984,4,0
2010-04-30 13:00:00,1353.6,68.0,1380.160479338843,4,0
2010-04-30 14:00:00,1400.6999999999998,65.0,1391.5020220385672,4,0
2010-04-30 15:00:00,1342.4,66.0,1389.1490523415976,4,0
2010-04-30 16:00:00,1386.9999999999998,67.0,1403.3695261707987,4,0
2010-04-30 17:00:00,1313.9,66.0,1395.9961157024795,4,0
2010-04-30 18:00:00,1448.6000000000001,63.0,1414.1748374655645,4,0
2010-04-30 19:00:00,1414.6,60.0,1401.8563581267215,4,0
2010-04-30 20:00:00,1380.0,58.0,1334.214958677686,4,0
2010-04-30 21:00:00,1325.9,61.0,1232.6130909090905,4,0
2010-04-30 22:00:00,935.8,63.0,871.5042809917354,4,0
2010-04-30 23:00:00,802.7,64.0,753.3006666666665,4,0
2010-05-01 00:00:00,781.8,63.0,739.895785123967,5,0
2010-05-01 01:00:00,757.8999999999999,58.0,733.2499449035811,5,0
2010-05-01 02:00:00,774.1999999999999,56.0,785.3697465564742,5,0
2010-05-01 03:00:00,830.3,54.0,849.0896584022039,5,0
2010-05-01 04:00:00,826.9999999999999,52.0,851.2197741046832,5,0
2010-05-01 05:00:00,719.4,52.0,822.8893719008266,5,0
2010-05-01 06:00:00,841.8999999999999,54.0,895.9654820936639,5,0
2010-05-01 07:00:00,1179.9,59.0,1201.8580000000002,5,0
2010-05-01 08:00:00,1189.6,62.0,1234.2939889807167,5,0
2010-05-01 09:00:00,1250.3000000000002,63.0,1280.6623691460059,5,0
2010-05-01 10:00:00,1336.4,62.0,1341.8033994490359,5,0
2010-05-01 11:00:00,1392.8,65.0,1387.160920110193,5,0
2010-05-01 12:00:00,1460.6,64.0,1419.860170798898,5,0
2010-05-01 13:00:00,1515.0,63.0,1434.3764793388432,5,0
2010-05-01 14:00:00,1467.8000000000002,62.0,1444.3740220385675,5,0
2010-05-01 15:00:00,1447.8,63.0,1440.5450523415975,5,0
2010-05-01 16:00:00,1441.5,66.0,1453.7455261707987,5,0
2010-05-01 17:00:00,1426.6999999999998,64.0,1444.9921157024792,5,0
2010-05-01 18:00:00,1451.1000000000001,62.0,1463.482837465565,5,0
2010-05-01 19:00:00,1482.6999999999998,59.0,1450.9803581267215,5,0
2010-05-01 20:00:00,1420.9999999999998,58.0,1382.9669586776859,5,0
2010-05-01 21:00:00,1348.7,57.0,1279.0490909090909,5,0
2010-05-01 22:00:00,953.8,56.0,914.1202809917359,5,0
2010-05-01 23:00:00,833.0999999999999,55.0,792.9166666666665,5,0
2010-05-02 00:00:00,826.3000000000001,55.0,777.539785123967,6,0
2010-05-02 01:00:00,797.7,58.0,765.7219449035813,6,0
2010-05-02 02:00:00,801.2,57.0,812.6657465564738,6,0
2010-05-02 03:00:00,858.9000000000001,55.0,874.1776584022039,6,0
2010-05-02 04:00:00,843.4000000000001,55.0,873.295774104683,6,0
2010-05-02 05:00:00,718.4000000000001,56.0,842.0093719008265,6,0
2010-05-02 06:00:00,848.8,57.0,910.8214820936639,6,0
2010-05-02 07:00:00,1171.9,59.0,1213.738,6,0
2010-05-02 08:00:00,1213.0,61.0,1242.5979889807163,6,0
2010-05-02 09:00:00,1216.6000000000001,63.0,1273.4063691460055,6,0
2010-05-02 10:00:00,1315.7,66.0,1332.9153994490357,6,0
2010-05-02 11:00:00,1387.1,63.0,1378.6409201101933,6,0
2010-05-02 12:00:00,1486.2999999999997,65.0,1411.548170798898,6,0
2010-05-02 13:00:00,1499.6,64.0,1425.684479338843,6,0
2010-05-02 14:00:00,1499.8,64.0,1434.5940220385673,6,0
2010-05-02 15:00:00,1459.7,65.0,1429.7770523415977,6,0
2010-05-02 16:00:00,1471.6,63.0,1443.2855261707991,6,0
2010-05-02 17:00:00,1407.3000000000002,61.0,1436.2921157024794,6,0
2010-05-02 18:00:00,1457.3000000000002,60.0,1458.2388374655643,6,0
2010-05-02 19:00:00,1410.8,58.0,1447.1523581267213,6,0
2010-05-02 20:00:00,1399.6999999999998,58.0,1381.6029586776863,6,0
2010-05-02 21:00:00,1000.7,57.0,1282.829090909091,6,0
2010-05-02 22:00:00,935.8,57.0,924.3362809917355,6,0
2010-05-02 23:00:00,860.3000000000001,56.0,811.6166666666668,6,0
2010-05-03 00:00:00,861.9,56.0,800.859785123967,0,0
2010-05-03 01:00:00,832.7,56.0,792.0619449035817,0,0
2010-05-03 02:00:00,813.8,56.0,841.8937465564743,0,0
2010-05-03 03:00:00,861.1999999999999,55.0,907.1496584022041,0,0
2010-05-03 04:00:00,879.7,54.0,910.1277741046833,0,0
2010-05-03 05:00:00,778.8,55.0,881.0333719008269,0,0
2010-05-03 06:00:00,934.2,55.0,954.9614820936638,0,0
2010-05-03 07:00:00,1214.2,60.0,1263.2499999999995,0,0
2010-05-03 08:00:00,1266.6,65.0,1297.781988980716,0,0
2010-05-03 09:00:00,1368.6,68.0,1342.8543691460054,0,0
2010-05-03 10:00:00,1442.9,70.0,1417.023399449036,0,0
2010-05-03 11:00:00,1578.5,69.0,1460.7809201101932,0,0
2010-05-03 12:00:00,1596.1,69.0,1490.024170798898,0,0
2010-05-03 13:00:00,1600.8000000000002,69.0,1502.2404793388432,0,0
2010-05-03 14:00:00,1556.6,68.0,1509.5940220385673,0,0
2010-05-03 15:00:00,1585.3000000000002,69.0,1503.6450523415976,0,0
2010-05-03 16:00:00,1580.0,67.0,1515.3695261707987,0,0
2010-05-03 17:00:00,1492.2,66.0,1504.7561157024793,0,0
2010-05-03 18:00:00,1565.8,63.0,1522.9628374655645,0,0
2010-05-03 19:00:00,1551.3000000000002,60.0,1506.9963581267214,0,0
2010-05-03 20:00:00,1469.6,59.0,1437.4309586776862,0,0
2010-05-03 21:00:00,1336.0,58.0,1333.0290909090909,0,0
2010-05-03 22:00:00,954.3,57.0,970.2762809917353,0,0
2010-05-03 23:00:00,793.1,56.0,851.7126666666666,0,0
2010-05-04 00:00:00,797.5,55.0,829.3117851239672,1,0
2010-05-04 01:00:00,820.3,54.0,815.5979449035815,1,0
2010-05-04 02:00:00,809.9,55.0,864.3417465564739,1,0
2010-05-04 03:00:00,845.5,55.0,926.7496584022037,1,0
2010-05-04 04:00:00,837.4,53.0,925.0917741046833,1,0
2010-05-04 05:00:00,724.6,54.0,892.6813719008265,1,0
2010-05-04 06:00:00,901.1,56.0,962.1814820936643,1,0
2010-05-04 07:00:00,1177.6000000000001,58.0,1265.1100000000001,1,0
2010-05-04 08:00:00,1208.5,62.0,1294.1619889807164,1,0
2010-05-04 09:00:00,1281.5,61.0,1337.9343691460056,1,0
2010-05-04 10:00:00,1488.4,62.0,1398.4753994490359,1,0
2010-05-04 11:00:00,1559.6000000000001,64.0,1442.856920110193,1,0
2010-05-04 12:00:00,1496.4,61.0,1475.6161707988983,1,0
2010-05-04 13:00:00,1587.6999999999998,64.0,1489.680479338843,1,0
2010-05-04 14:00:00,1630.6,66.0,1497.6740220385673,1,0
2010-05-04 15:00:00,1570.9,66.0,1493.529052341598,1,0
2010-05-04 16:00:00,1589.7,63.0,1508.8935261707986,1,0
2010-05-04 17:00:00,1517.6999999999998,60.0,1505.5641157024793,1,0
2010-05-04 18:00:00,1540.0,60.0,1525.750837465565,1,0
2010-05-04 19:00:00,1525.8,58.0,1512.9283581267216,1,0
2010-05-04 20:00:00,1473.1,59.0,1447.4469586776859,1,0
2010-05-04 21:00:00,1373.4,59.0,1350.745090909091,1,0
2010-05-04 22:00:00,948.9000000000001,59.0,989.1722809917358,1,0
2010-05-04 23:00:00,827.2,58.0,866.8766666666668,1,0
2010-05-05 00:00:00,818.1999999999999,57.0,848.1117851239669,2,0
2010-05-05 01:00:00,802.1,56.0,835.1059449035811,2,0
2010-05-05 02:00:00,813.5,56.0,881.3697465564737,2,0
2010-05-05 03:00:00,886.7,55.0,940.1936584022037,2,0
2010-05-05 04:00:00,912.7,56.0,934.7997741046831,2,0
2010-05-05 05:00:00,864.4,54.0,899.7333719008265,2,0
2010-05-05 06:00:00,896.4,55.0,967.2254820936637,2,0
2010-05-05 07:00:00,1223.1,58.0,1271.49,2,0
2010-05-05 08:00:00,1274.0,59.0,1298.3659889807166,2,0
2010-05-05 09:00:00,1415.9,64.0,1342.5503691460053,2,0
2010-05-05 10:00:00,1430.8,64.0,1402.239399449036,2,0
2010-05-05 11:00:00,1511.8000000000002,64.0,1446.068920110193,2,0
2010-05-05 12:00:00,1568.4,64.0,1477.320170798898,2,0
2010-05-05 13:00:00,1505.6999999999998,64.0,1490.752479338843,2,0
2010-05-05 14:00:00,1555.5000000000002,62.0,1499.4220220385678,2,0
2010-05-05 15:00:00,1555.3000000000002,61.0,1494.357052341598,2,0
2010-05-05 16:00:00,1481.9,61.0,1505.925526170799,2,0
2010-05-05 17:00:00,1461.0,60.0,1496.5801157024794,2,0
2010-05-05 18:00:00,1515.3000000000002,59.0,1513.6308374655646,2,0
2010-05-05 19:00:00,1533.3999999999999,59.0,1502.1883581267216,2,0
2010-05-05 20:00:00,1393.2,58.0,1437.746958677686,2,0
2010-05-05 21:00:00,1387.2,57.0,1335.0210909090908,2,0
2010-05-05 22:00:00,965.0000000000001,56.0,967.9202809917354,2,0
2010-05-05 23:00:00,808.0,56.0,846.8846666666668,2,0
2010-05-06 00:00:00,814.6000000000001,55.0,827.5757851239669,3,0
2010-05-06 01:00:00,807.0,55.0,811.6659449035815,3,0
2010-05-06 02:00:00,812.2,54.0,858.1337465564736,3,0
2010-05-06 03:00:00,867.3000000000001,54.0,916.3336584022038,3,0
2010-05-06 04:00:00,859.0,54.0,912.7037741046831,3,0
2010-05-06 05:00:00,789.3000000000001,54.0,879.3733719008266,3,0
2010-05-06 06:00:00,957.8,56.0,948.1814820936638,3,0
2010-05-06 07:00:00,1252.8999999999999,59.0,1253.0300000000002,3,0
2010-05-06 08:00:00,1345.5,62.0,1281.5539889807162,3,0
2010-05-06 09:00:00,1330.8,63.0,1328.4463691460053,3,0
2010-05-06 10:00:00,1427.0,63.0,1388.5153994490358,3,0
2010-05-06 11:00:00,1485.6999999999998,66.0,1431.1129201101928,3,0
2010-05-06 12:00:00,1507.0,66.0,1463.4281707988982,3,0
2010-05-06 13:00:00,1505.1000000000001,65.0,1477.584479338843,3,0
2010-05-06 14:00:00,1478.6000000000001,65.0,1485.534022038567,3,0
2010-05-06 15:00:00,1464.6,65.0,1479.513052341598,3,0
2010-05-06 16:00:00,1510.4,64.0,1490.185526170799,3,0
2010-05-06 17:00:00,1396.6,63.0,1479.3721157024797,3,0
2010-05-06 18:00:00,1491.5,61.0,1498.9028374655645,3,0
2010-05-06 19:00:00,1523.3000000000002,59.0,1482.3803581267218,3,0
2010-05-06 20:00:00,1442.0000000000002,59.0,1413.2789586776862,3,0
2010-05-06 21:00:00,1375.0,58.0,1307.7450909090908,3,0
2010-05-06 22:00:00,988.3,58.0,944.2442809917354,3,0
2010-05-06 23:00:00,793.3000000000001,57.0,824.7166666666669,3,0
2010-05-07 00:00:00,821.9999999999999,57.0,807.319785123967,4,0
2010-05-07 01:00:00,821.5,55.0,793.9899449035809,4,0
2010-05-07 02:00:00,799.1,55.0,841.5497465564742,4,0
2010-05-07 03:00:00,842.0999999999999,53.0,906.709658402204,4,0
2010-05-07 04:00:00,817.2,55.0,906.1237741046832,4,0
2010-05-07 05:00:00,698.9000000000001,54.0,873.1373719008265,4,0
2010-05-07 06:00:00,944.7,56.0,945.577482093664,4,0
2010-05-07 07:00:00,1187.3000000000002,62.0,1251.29,4,0
2010-05-07 08:00:00,1258.8,66.0,1279.829988980716,4,0
2010-05-07 09:00:00,1332.1,66.0,1324.8983691460053,4,0
2010-05-07 10:00:00,1431.8999999999999,68.0,1383.3513994490356,4,0
2010-05-07 11:00:00,1519.6,68.0,1425.1409201101928,4,0
2010-05-07 12:00:00,1528.6999999999998,69.0,1456.3881707988983,4,0
2010-05-07 13:00:00,1508.2,68.0,1468.3684793388431,4,0
2010-05-07 14:00:00,1505.3,68.0,1476.4740220385675,4,0
2010-05-07 15:00:00,1561.7,68.0,1472.605052341598,4,0
2010-05-07 16:00:00,1495.8,66.0,1485.5135261707987,4,0
2010-05-07 17:00:00,1433.7,65.0,1477.8041157024795,4,0
2010-05-07 18:00:00,1517.9,64.0,1498.918837465565,4,0
2010-05-07 19:00:00,1521.1000000000001,63.0,1484.8523581267218,4,0
2010-05-07 20:00:00,1432.3,62.0,1418.3949586776862,4,0
2010-05-07 21:00:00,1378.1999999999998,61.0,1316.2490909090907,4,0
2010-05-07 22:00:00,935.7,61.0,955.2722809917354,4,0
2010-05-07 23:00:00,796.4,59.0,836.2446666666665,4,0
2010-05-08 00:00:00,780.5999999999999,58.0,818.4157851239668,5,0
2010-05-08 01:00:00,774.5,58.0,807.8699449035812,5,0
2010-05-08 02:00:00,817.5,56.0,855.7377465564734,5,0
2010-05-08 03:00:00,882.8000000000001,56.0,918.4096584022041,5,0
2010-05-08 04:00:00,847.9,56.0,912.0997741046831,5,0
2010-05-08 05:00:00,734.7,55.0,878.4853719008264,5,0
2010-05-08 06:00:00,893.9000000000001,57.0,946.2094820936638,5,0
2010-05-08 07:00:00,1235.6,62.0,1249.9540000000002,5,0
2010-05-08 08:00:00,1259.3000000000002,66.0,1277.9819889807163,5,0
2010-05-08 09:00:00,1330.1,68.0,1322.5183691460059,5,0
2010-05-08 10:00:00,1496.3,68.0,1380.4953994490363,5,0
2010-05-08 11:00:00,1537.0,68.0,1423.5449201101926,5,0
2010-05-08 12:00:00,1551.8,67.0,1455.8321707988982,5,0
2010-05-08 13:00:00,1599.5,68.0,1470.712479338843,5,0
2010-05-08 14:00:00,1516.1,67.0,1479.9460220385677,5,0
2010-05-08 15:00:00,1526.2,66.0,1473.661052341598,5,0
2010-05-08 16:00:00,1449.8,64.0,1483.8415261707987,5,0
2010-05-08 17:00:00,1403.4,62.0,1474.9481157024793,5,0
2010-05-08 18:00:00,1437.1,61.0,1493.7468374655646,5,0
2010-05-08 19:00:00,1498.2999999999997,61.0,1480.2163581267216,5,0
2010-05-08 20:00:00,1417.3,61.0,1408.8189586776857,5,0
2010-05-08 21:00:00,1355.2,59.0,1301.1610909090912,5,0
2010-05-08 22:00:00,927.0,58.0,931.0882809917355,5,0
2010-05-08 23:00:00,775.3,57.0,800.1966666666667,5,0
2010-05-09 00:00:00,809.7,55.0,772.8077851239668,6,0
2010-05-09 01:00:00,805.5999999999999,56.0,752.8459449035813,6,0
2010-05-09 02:00:00,798.7,55.0,790.673746556474,6,0
2010-05-09 03:00:00,840.8,56.0,845.5416584022039,6,0
2010-05-09 04:00:00,820.4,55.0,836.8957741046836,6,0
2010-05-09 05:00:00,735.8000000000001,54.0,800.7013719008265,6,0
2010-05-09 06:00:00,871.8,55.0,867.0614820936639,6,0
2010-05-09 07:00:00,1198.2,57.0,1169.6620000000003,6,0
2010-05-09 08:00:00,1184.1,59.0,1195.4259889807163,6,0
2010-05-09 09:00:00,1192.8,59.0,1225.4223691460054,6,0
2010-05-09 10:00:00,1266.9,61.0,1281.671399449036,6,0
2010-05-09 11:00:00,1304.8,63.0,1329.128920110193,6,0
2010-05-09 12:00:00,1330.2,62.0,1364.560170798898,6,0
2010-05-09 13:00:00,1387.1999999999998,62.0,1379.6164793388432,6,0
2010-05-09 14:00:00,1356.4,63.0,1388.6220220385671,6,0
2010-05-09 15:00:00,1341.9,62.0,1384.381052341598,6,0
2010-05-09 16:00:00,1355.9,61.0,1397.7215261707988,6,0
2010-05-09 17:00:00,1292.9,61.0,1391.3201157024796,6,0
2010-05-09 18:00:00,1372.6999999999998,59.0,1410.3828374655645,6,0
2010-05-09 19:00:00,1388.9,58.0,1396.7043581267221,6,0
2010-05-09 20:00:00,1337.8999999999999,58.0,1326.5069586776858,6,0
2010-05-09 21:00:00,976.6999999999999,56.0,1222.3090909090909,6,0
2010-05-09 22:00:00,860.8,57.0,857.1162809917353,6,0
2010-05-09 23:00:00,876.8,57.0,734.9406666666669,6,0
2010-05-10 00:00:00,867.2,55.0,715.991785123967,0,0
2010-05-10 01:00:00,839.0999999999999,53.0,702.2419449035813,0,0
2010-05-10 02:00:00,824.1,53.0,748.4017465564739,0,0
2010-05-10 03:00:00,873.1000000000001,52.0,810.2976584022038,0,0
2010-05-10 04:00:00,857.4000000000001,50.0,806.4237741046834,0,0
2010-05-10 05:00:00,770.5999999999999,50.0,773.1693719008266,0,0
2010-05-10 06:00:00,879.5,53.0,844.1974820936641,0,0
2010-05-10 07:00:00,1172.4,58.0,1149.6780000000003,0,0
2010-05-10 08:00:00,1176.6999999999998,60.0,1178.0379889807164,0,0
2010-05-10 09:00:00,1204.1000000000001,61.0,1223.286369146006,0,0
2010-05-10 10:00:00,1251.6000000000001,64.0,1293.4673994490358,0,0
2010-05-10 11:00:00,1293.3000000000002,64.0,1334.752920110193,0,0
2010-05-10 12:00:00,1309.0,63.0,1357.4241707988986,0,0
2010-05-10 13:00:00,1320.9,61.0,1361.684479338843,0,0
2010-05-10 14:00:00,1352.4,62.0,1361.934022038568,0,0
2010-05-10 15:00:00,1357.9,61.0,1349.0410523415978,0,0
2010-05-10 16:00:00,1290.9,62.0,1354.3255261707986,0,0
2010-05-10 17:00:00,1272.5,60.0,1338.9921157024792,0,0
2010-05-10 18:00:00,1378.9,59.0,1349.1628374655647,0,0
2010-05-10 19:00:00,1396.5,57.0,1332.3963581267217,0,0
2010-05-10 20:00:00,1293.4,56.0,1261.3589586776861,0,0
2010-05-10 21:00:00,1278.6,56.0,1155.285090909091,0,0
2010-05-10 22:00:00,830.6000000000001,54.0,788.0282809917355,0,0
2010-05-10 23:00:00,656.3,54.0,664.9046666666668,0,0
2010-05-11 00:00:00,649.7,54.0,644.7437851239667,1,0
2010-05-11 01:00:00,626.7,53.0,630.1539449035813,1,0
2010-05-11 02:00:00,638.7,52.0,677.0617465564742,1,0
2010-05-11 03:00:00,682.1999999999999,53.0,736.4656584022039,1,0
2010-05-11 04:00:00,688.3000000000001,53.0,731.4237741046834,1,0
2010-05-11 05:00:00,584.3,53.0,700.4453719008267,1,0
2010-05-11 06:00:00,692.0,56.0,770.6694820936641,1,0
2010-05-11 07:00:00,1102.9,58.0,1076.274,1,0
2010-05-11 08:00:00,1129.9,61.0,1104.7739889807162,1,0
2010-05-11 09:00:00,1149.8000000000002,60.0,1152.2423691460053,1,0
2010-05-11 10:00:00,1211.3,59.0,1209.2913994490361,1,0
2010-05-11 11:00:00,1254.3000000000002,62.0,1253.1209201101929,1,0
2010-05-11 12:00:00,1267.2,62.0,1285.492170798898,1,0
2010-05-11 13:00:00,1278.7,62.0,1299.6684793388433,1,0
2010-05-11 14:00:00,1304.8,62.0,1309.0420220385672,1,0
2010-05-11 15:00:00,1291.6000000000001,60.0,1304.1890523415977,1,0
2010-05-11 16:00:00,1277.7000000000003,59.0,1317.4495261707991,1,0
2010-05-11 17:00:00,1264.4,59.0,1310.2161157024793,1,0
2010-05-11 18:00:00,1338.3999999999999,58.0,1329.8668374655645,1,0
2010-05-11 19:00:00,1405.8000000000002,56.0,1322.3603581267216,1,0
2010-05-11 20:00:00,1304.5,57.0,1254.322958677686,1,0
2010-05-11 21:00:00,1289.6000000000001,56.0,1153.1890909090914,1,0
2010-05-11 22:00:00,804.2,56.0,793.308280991736,1,0
2010-05-11 23:00:00,689.7,56.0,678.2486666666666,1,0
2010-05-12 00:00:00,671.7,53.0,666.1237851239669,2,0
2010-05-12 01:00:00,657.0999999999999,53.0,658.8739449035811,2,0
2010-05-12 02:00:00,654.4,52.0,713.5177465564739,2,0
2010-05-12 03:00:00,697.8000000000001,53.0,778.5616584022039,2,0
2010-05-12 04:00:00,696.8000000000001,50.0,779.7357741046835,2,0
2010-05-12 05:00:00,617.7,51.0,754.3573719008267,2,0
2010-05-12 06:00:00,742.7,53.0,827.3294820936637,2,0
2010-05-12 07:00:00,1146.9,58.0,1136.6420000000005,2,0
2010-05-12 08:00:00,1135.4,60.0,1166.0219889807167,2,0
2010-05-12 09:00:00,1226.5,62.0,1215.3463691460051,2,0
2010-05-12 10:00:00,1341.4,64.0,1274.2313994490357,2,0
2010-05-12 11:00:00,1415.6,64.0,1320.228920110193,2,0
2010-05-12 12:00:00,1429.1,65.0,1353.4161707988985,2,0
2010-05-12 13:00:00,1420.4,64.0,1368.7404793388432,2,0
2010-05-12 14:00:00,1456.0,63.0,1378.4660220385676,2,0
2010-05-12 15:00:00,1385.0,63.0,1375.153052341598,2,0
2010-05-12 16:00:00,1366.8,63.0,1390.4495261707991,2,0
2010-05-12 17:00:00,1391.2,64.0,1384.3281157024794,2,0
2010-05-12 18:00:00,1399.0,62.0,1405.130837465565,2,0
2010-05-12 19:00:00,1458.0,60.0,1396.1043581267218,2,0
2010-05-12 20:00:00,1335.8,58.0,1330.2349586776859,2,0
2010-05-12 21:00:00,1347.1,58.0,1233.629090909091,2,0
2010-05-12 22:00:00,861.1,58.0,874.9562809917354,2,0
2010-05-12 23:00:00,717.5,58.0,755.9486666666669,2,0
2010-05-13 00:00:00,725.5,57.0,738.5957851239673,3,0
2010-05-13 01:00:00,707.8,57.0,725.1099449035812,3,0
2010-05-13 02:00:00,693.6,56.0,775.4377465564744,3,0
2010-05-13 03:00:00,752.0,56.0,836.7576584022038,3,0
2010-05-13 04:00:00,763.3,55.0,838.2197741046834,3,0
2010-05-13 05:00:00,654.0,55.0,810.1093719008264,3,0
2010-05-13 06:00:00,804.9,58.0,879.7974820936638,3,0
2010-05-13 07:00:00,1159.6,61.0,1188.27,3,0
2010-05-13 08:00:00,1233.6,65.0,1219.4219889807166,3,0
2010-05-13 09:00:00,1345.2,67.0,1267.4183691460055,3,0
2010-05-13 10:00:00,1448.3,68.0,1323.9353994490357,3,0
2010-05-13 11:00:00,1447.0,65.0,1369.7449201101929,3,0
2010-05-13 12:00:00,1459.7,65.0,1404.5281707988981,3,0
2010-05-13 13:00:00,1426.4,65.0,1419.4524793388427,3,0
2010-05-13 14:00:00,1489.8000000000002,65.0,1429.7860220385674,3,0
2010-05-13 15:00:00,1443.1,64.0,1427.2410523415979,3,0
2010-05-13 16:00:00,1467.4,64.0,1441.005526170799,3,0
2010-05-13 17:00:00,1412.0,62.0,1433.864115702479,3,0
2010-05-13 18:00:00,1443.7,62.0,1452.9948374655646,3,0
2010-05-13 19:00:00,1497.6,60.0,1442.156358126722,3,0
2010-05-13 20:00:00,1432.3,59.0,1374.6509586776856,3,0
2010-05-13 21:00:00,1345.2,58.0,1271.6250909090907,3,0
2010-05-13 22:00:00,859.4,57.0,904.2922809917357,3,0
2010-05-13 23:00:00,769.7,57.0,780.3166666666664,3,0
2010-05-14 00:00:00,793.2,56.0,761.663785123967,4,0
2010-05-14 01:00:00,751.5999999999999,55.0,746.6739449035813,4,0
2010-05-14 02:00:00,759.5,55.0,794.5977465564738,4,0
2010-05-14 03:00:00,810.4000000000001,56.0,855.365658402204,4,0
2010-05-14 04:00:00,779.2,54.0,850.8637741046834,4,0
2010-05-14 05:00:00,695.0,55.0,817.9893719008265,4,0
2010-05-14 06:00:00,799.4000000000001,57.0,886.1374820936637,4,0
2010-05-14 07:00:00,1176.5,58.0,1191.4860000000003,4,0
2010-05-14 08:00:00,1205.4,60.0,1220.3859889807163,4,0
2010-05-14 09:00:00,1282.9,62.0,1264.0703691460055,4,0
2010-05-14 10:00:00,1350.5,64.0,1319.6553994490362,4,0
2010-05-14 11:00:00,1429.7,64.0,1362.704920110193,4,0
2010-05-14 12:00:00,1458.6,64.0,1393.8401707988978,4,0
2010-05-14 13:00:00,1419.4,64.0,1405.292479338843,4,0
2010-05-14 14:00:00,1435.7,63.0,1413.2060220385679,4,0
2010-05-14 15:00:00,1463.1,62.0,1406.5850523415977,4,0
2010-05-14 16:00:00,1376.4,61.0,1417.517526170799,4,0
2010-05-14 17:00:00,1393.5,60.0,1409.8041157024795,4,0
2010-05-14 18:00:00,1426.0,58.0,1427.1628374655647,4,0
2010-05-14 19:00:00,1464.2,57.0,1416.6803581267213,4,0
2010-05-14 20:00:00,1415.6,57.0,1346.2589586776862,4,0
2010-05-14 21:00:00,1333.9,56.0,1245.6530909090907,4,0
2010-05-14 22:00:00,834.2,56.0,885.4522809917355,4,0
2010-05-14 23:00:00,699.0,57.0,770.9566666666667,4,0
2010-05-15 00:00:00,754.1999999999999,57.0,760.071785123967,5,0
2010-05-15 01:00:00,732.5,57.0,753.0899449035812,5,0
2010-05-15 02:00:00,742.8,57.0,808.5057465564742,5,0
2010-05-15 03:00:00,774.4000000000001,57.0,875.6016584022043,5,0
2010-05-15 04:00:00,766.8000000000001,57.0,877.5277741046834,5,0
2010-05-15 05:00:00,696.6,57.0,852.1053719008268,5,0
2010-05-15 06:00:00,796.0999999999999,58.0,921.5174820936638,5,0
2010-05-15 07:00:00,1179.8999999999999,59.0,1228.8699999999997,5,0
2010-05-15 08:00:00,1149.4,60.0,1257.2859889807162,5,0
2010-05-15 09:00:00,1315.2,60.0,1302.3263691460056,5,0
2010-05-15 10:00:00,1466.5000000000002,63.0,1359.0273994490358,5,0
2010-05-15 11:00:00,1568.9,62.0,1403.920920110193,5,0
2010-05-15 12:00:00,1635.5,62.0,1436.7521707988985,5,0
2010-05-15 13:00:00,1618.5,62.0,1448.8604793388427,5,0
2010-05-15 14:00:00,1616.0,61.0,1456.490022038567,5,0
2010-05-15 15:00:00,1567.2,60.0,1450.065052341598,5,0
2010-05-15 16:00:00,1557.1,59.0,1462.5095261707988,5,0
2010-05-15 17:00:00,1488.8,57.0,1454.8041157024795,5,0
2010-05-15 18:00:00,1439.1,56.0,1471.342837465565,5,0
2010-05-15 19:00:00,1496.6,55.0,1461.468358126722,5,0
2010-05-15 20:00:00,1370.1,56.0,1392.5789586776864,5,0
2010-05-15 21:00:00,1351.1,56.0,1292.229090909091,5,0
2010-05-15 22:00:00,850.8,56.0,926.0842809917356,5,0
2010-05-15 23:00:00,719.9,57.0,801.1366666666668,5,0
2010-05-16 00:00:00,725.8999999999999,57.0,777.9277851239672,6,0
2010-05-16 01:00:00,709.9,58.0,758.2179449035809,6,0
2010-05-16 02:00:00,716.5999999999999,58.0,801.733746556474,6,0
2010-05-16 03:00:00,762.6,57.0,858.537658402204,6,0
2010-05-16 04:00:00,768.6,57.0,852.4757741046831,6,0
2010-05-16 05:00:00,684.4,57.0,815.5493719008265,6,0
2010-05-16 06:00:00,777.2,57.0,880.345482093664,6,0
2010-05-16 07:00:00,1191.8,57.0,1186.242,6,0
2010-05-16 08:00:00,1191.1,58.0,1214.5139889807165,6,0
2010-05-16 09:00:00,1265.6,60.0,1242.9663691460055,6,0
2010-05-16 10:00:00,1350.1999999999998,61.0,1295.2673994490358,6,0
2010-05-16 11:00:00,1423.6,63.0,1339.4169201101931,6,0
2010-05-16 12:00:00,1466.6,64.0,1371.284170798898,6,0
2010-05-16 13:00:00,1477.2,63.0,1386.5244793388426,6,0
2010-05-16 14:00:00,1517.6,61.0,1396.2300220385673,6,0
2010-05-16 15:00:00,1490.2,60.0,1391.5410523415978,6,0
2010-05-16 16:00:00,1461.5,59.0,1404.2695261707988,6,0
2010-05-16 17:00:00,1381.8999999999999,59.0,1396.252115702479,6,0
2010-05-16 18:00:00,1419.0000000000002,58.0,1415.590837465565,6,0
2010-05-16 19:00:00,1473.3000000000002,57.0,1406.6203581267216,6,0
2010-05-16 20:00:00,1398.9,57.0,1337.2389586776858,6,0
2010-05-16 21:00:00,890.9000000000001,56.0,1233.6570909090908,6,0
2010-05-16 22:00:00,758.0,56.0,867.5802809917357,6,0
2010-05-16 23:00:00,717.8999999999999,56.0,741.3846666666668,6,0
2010-05-17 00:00:00,722.7,57.0,713.3237851239669,0,0
2010-05-17 01:00:00,759.9,56.0,688.8739449035811,0,0
2010-05-17 02:00:00,745.9,56.0,726.0257465564739,0,0
2010-05-17 03:00:00,779.8,56.0,777.2016584022037,0,0
2010-05-17 04:00:00,763.9000000000001,56.0,765.2517741046831,0,0
2010-05-17 05:00:00,678.4000000000001,56.0,725.2013719008263,0,0
2010-05-17 06:00:00,835.0,55.0,788.345482093664,0,0
2010-05-17 07:00:00,1195.5,56.0,1091.074,0,0
2010-05-17 08:00:00,1190.7,56.0,1118.2019889807164,0,0
2010-05-17 09:00:00,1226.5,56.0,1161.5543691460055,0,0
2010-05-17 10:00:00,1302.3000000000002,56.0,1236.159399449036,0,0
2010-05-17 11:00:00,1276.1,57.0,1284.636920110193,0,0
2010-05-17 12:00:00,1200.0,58.0,1316.8361707988981,0,0
2010-05-17 13:00:00,1189.8000000000002,60.0,1330.512479338843,0,0
2010-05-17 14:00:00,1217.2,60.0,1337.0940220385673,0,0
2010-05-17 15:00:00,1251.1,60.0,1329.6490523415976,0,0
2010-05-17 16:00:00,1237.3,59.0,1341.3535261707991,0,0
2010-05-17 17:00:00,1208.1999999999998,58.0,1333.0361157024795,0,0
2010-05-17 18:00:00,1270.8,57.0,1350.7748374655648,0,0
2010-05-17 19:00:00,1374.0,58.0,1337.6083581267214,0,0
2010-05-17 20:00:00,1347.0,57.0,1268.802958677686,0,0
2010-05-17 21:00:00,1292.1999999999998,56.0,1165.5210909090908,0,0
2010-05-17 22:00:00,855.4,56.0,799.8122809917356,0,0
2010-05-17 23:00:00,733.3000000000001,56.0,676.9086666666667,0,0
2010-05-18 00:00:00,729.0,56.0,659.9717851239668,1,0
2010-05-18 01:00:00,717.5999999999999,56.0,653.3299449035812,1,0
2010-05-18 02:00:00,717.8000000000001,56.0,710.3057465564739,1,0
2010-05-18 03:00:00,740.2,56.0,779.4496584022038,1,0
2010-05-18 04:00:00,755.5000000000001,56.0,781.9677741046833,1,0
2010-05-18 05:00:00,666.2,55.0,757.8373719008265,1,0
2010-05-18 06:00:00,789.0,55.0,834.4254820936637,1,0
2010-05-18 07:00:00,1148.4,56.0,1146.886,1,0
2010-05-18 08:00:00,1208.8000000000002,57.0,1180.6939889807163,1,0
2010-05-18 09:00:00,1233.6,57.0,1227.0863691460056,1,0
2010-05-18 10:00:00,1272.4,59.0,1285.099399449036,1,0
2010-05-18 11:00:00,1310.5,60.0,1329.256920110193,1,0
2010-05-18 12:00:00,1330.6,62.0,1360.1121707988984,1,0
2010-05-18 13:00:00,1368.3999999999999,63.0,1372.660479338843,1,0
2010-05-18 14:00:00,1425.3999999999999,64.0,1380.8700220385672,1,0
2010-05-18 15:00:00,1399.8999999999999,64.0,1375.4450523415976,1,0
2010-05-18 16:00:00,1359.9,61.0,1388.0855261707989,1,0
2010-05-18 17:00:00,1382.0,61.0,1382.0961157024794,1,0
2010-05-18 18:00:00,1433.1999999999998,60.0,1401.8348374655648,1,0
2010-05-18 19:00:00,1469.1,59.0,1393.780358126722,1,0
2010-05-18 20:00:00,1414.7000000000003,58.0,1328.886958677686,1,0
2010-05-18 21:00:00,1316.2999999999997,58.0,1227.0410909090906,1,0
2010-05-18 22:00:00,841.8999999999999,57.0,864.9042809917357,1,0
2010-05-18 23:00:00,722.7,56.0,749.5566666666666,1,0
2010-05-19 00:00:00,710.8000000000001,56.0,728.1237851239671,2,0
2010-05-19 01:00:00,695.7,55.0,715.7059449035812,2,0
2010-05-19 02:00:00,716.2,56.0,768.9977465564741,2,0
2010-05-19 03:00:00,762.5999999999999,56.0,834.9136584022037,2,0
2010-05-19 04:00:00,739.3000000000001,56.0,833.0677741046834,2,0
2010-05-19 05:00:00,716.0,56.0,805.2133719008267,2,0
2010-05-19 06:00:00,826.8,56.0,875.5814820936641,2,0
2010-05-19 07:00:00,1230.2,57.0,1181.966,2,0
2010-05-19 08:00:00,1259.5,57.0,1212.2779889807166,2,0
2010-05-19 09:00:00,1287.6,61.0,1258.0263691460052,2,0
2010-05-19 10:00:00,1368.8000000000002,63.0,1315.2313994490357,2,0
2010-05-19 11:00:00,1469.5,61.0,1355.480920110193,2,0
2010-05-19 12:00:00,1252.6,62.0,1380.8281707988983,2,0
2010-05-19 13:00:00,1354.6,63.0,1388.064479338843,2,0
2010-05-19 14:00:00,1511.9,63.0,1395.1740220385673,2,0
2010-05-19 15:00:00,1527.4,61.0,1391.8330523415977,2,0
2010-05-19 16:00:00,1399.6000000000001,59.0,1406.609526170799,2,0
2010-05-19 17:00:00,1411.5,59.0,1402.5641157024797,2,0
2010-05-19 18:00:00,1451.5,59.0,1422.2708374655645,2,0
2010-05-19 19:00:00,1479.6,58.0,1413.1243581267217,2,0
2010-05-19 20:00:00,1422.3999999999999,58.0,1346.014958677686,2,0
2010-05-19 21:00:00,1367.9,57.0,1244.8170909090904,2,0
2010-05-19 22:00:00,845.8000000000001,58.0,885.9162809917357,2,0
2010-05-19 23:00:00,611.5,58.0,769.8566666666668,2,0
2010-05-20 00:00:00,562.5,58.0,753.5557851239669,3,0
2010-05-20 01:00:00,544.7,56.0,751.953944903581,3,0
2010-05-20 02:00:00,666.8,56.0,807.3817465564737,3,0
2010-05-20 03:00:00,813.1,55.0,872.0656584022036,3,0
2010-05-20 04:00:00,815.0999999999999,56.0,870.343774104683,3,0
2010-05-20 05:00:00,748.4,56.0,844.5253719008266,3,0
2010-05-20 06:00:00,875.8,58.0,916.6214820936639,3,0
2010-05-20 07:00:00,1240.7,59.0,1226.3220000000001,3,0
2010-05-20 08:00:00,1285.9,64.0,1258.0779889807166,3,0
2010-05-20 09:00:00,1354.5,64.0,1303.5223691460055,3,0
2010-05-20 10:00:00,1503.7,64.0,1356.359399449036,3,0
2010-05-20 11:00:00,1548.1,68.0,1396.6569201101927,3,0
2010-05-20 12:00:00,1539.9,67.0,1426.464170798898,3,0
2010-05-20 13:00:00,1547.0,69.0,1439.492479338843,3,0
2010-05-20 14:00:00,1551.5,67.0,1451.7380220385676,3,0
2010-05-20 15:00:00,1583.1,67.0,1448.0890523415978,3,0
2010-05-20 16:00:00,1530.1999999999998,68.0,1458.8055261707989,3,0
2010-05-20 17:00:00,1502.1,67.0,1448.2761157024793,3,0
2010-05-20 18:00:00,1524.1999999999998,67.0,1464.0468374655647,3,0
2010-05-20 19:00:00,1580.8000000000002,65.0,1451.3403581267219,3,0
2010-05-20 20:00:00,1469.0,61.0,1382.710958677686,3,0
2010-05-20 21:00:00,1368.0,60.0,1277.7410909090904,3,0
2010-05-20 22:00:00,788.2,60.0,909.9362809917352,3,0
2010-05-20 23:00:00,616.5999999999999,58.0,785.6446666666668,3,0
2010-05-21 00:00:00,562.8,58.0,763.5277851239666,4,0
2010-05-21 01:00:00,541.1999999999999,59.0,747.8099449035815,4,0
2010-05-21 02:00:00,644.1999999999999,58.0,788.3857465564734,4,0
2010-05-21 03:00:00,756.0,56.0,844.4336584022037,4,0
2010-05-21 04:00:00,764.1,57.0,836.447774104683,4,0
2010-05-21 05:00:00,662.1,59.0,799.2613719008265,4,0
2010-05-21 06:00:00,809.8,60.0,862.7014820936643,4,0
2010-05-21 07:00:00,1200.7,62.0,1163.618,4,0
2010-05-21 08:00:00,1258.4,64.0,1186.9339889807163,4,0
2010-05-21 09:00:00,1286.6,64.0,1228.0183691460054,4,0
2010-05-21 10:00:00,1348.0,64.0,1282.5073994490358,4,0
2010-05-21 11:00:00,1477.1999999999998,64.0,1325.7409201101927,4,0
2010-05-21 12:00:00,1473.1000000000001,67.0,1355.9041707988981,4,0
2010-05-21 13:00:00,1481.4,65.0,1369.6364793388432,4,0
2010-05-21 14:00:00,1372.6,64.0,1381.9220220385669,4,0
2010-05-21 15:00:00,1406.8,64.0,1378.8410523415978,4,0
2010-05-21 16:00:00,1429.3,62.0,1390.685526170799,4,0
2010-05-21 17:00:00,1348.5,61.0,1381.5121157024796,4,0
2010-05-21 18:00:00,1398.4,59.0,1399.6108374655646,4,0
2010-05-21 19:00:00,1433.8999999999999,58.0,1388.8363581267217,4,0
2010-05-21 20:00:00,1359.2,58.0,1319.4669586776859,4,0
2010-05-21 21:00:00,1305.6000000000001,57.0,1213.2090909090907,4,0
2010-05-21 22:00:00,829.6,56.0,846.2082809917354,4,0
2010-05-21 23:00:00,632.4,55.0,723.5166666666669,4,0
2010-05-22 00:00:00,576.8000000000001,55.0,700.867785123967,5,0
2010-05-22 01:00:00,559.1,54.0,685.3659449035811,5,0
2010-05-22 02:00:00,641.7,54.0,730.1817465564741,5,0
2010-05-22 03:00:00,747.5999999999999,54.0,791.769658402204,5,0
2010-05-22 04:00:00,735.2,53.0,789.5477741046834,5,0
2010-05-22 05:00:00,645.0,54.0,755.0373719008261,5,0
2010-05-22 06:00:00,781.7,57.0,822.1014820936643,5,0
2010-05-22 07:00:00,1183.0,61.0,1126.2179999999998,5,0
2010-05-22 08:00:00,1199.8999999999999,61.0,1153.8659889807163,5,0
2010-05-22 09:00:00,1226.9,61.0,1198.4503691460056,5,0
2010-05-22 10:00:00,1300.1999999999998,62.0,1256.9553994490357,5,0
2010-05-22 11:00:00,1361.5,64.0,1298.2929201101929,5,0
2010-05-22 12:00:00,1388.9,64.0,1327.6121707988982,5,0
2010-05-22 13:00:00,1420.0,64.0,1340.500479338843,5,0
2010-05-22 14:00:00,1413.0,64.0,1351.9100220385676,5,0
2010-05-22 15:00:00,1366.4,63.0,1349.8970523415978,5,0
2010-05-22 16:00:00,1397.1,62.0,1362.7055261707985,5,0
2010-05-22 17:00:00,1314.5,59.0,1355.8401157024796,5,0
2010-05-22 18:00:00,1335.4,58.0,1373.886837465565,5,0
2010-05-22 19:00:00,1388.1,58.0,1361.8483581267215,5,0
2010-05-22 20:00:00,1320.6000000000001,57.0,1290.706958677686,5,0
2010-05-22 21:00:00,1283.3,55.0,1184.5730909090908,5,0
2010-05-22 22:00:00,867.6,54.0,816.9242809917357,5,0
2010-05-22 23:00:00,626.4000000000001,54.0,692.5726666666662,5,0
2010-05-23 00:00:00,571.5,53.0,671.1917851239666,6,0
2010-05-23 01:00:00,552.0,53.0,655.0059449035812,6,0
2010-05-23 02:00:00,637.7,53.0,699.1497465564737,6,0
2010-05-23 03:00:00,771.8000000000001,53.0,758.449658402204,6,0
2010-05-23 04:00:00,750.8999999999999,53.0,754.2277741046832,6,0
2010-05-23 05:00:00,673.8000000000001,54.0,718.6533719008263,6,0
2010-05-23 06:00:00,763.3,53.0,784.4454820936635,6,0
2010-05-23 07:00:00,1123.3000000000002,54.0,1089.318,6,0
2010-05-23 08:00:00,1137.8999999999999,57.0,1117.209988980716,6,0
2010-05-23 09:00:00,1171.5,59.0,1145.9263691460055,6,0
2010-05-23 10:00:00,1224.3,60.0,1196.6153994490357,6,0
2010-05-23 11:00:00,1272.1999999999998,59.0,1232.9169201101927,6,0
2010-05-23 12:00:00,1304.9,59.0,1261.9841707988978,6,0
2010-05-23 13:00:00,1318.7,60.0,1275.0844793388428,6,0
2010-05-23 14:00:00,1334.8000000000002,61.0,1285.9820220385675,6,0
2010-05-23 15:00:00,1349.6,60.0,1283.265052341598,6,0
2010-05-23 16:00:00,1306.7,59.0,1294.2735261707985,6,0
2010-05-23 17:00:00,1255.6999999999998,58.0,1286.2001157024793,6,0
2010-05-23 18:00:00,1269.6,57.0,1303.6268374655647,6,0
2010-05-23 19:00:00,1344.0,57.0,1293.0683581267215,6,0
2010-05-23 20:00:00,1280.9,55.0,1224.5709586776861,6,0
2010-05-23 21:00:00,848.0,54.0,1121.7170909090908,6,0
2010-05-23 22:00:00,649.9,55.0,758.3482809917352,6,0
2010-05-23 23:00:00,538.5,53.0,639.9246666666666,6,0
2010-05-24 00:00:00,559.2,52.0,623.291785123967,0,0
2010-05-24 01:00:00,552.0,52.0,612.1499449035812,0,0
2010-05-24 02:00:00,617.8,53.0,662.3097465564738,0,0
2010-05-24 03:00:00,750.2,52.0,725.037658402204,0,0
2010-05-24 04:00:00,730.1,52.0,721.6797741046832,0,0
2010-05-24 05:00:00,659.3,52.0,692.4213719008263,0,0
2010-05-24 06:00:00,776.5999999999999,54.0,762.2614820936635,0,0
2010-05-24 07:00:00,1141.9,57.0,1073.106,0,0
2010-05-24 08:00:00,1144.3000000000002,58.0,1103.709988980716,0,0
2010-05-24 09:00:00,1191.5,62.0,1151.4023691460054,0,0
2010-05-24 10:00:00,1275.9,61.0,1226.2793994490357,0,0
2010-05-24 11:00:00,1344.5,61.0,1274.7249201101927,0,0
2010-05-24 12:00:00,1334.3000000000002,62.0,1306.8961707988983,0,0
2010-05-24 13:00:00,1360.8,62.0,1319.732479338843,0,0
2010-05-24 14:00:00,1383.9,62.0,1330.5300220385675,0,0
2010-05-24 15:00:00,1357.1,60.0,1327.1490523415978,0,0
2010-05-24 16:00:00,1311.5,61.0,1337.973526170799,0,0
2010-05-24 17:00:00,1323.2,59.0,1329.1401157024793,0,0
2010-05-24 18:00:00,1312.0,57.0,1346.474837465565,0,0
2010-05-24 19:00:00,1427.5,56.0,1335.4003581267218,0,0
2010-05-24 20:00:00,1304.6,56.0,1267.594958677686,0,0
2010-05-24 21:00:00,1282.7,55.0,1165.6970909090912,0,0
2010-05-24 22:00:00,819.3000000000001,54.0,801.5602809917357,0,0
2010-05-24 23:00:00,624.4000000000001,54.0,681.6366666666668,0,0
2010-05-25 00:00:00,548.9,52.0,662.8717851239674,1,0
2010-05-25 01:00:00,533.1,51.0,651.5819449035812,1,0
2010-05-25 02:00:00,615.3000000000001,50.0,702.0537465564742,1,0
2010-05-25 03:00:00,713.7,50.0,763.7656584022038,1,0
2010-05-25 04:00:00,703.9,50.0,761.6277741046829,1,0
2010-05-25 05:00:00,619.5,50.0,731.4053719008263,1,0
2010-05-25 06:00:00,759.8,53.0,800.365482093664,1,0
2010-05-25 07:00:00,1142.3,57.0,1108.51,1,0
2010-05-25 08:00:00,1180.2,59.0,1138.5699889807165,1,0
2010-05-25 09:00:00,1221.8,62.0,1184.6703691460057,1,0
2010-05-25 10:00:00,1276.7,62.0,1241.9953994490354,1,0
2010-05-25 11:00:00,1358.6,63.0,1284.644920110193,1,0
2010-05-25 12:00:00,1353.3000000000002,62.0,1314.3201707988978,1,0
2010-05-25 13:00:00,1386.5,63.0,1328.2884793388432,1,0
2010-05-25 14:00:00,1433.8000000000002,63.0,1340.4020220385678,1,0
2010-05-25 15:00:00,1380.8000000000002,62.0,1338.4050523415974,1,0
2010-05-25 16:00:00,1349.5,61.0,1351.677526170799,1,0
2010-05-25 17:00:00,1303.9,60.0,1344.8841157024794,1,0
2010-05-25 18:00:00,1357.5,59.0,1365.8028374655646,1,0
2010-05-25 19:00:00,1402.4,57.0,1356.7283581267213,1,0
2010-05-25 20:00:00,1374.5,56.0,1290.4869586776858,1,0
2010-05-25 21:00:00,1266.6,56.0,1187.1410909090907,1,0
2010-05-25 22:00:00,815.2,56.0,824.5602809917357,1,0
2010-05-25 23:00:00,648.9,55.0,704.5646666666667,1,0
2010-05-26 00:00:00,572.4000000000001,55.0,689.0037851239667,2,0
2010-05-26 01:00:00,551.1,54.0,679.6499449035814,2,0
2010-05-26 02:00:00,629.3000000000001,55.0,728.5537465564739,2,0
2010-05-26 03:00:00,745.8,54.0,790.5056584022038,2,0
2010-05-26 04:00:00,728.5999999999999,54.0,789.9717741046834,2,0
2010-05-26 05:00:00,644.3,55.0,759.5293719008263,2,0
2010-05-26 06:00:00,809.6,57.0,830.8214820936639,2,0
2010-05-26 07:00:00,1175.5,58.0,1138.202,2,0
2010-05-26 08:00:00,1219.7,62.0,1168.837988980716,2,0
2010-05-26 09:00:00,1221.5,62.0,1213.3263691460052,2,0
2010-05-26 10:00:00,1345.9,62.0,1273.9873994490358,2,0
2010-05-26 11:00:00,1357.6000000000001,61.0,1317.8009201101927,2,0
2010-05-26 12:00:00,1447.5,62.0,1347.9761707988982,2,0
2010-05-26 13:00:00,1453.9,63.0,1362.3804793388429,2,0
2010-05-26 14:00:00,1420.3,64.0,1375.4900220385675,2,0
2010-05-26 15:00:00,1436.7,63.0,1375.2410523415979,2,0
2010-05-26 16:00:00,1413.3000000000002,63.0,1388.957526170799,2,0
2010-05-26 17:00:00,1336.4,61.0,1382.9321157024797,2,0
2010-05-26 18:00:00,1396.5,60.0,1403.9748374655646,2,0
2010-05-26 19:00:00,1428.8000000000002,57.0,1393.2283581267218,2,0
2010-05-26 20:00:00,1363.8000000000002,57.0,1325.4549586776861,2,0
2010-05-26 21:00:00,1296.2,55.0,1221.9090909090912,2,0
2010-05-26 22:00:00,882.5,55.0,857.0722809917359,2,0
2010-05-26 23:00:00,673.9000000000001,55.0,733.1966666666667,2,0
2010-05-27 00:00:00,609.4,56.0,711.1237851239671,3,0
2010-05-27 01:00:00,585.5,56.0,690.6579449035812,3,0
2010-05-27 02:00:00,672.2,56.0,734.8217465564742,3,0
2010-05-27 03:00:00,803.5,57.0,792.3576584022039,3,0
2010-05-27 04:00:00,771.8,57.0,784.8077741046836,3,0
2010-05-27 05:00:00,688.2,57.0,750.2133719008267,3,0
2010-05-27 06:00:00,837.5,58.0,818.2214820936638,3,0
2010-05-27 07:00:00,1183.5,59.0,1122.902,3,0
2010-05-27 08:00:00,1214.6000000000001,59.0,1151.8099889807168,3,0
2010-05-27 09:00:00,1256.0,58.0,1196.3023691460055,3,0
2010-05-27 10:00:00,1289.1999999999998,59.0,1254.011399449036,3,0
2010-05-27 11:00:00,1329.8,61.0,1293.984920110193,3,0
2010-05-27 12:00:00,1283.7,64.0,1321.2721707988983,3,0
2010-05-27 13:00:00,1270.3,65.0,1333.2004793388433,3,0
2010-05-27 14:00:00,1369.1999999999998,65.0,1342.5540220385674,3,0
2010-05-27 15:00:00,1312.8000000000002,65.0,1337.1610523415977,3,0
2010-05-27 16:00:00,1293.8,65.0,1345.8055261707989,3,0
2010-05-27 17:00:00,1296.4,62.0,1335.2841157024795,3,0
2010-05-27 18:00:00,1346.9,61.0,1350.8788374655646,3,0
2010-05-27 19:00:00,1400.3000000000002,59.0,1337.4803581267215,3,0
2010-05-27 20:00:00,1347.0,59.0,1266.7749586776863,3,0
2010-05-27 21:00:00,1285.6,59.0,1161.589090909091,3,0
2010-05-27 22:00:00,838.3,59.0,794.9762809917356,3,0
2010-05-27 23:00:00,645.2,58.0,673.3766666666663,3,0
2010-05-28 00:00:00,562.1999999999999,57.0,654.5117851239672,4,0
2010-05-28 01:00:00,560.5999999999999,56.0,643.0819449035814,4,0
2010-05-28 02:00:00,612.7,54.0,693.789746556474,4,0
2010-05-28 03:00:00,717.8000000000001,52.0,754.7896584022039,4,0
2010-05-28 04:00:00,702.7,51.0,754.1157741046834,4,0
2010-05-28 05:00:00,619.0,51.0,725.2253719008266,4,0
2010-05-28 06:00:00,745.2,55.0,794.029482093664,4,0
2010-05-28 07:00:00,1145.1,59.0,1102.078,4,0
2010-05-28 08:00:00,1149.3,61.0,1131.1739889807166,4,0
2010-05-28 09:00:00,1209.9,65.0,1177.6983691460057,4,0
2010-05-28 10:00:00,1279.3,63.0,1237.147399449036,4,0
2010-05-28 11:00:00,1330.0,61.0,1278.9129201101932,4,0
2010-05-28 12:00:00,1336.1,62.0,1308.128170798898,4,0
2010-05-28 13:00:00,1332.4,65.0,1321.740479338843,4,0
2010-05-28 14:00:00,1349.1999999999998,65.0,1333.1140220385673,4,0
2010-05-28 15:00:00,1348.3000000000002,65.0,1330.9050523415979,4,0
2010-05-28 16:00:00,1341.8000000000002,63.0,1343.8655261707988,4,0
2010-05-28 17:00:00,1319.5,60.0,1336.868115702479,4,0
2010-05-28 18:00:00,1326.8,60.0,1356.0988374655649,4,0
2010-05-28 19:00:00,1434.9,59.0,1346.7883581267215,4,0
2010-05-28 20:00:00,1323.2,59.0,1279.170958677686,4,0
2010-05-28 21:00:00,1319.6,67.0,1179.9890909090907,4,0
2010-05-28 22:00:00,871.2,66.0,820.0322809917354,4,0
2010-05-28 23:00:00,645.8,58.0,705.8086666666663,4,0
2010-05-29 00:00:00,581.6999999999999,56.0,696.1797851239671,5,0
2010-05-29 01:00:00,555.5,57.0,693.6819449035811,5,0
2010-05-29 02:00:00,638.3,56.0,751.6457465564733,5,0
2010-05-29 03:00:00,737.9000000000001,54.0,821.0536584022041,5,0
2010-05-29 04:00:00,724.9,55.0,827.5157741046833,5,0
2010-05-29 05:00:00,638.0,53.0,802.6013719008262,5,0
2010-05-29 06:00:00,766.9000000000001,57.0,874.9814820936638,5,0
2010-05-29 07:00:00,1155.0,61.0,1187.0260000000003,5,0
2010-05-29 08:00:00,1188.1000000000001,66.0,1222.137988980716,5,0
2010-05-29 09:00:00,1294.7,67.0,1271.8943691460056,5,0
2010-05-29 10:00:00,1399.6,65.0,1325.9993994490358,5,0
2010-05-29 11:00:00,1504.5,67.0,1364.920920110193,5,0
2010-05-29 12:00:00,1567.1999999999998,68.0,1393.4801707988981,5,0
2010-05-29 13:00:00,1608.1,69.0,1406.280479338843,5,0
2010-05-29 14:00:00,1592.6999999999998,71.0,1420.1020220385676,5,0
2010-05-29 15:00:00,1538.5,71.0,1420.2330523415976,5,0
2010-05-29 16:00:00,1555.7,69.0,1433.8455261707988,5,0
2010-05-29 17:00:00,1466.8999999999999,69.0,1426.9401157024795,5,0
2010-05-29 18:00:00,1439.3000000000002,71.0,1446.8068374655645,5,0
2010-05-29 19:00:00,1514.7,75.0,1438.4803581267217,5,0
2010-05-29 20:00:00,1508.2000000000003,71.0,1372.5669586776858,5,0
2010-05-29 21:00:00,1376.6,68.0,1274.849090909091,5,0
2010-05-29 22:00:00,771.5999999999999,66.0,915.3642809917355,5,0
2010-05-29 23:00:00,607.6,64.0,797.7566666666667,5,0
2010-05-30 00:00:00,565.9,60.0,780.5957851239671,6,0
2010-05-30 01:00:00,554.7,59.0,768.0299449035813,6,0
2010-05-30 02:00:00,694.4,58.0,815.1177465564738,6,0
2010-05-30 03:00:00,822.0,58.0,877.9936584022041,6,0
2010-05-30 04:00:00,761.3000000000001,57.0,876.1077741046836,6,0
2010-05-30 05:00:00,662.5,56.0,847.0293719008265,6,0
2010-05-30 06:00:00,801.8000000000001,59.0,915.777482093664,6,0
2010-05-30 07:00:00,1201.3,64.0,1224.118,6,0
2010-05-30 08:00:00,1240.6,68.0,1254.4699889807162,6,0
2010-05-30 09:00:00,1370.1,71.0,1277.9943691460053,6,0
2010-05-30 10:00:00,1496.1999999999998,72.0,1324.3153994490358,6,0
2010-05-30 11:00:00,1540.2,67.0,1364.584920110193,6,0
2010-05-30 12:00:00,1553.4,68.0,1394.5281707988984,6,0
2010-05-30 13:00:00,1587.5,70.0,1407.9084793388427,6,0
2010-05-30 14:00:00,1596.5,70.0,1421.7940220385676,6,0
2010-05-30 15:00:00,1618.6999999999998,68.0,1420.1410523415977,6,0
2010-05-30 16:00:00,1537.1999999999998,68.0,1435.417526170799,6,0
2010-05-30 17:00:00,1576.7,67.0,1429.4081157024793,6,0
2010-05-30 18:00:00,1495.9,65.0,1451.558837465565,6,0
2010-05-30 19:00:00,1534.6,64.0,1446.2523581267221,6,0
2010-05-30 20:00:00,1469.0,63.0,1380.246958677686,6,0
2010-05-30 21:00:00,905.8000000000001,62.0,1279.1690909090908,6,0
2010-05-30 22:00:00,634.0,60.0,915.8522809917356,6,0
2010-05-30 23:00:00,541.6999999999999,62.0,794.6206666666669,6,0
2010-05-31 00:00:00,562.3,61.0,776.9517851239673,0,0
2010-05-31 01:00:00,553.4,60.0,762.7859449035811,0,0
2010-05-31 02:00:00,695.1999999999999,59.0,808.493746556474,0,0
2010-05-31 03:00:00,833.5,60.0,866.8976584022039,0,0
2010-05-31 04:00:00,887.0,60.0,859.2157741046833,0,0
2010-05-31 05:00:00,721.3,59.0,825.1133719008263,0,0
2010-05-31 06:00:00,883.4,60.0,885.5614820936642,0,0
2010-05-31 07:00:00,1311.7,60.0,1189.582,0,0
2010-05-31 08:00:00,1284.6,64.0,1213.2739889807167,0,0
2010-05-31 09:00:00,1338.6,67.0,1254.8983691460055,0,0
2010-05-31 10:00:00,1475.7999999999997,69.0,1325.371399449036,0,0
2010-05-31 11:00:00,1546.2,66.0,1374.012920110193,0,0
2010-05-31 12:00:00,1576.4,67.0,1406.152170798898,0,0
2010-05-31 13:00:00,1533.7,66.0,1419.664479338843,0,0
2010-05-31 14:00:00,1541.4,66.0,1432.4660220385676,0,0
2010-05-31 15:00:00,1510.7,67.0,1427.7450523415976,0,0
2010-05-31 16:00:00,1472.5,65.0,1437.6935261707988,0,0
2010-05-31 17:00:00,1432.6,64.0,1424.9841157024794,0,0
2010-05-31 18:00:00,1398.1999999999998,62.0,1441.034837465565,0,0
2010-05-31 19:00:00,1483.2,61.0,1428.1883581267216,0,0
2010-05-31 20:00:00,1322.4,60.0,1356.8749586776862,0,0
2010-05-31 21:00:00,1319.1,60.0,1250.6770909090908,0,0
2010-05-31 22:00:00,767.0,60.0,885.9002809917356,0,0
2010-05-31 23:00:00,613.4000000000001,60.0,759.8366666666666,0,0
2010-06-01 00:00:00,551.3,60.0,737.635785123967,1,0
2010-06-01 01:00:00,553.1,60.0,719.1539449035813,1,0
2010-06-01 02:00:00,666.8000000000001,60.0,763.7337465564738,1,0
2010-06-01 03:00:00,757.5999999999999,60.0,823.093658402204,1,0
2010-06-01 04:00:00,765.3000000000001,60.0,819.3437741046835,1,0
2010-06-01 05:00:00,679.5,60.0,787.0413719008267,1,0
2010-06-01 06:00:00,789.7,60.0,854.905482093664,1,0
2010-06-01 07:00:00,1204.8,61.0,1163.2419999999997,1,0
2010-06-01 08:00:00,1262.3,61.0,1192.6099889807167,1,0
2010-06-01 09:00:00,1254.6,61.0,1239.2823691460055,1,0
2010-06-01 10:00:00,1407.8000000000002,63.0,1292.895399449036,1,0
2010-06-01 11:00:00,1405.0,65.0,1336.2849201101933,1,0
2010-06-01 12:00:00,1469.1,65.0,1365.2561707988982,1,0
2010-06-01 13:00:00,1448.8,65.0,1378.732479338843,1,0
2010-06-01 14:00:00,1459.4,65.0,1391.0740220385674,1,0
2010-06-01 15:00:00,1479.4999999999998,64.0,1388.0930523415977,1,0
2010-06-01 16:00:00,1462.8000000000002,63.0,1401.185526170799,1,0
2010-06-01 17:00:00,1412.9,63.0,1393.3241157024795,1,0
2010-06-01 18:00:00,1439.5,61.0,1411.842837465565,1,0
2010-06-01 19:00:00,1493.3999999999999,59.0,1404.2643581267214,1,0
2010-06-01 20:00:00,1412.8999999999999,59.0,1336.6229586776863,1,0
2010-06-01 21:00:00,1298.7,59.0,1232.7090909090914,1,0
2010-06-01 22:00:00,758.8000000000001,58.0,871.2722809917357,1,0
2010-06-01 23:00:00,615.1,58.0,748.328666666667,1,0
2010-06-02 00:00:00,543.8000000000001,59.0,733.2957851239669,2,0
2010-06-02 01:00:00,541.2,59.0,723.0699449035812,2,0
2010-06-02 02:00:00,655.0,60.0,774.5977465564742,2,0
2010-06-02 03:00:00,772.7,60.0,838.509658402204,2,0
2010-06-02 04:00:00,767.9999999999999,61.0,838.0677741046834,2,0
2010-06-02 05:00:00,679.0,61.0,807.2053719008264,2,0
2010-06-02 06:00:00,809.6,61.0,876.1134820936641,2,0
2010-06-02 07:00:00,1242.8000000000002,62.0,1185.902,2,0
2010-06-02 08:00:00,1247.2,62.0,1215.8539889807164,2,0
2010-06-02 09:00:00,1289.3999999999999,64.0,1261.2183691460057,2,0
2010-06-02 10:00:00,1407.3,65.0,1316.623399449036,2,0
2010-06-02 11:00:00,1415.0,67.0,1360.056920110193,2,0
2010-06-02 12:00:00,1507.1,64.0,1389.3561707988983,2,0
2010-06-02 13:00:00,1547.9,65.0,1403.3964793388434,2,0
2010-06-02 14:00:00,1548.2,66.0,1416.5820220385676,2,0
2010-06-02 15:00:00,1511.3,64.0,1413.8570523415979,2,0
2010-06-02 16:00:00,1514.3000000000002,63.0,1427.5535261707987,2,0
2010-06-02 17:00:00,1439.1999999999998,63.0,1420.7081157024795,2,0
2010-06-02 18:00:00,1445.9,63.0,1440.2948374655643,2,0
2010-06-02 19:00:00,1571.0,61.0,1432.3043581267218,2,0
2010-06-02 20:00:00,1437.7,60.0,1365.1029586776863,2,0
2010-06-02 21:00:00,1356.5,59.0,1265.537090909091,2,0
2010-06-02 22:00:00,783.1999999999999,59.0,904.3802809917354,2,0
2010-06-02 23:00:00,608.0,59.0,785.2206666666666,2,0
2010-06-03 00:00:00,553.6999999999999,59.0,771.0957851239673,3,0
2010-06-03 01:00:00,547.8,58.0,759.7779449035813,3,0
2010-06-03 02:00:00,664.2,58.0,809.6057465564741,3,0
2010-06-03 03:00:00,767.3,57.0,872.9696584022038,3,0
2010-06-03 04:00:00,798.1999999999999,57.0,872.3237741046833,3,0
2010-06-03 05:00:00,707.1,57.0,841.9853719008269,3,0
2010-06-03 06:00:00,835.8,57.0,911.6494820936643,3,0
2010-06-03 07:00:00,1252.3999999999999,58.0,1220.3739999999998,3,0
2010-06-03 08:00:00,1296.2000000000003,59.0,1248.2619889807165,3,0
2010-06-03 09:00:00,1383.0,62.0,1295.4703691460054,3,0
2010-06-03 10:00:00,1449.1,65.0,1350.6833994490357,3,0
2010-06-03 11:00:00,1509.1,66.0,1396.100920110193,3,0
2010-06-03 12:00:00,1539.8,66.0,1428.2481707988982,3,0
2010-06-03 13:00:00,1558.6000000000001,68.0,1444.1884793388429,3,0
2010-06-03 14:00:00,1604.7999999999997,69.0,1459.3580220385675,3,0
2010-06-03 15:00:00,1586.4,66.0,1459.469052341598,3,0
2010-06-03 16:00:00,1541.0,63.0,1474.953526170799,3,0
2010-06-03 17:00:00,1503.8,62.0,1468.6081157024796,3,0
2010-06-03 18:00:00,1491.1,61.0,1489.4028374655645,3,0
2010-06-03 19:00:00,1550.8,60.0,1482.6043581267218,3,0
2010-06-03 20:00:00,1463.6999999999998,59.0,1416.6389586776863,3,0
2010-06-03 21:00:00,1427.3999999999999,59.0,1318.4490909090907,3,0
2010-06-03 22:00:00,836.2,59.0,955.8442809917358,3,0
2010-06-03 23:00:00,682.0,59.0,836.3446666666669,3,0
2010-06-04 00:00:00,617.8,59.0,819.9037851239668,4,0
2010-06-04 01:00:00,605.2,58.0,810.069944903581,4,0
2010-06-04 02:00:00,720.4,60.0,859.8417465564739,4,0
2010-06-04 03:00:00,847.4,60.0,921.7936584022038,4,0
2010-06-04 04:00:00,837.5,60.0,922.1797741046832,4,0
2010-06-04 05:00:00,749.8,61.0,893.4213719008266,4,0
2010-06-04 06:00:00,894.1000000000001,61.0,962.385482093664,4,0
2010-06-04 07:00:00,1308.4,61.0,1270.818,4,0
2010-06-04 08:00:00,1336.7,63.0,1301.2859889807164,4,0
2010-06-04 09:00:00,1466.4,63.0,1349.1103691460055,4,0
2010-06-04 10:00:00,1506.4999999999998,63.0,1403.3553994490362,4,0
2010-06-04 11:00:00,1542.3999999999999,65.0,1447.0289201101928,4,0
2010-06-04 12:00:00,1575.9999999999998,68.0,1475.0121707988983,4,0
2010-06-04 13:00:00,1628.4,67.0,1486.7004793388433,4,0
2010-06-04 14:00:00,1614.1000000000001,68.0,1499.590022038568,4,0
2010-06-04 15:00:00,1607.7,67.0,1497.7970523415984,4,0
2010-06-04 16:00:00,1641.9,66.0,1509.1055261707988,4,0
2010-06-04 17:00:00,1570.0,64.0,1502.1441157024797,4,0
2010-06-04 18:00:00,1538.2,63.0,1520.630837465565,4,0
2010-06-04 19:00:00,1588.7,62.0,1510.352358126722,4,0
2010-06-04 20:00:00,1508.0000000000002,60.0,1444.3589586776861,4,0
2010-06-04 21:00:00,1468.8,60.0,1342.2170909090912,4,0
2010-06-04 22:00:00,882.9,60.0,977.8842809917353,4,0
2010-06-04 23:00:00,691.4,60.0,859.3606666666667,4,0
2010-06-05 00:00:00,587.7,59.0,846.211785123967,5,0
2010-06-05 01:00:00,563.0,59.0,836.7539449035814,5,0
2010-06-05 02:00:00,720.8,60.0,887.4937465564738,5,0
2010-06-05 03:00:00,856.0,61.0,952.9096584022038,5,0
2010-06-05 04:00:00,813.2,61.0,953.1197741046833,5,0
2010-06-05 05:00:00,773.7,61.0,919.8653719008265,5,0
2010-06-05 06:00:00,879.1000000000001,61.0,987.133482093664,5,0
2010-06-05 07:00:00,1279.7,62.0,1294.6940000000002,5,0
2010-06-05 08:00:00,1392.0,64.0,1324.1739889807163,5,0
2010-06-05 09:00:00,1408.1000000000001,66.0,1371.1863691460053,5,0
2010-06-05 10:00:00,1546.6999999999998,69.0,1423.703399449036,5,0
2010-06-05 11:00:00,1624.1999999999998,68.0,1466.032920110193,5,0
2010-06-05 12:00:00,1691.6,68.0,1495.5761707988981,5,0
2010-06-05 13:00:00,1674.0,70.0,1511.6764793388431,5,0
2010-06-05 14:00:00,1708.1000000000001,69.0,1524.3660220385673,5,0
2010-06-05 15:00:00,1703.6,68.0,1523.029052341598,5,0
2010-06-05 16:00:00,1658.8,68.0,1535.197526170799,5,0
2010-06-05 17:00:00,1558.5,65.0,1527.5241157024793,5,0
2010-06-05 18:00:00,1562.0,63.0,1545.8908374655648,5,0
2010-06-05 19:00:00,1614.0,63.0,1537.424358126722,5,0
2010-06-05 20:00:00,1521.2000000000003,62.0,1473.4589586776856,5,0
2010-06-05 21:00:00,1492.8000000000002,62.0,1371.805090909091,5,0
2010-06-05 22:00:00,881.1,62.0,1012.7442809917354,5,0
2010-06-05 23:00:00,704.5,64.0,893.8566666666668,5,0
2010-06-06 00:00:00,636.1,64.0,877.1557851239672,6,0
2010-06-06 01:00:00,643.2,64.0,863.5219449035812,6,0
2010-06-06 02:00:00,673.6,64.0,912.9097465564741,6,0
2010-06-06 03:00:00,867.8,63.0,973.1656584022039,6,0
2010-06-06 04:00:00,843.3,63.0,969.6597741046833,6,0
2010-06-06 05:00:00,731.6000000000001,63.0,936.2253719008264,6,0
2010-06-06 06:00:00,900.0,63.0,1002.8454820936643,6,0
2010-06-06 07:00:00,1310.0,63.0,1306.5779999999997,6,0
2010-06-06 08:00:00,1414.0,65.0,1334.2699889807166,6,0
2010-06-06 09:00:00,1475.6,66.0,1358.1183691460053,6,0
2010-06-06 10:00:00,1620.1999999999998,68.0,1403.2273994490358,6,0
2010-06-06 11:00:00,1655.3,68.0,1442.4609201101928,6,0
2010-06-06 12:00:00,1684.6,67.0,1471.5241707988982,6,0
2010-06-06 13:00:00,1685.1999999999998,68.0,1484.880479338843,6,0
2010-06-06 14:00:00,1719.9,68.0,1495.3180220385675,6,0
2010-06-06 15:00:00,1668.6,66.0,1496.9530523415979,6,0
2010-06-06 16:00:00,1661.8,65.0,1508.6135261707987,6,0
2010-06-06 17:00:00,1570.8999999999999,64.0,1500.052115702479,6,0
2010-06-06 18:00:00,1534.3000000000002,63.0,1522.0668374655652,6,0
2010-06-06 19:00:00,1542.1,62.0,1513.4243581267215,6,0
2010-06-06 20:00:00,1501.8000000000002,62.0,1445.802958677686,6,0
2010-06-06 21:00:00,926.9,62.0,1341.3530909090907,6,0
2010-06-06 22:00:00,719.9000000000001,62.0,976.9042809917357,6,0
2010-06-06 23:00:00,625.3,62.0,852.0406666666661,6,0
2010-06-07 00:00:00,637.2,62.0,832.4477851239672,0,0
2010-06-07 01:00:00,623.0,63.0,817.1499449035812,0,0
2010-06-07 02:00:00,697.5,63.0,861.8337465564739,0,0
2010-06-07 03:00:00,894.9000000000001,63.0,919.9256584022037,0,0
2010-06-07 04:00:00,842.3999999999999,63.0,914.5317741046833,0,0
2010-06-07 05:00:00,739.5,63.0,880.7173719008264,0,0
2010-06-07 06:00:00,949.1,63.0,947.2174820936639,0,0
2010-06-07 07:00:00,1326.5,63.0,1253.846,0,0
2010-06-07 08:00:00,1352.9,62.0,1284.3939889807164,0,0
2010-06-07 09:00:00,1427.6999999999998,63.0,1330.5863691460056,0,0
2010-06-07 10:00:00,1553.0,64.0,1406.879399449036,0,0
2010-06-07 11:00:00,1579.4,66.0,1459.708920110193,0,0
2010-06-07 12:00:00,1643.3999999999999,67.0,1497.7961707988982,0,0
2010-06-07 13:00:00,1636.6000000000001,69.0,1516.052479338843,0,0
2010-06-07 14:00:00,1613.5,66.0,1537.1220220385676,0,0
2010-06-07 15:00:00,1626.3000000000002,67.0,1540.5930523415977,0,0
2010-06-07 16:00:00,1579.6,65.0,1555.225526170799,0,0
2010-06-07 17:00:00,1564.4,64.0,1551.5881157024796,0,0
2010-06-07 18:00:00,1543.7,63.0,1576.110837465565,0,0
2010-06-07 19:00:00,1586.7999999999997,62.0,1562.6603581267213,0,0
2010-06-07 20:00:00,1501.3,61.0,1495.3989586776856,0,0
2010-06-07 21:00:00,1466.1000000000001,61.0,1390.585090909091,0,0
2010-06-07 22:00:00,933.6,61.0,1025.2442809917356,0,0
2010-06-07 23:00:00,804.0,61.0,900.8446666666666,0,0
2010-06-08 00:00:00,783.5999999999999,61.0,882.4557851239672,1,0
2010-06-08 01:00:00,746.5999999999999,61.0,867.2019449035813,1,0
2010-06-08 02:00:00,943.0999999999999,61.0,913.3537465564739,1,0
2010-06-08 03:00:00,964.7,61.0,974.7176584022038,1,0
2010-06-08 04:00:00,943.8,61.0,970.7837741046831,1,0
2010-06-08 05:00:00,861.6999999999999,61.0,939.4773719008264,1,0
2010-06-08 06:00:00,1019.7,62.0,1005.0734820936641,1,0
2010-06-08 07:00:00,1255.3999999999999,63.0,1313.6340000000002,1,0
2010-06-08 08:00:00,1378.3999999999999,61.0,1344.7819889807163,1,0
2010-06-08 09:00:00,1357.5,61.0,1392.8263691460056,1,0
2010-06-08 10:00:00,1482.8000000000002,63.0,1466.623399449036,1,0
2010-06-08 11:00:00,1523.8000000000002,63.0,1535.9009201101928,1,0
2010-06-08 12:00:00,1597.6,65.0,1591.0961707988981,1,0
2010-06-08 13:00:00,1596.5,66.0,1626.2004793388433,1,0
2010-06-08 14:00:00,1601.6,68.0,1658.0060220385676,1,0
2010-06-08 15:00:00,1601.6999999999998,68.0,1668.4370523415978,1,0
2010-06-08 16:00:00,1573.8,66.0,1695.4735261707988,1,0
2010-06-08 17:00:00,1544.9,65.0,1703.8401157024791,1,0
2010-06-08 18:00:00,1514.6000000000001,64.0,1733.0108374655647,1,0
2010-06-08 19:00:00,1644.5,62.0,1719.4803581267215,1,0
2010-06-08 20:00:00,1561.0,62.0,1654.2429586776861,1,0
2010-06-08 21:00:00,1511.9,61.0,1550.993090909091,1,0
2010-06-08 22:00:00,1410.4,61.0,1190.4522809917355,1,0
2010-06-08 23:00:00,1428.8999999999999,60.0,1069.7326666666665,1,0
2010-06-09 00:00:00,1390.0,60.0,1052.4797851239673,2,0
2010-06-09 01:00:00,1314.2,60.0,1037.7259449035814,2,0
2010-06-09 02:00:00,1335.1,60.0,1085.6337465564743,2,0
2010-06-09 03:00:00,1384.3000000000002,60.0,1146.349658402204,2,0
2010-06-09 04:00:00,1323.7,61.0,1142.0917741046833,2,0
2010-06-09 05:00:00,1263.2,61.0,1107.4693719008264,2,0
2010-06-09 06:00:00,1258.1,61.0,1172.2174820936643,2,0
2010-06-09 07:00:00,1324.0,62.0,1476.4460000000001,2,0
2010-06-09 08:00:00,1357.8999999999999,65.0,1502.5299889807166,2,0
2010-06-09 09:00:00,1422.1,66.0,1543.1303691460057,2,0
2010-06-09 10:00:00,1532.6,66.0,1594.2473994490354,2,0
2010-06-09 11:00:00,1545.6,66.0,1615.452920110193,2,0
2010-06-09 12:00:00,1570.4,66.0,1614.4841707988983,2,0
2010-06-09 13:00:00,1563.2,67.0,1596.784479338843,2,0
2010-06-09 14:00:00,1605.3999999999999,67.0,1580.6180220385677,2,0
2010-06-09 15:00:00,1573.6000000000001,67.0,1552.1410523415977,2,0
2010-06-09 16:00:00,1541.1000000000001,66.0,1541.5575261707988,2,0
2010-06-09 17:00:00,1456.2,64.0,1514.176115702479,2,0
2010-06-09 18:00:00,1473.9,63.0,1510.7108374655645,2,0
2010-06-09 19:00:00,1507.1,63.0,1486.2003581267215,2,0
2010-06-09 20:00:00,1492.1000000000001,62.0,1415.482958677686,2,0
2010-06-09 21:00:00,1385.5,61.0,1310.9770909090907,2,0
2010-06-09 22:00:00,889.2,61.0,944.1882809917356,2,0
2010-06-09 23:00:00,703.8999999999999,61.0,816.6606666666664,2,0
2010-06-10 00:00:00,610.8000000000001,62.0,794.5877851239668,3,0
2010-06-10 01:00:00,600.5,63.0,779.6299449035812,3,0
2010-06-10 02:00:00,703.4000000000001,63.0,826.7937465564742,3,0
2010-06-10 03:00:00,803.6,63.0,881.9376584022039,3,0
2010-06-10 04:00:00,802.8000000000001,63.0,875.3757741046834,3,0
2010-06-10 05:00:00,749.4,63.0,841.9093719008264,3,0
2010-06-10 06:00:00,843.7,64.0,907.8614820936639,3,0
2010-06-10 07:00:00,1287.9,64.0,1213.1219999999996,3,0
2010-06-10 08:00:00,1289.5,65.0,1241.6899889807162,3,0
2010-06-10 09:00:00,1370.2,65.0,1288.2743691460055,3,0
2010-06-10 10:00:00,1441.0,67.0,1343.203399449036,3,0
2010-06-10 11:00:00,1425.1999999999998,68.0,1384.2889201101927,3,0
2010-06-10 12:00:00,1471.7,69.0,1411.1441707988981,3,0
2010-06-10 13:00:00,1530.9,69.0,1422.100479338843,3,0
2010-06-10 14:00:00,1553.5,68.0,1432.0300220385675,3,0
2010-06-10 15:00:00,1438.1000000000001,67.0,1426.8330523415977,3,0
2010-06-10 16:00:00,1455.3999999999999,66.0,1436.5855261707989,3,0
2010-06-10 17:00:00,1452.4,65.0,1429.0441157024793,3,0
2010-06-10 18:00:00,1415.3000000000002,66.0,1446.482837465565,3,0
2010-06-10 19:00:00,1492.2,65.0,1437.6683581267218,3,0
2010-06-10 20:00:00,1416.8000000000002,62.0,1367.618958677686,3,0
2010-06-10 21:00:00,1466.2,62.0,1264.8290909090908,3,0
2010-06-10 22:00:00,858.1,62.0,896.0642809917358,3,0
2010-06-10 23:00:00,679.7,63.0,770.6566666666665,3,0
2010-06-11 00:00:00,581.4000000000001,63.0,745.5477851239668,4,0
2010-06-11 01:00:00,537.6999999999999,63.0,726.9059449035815,4,0
2010-06-11 02:00:00,642.1,62.0,769.8137465564739,4,0
2010-06-11 03:00:00,753.9,62.0,824.9096584022038,4,0
2010-06-11 04:00:00,730.5,61.0,818.9557741046835,4,0
2010-06-11 05:00:00,724.5,61.0,785.7453719008266,4,0
2010-06-11 06:00:00,852.5,61.0,852.6254820936638,4,0
2010-06-11 07:00:00,1265.9,63.0,1161.01,4,0
2010-06-11 08:00:00,1270.1,64.0,1191.5699889807165,4,0
2010-06-11 09:00:00,1344.7,66.0,1237.1863691460055,4,0
2010-06-11 10:00:00,1339.6999999999998,66.0,1289.0193994490357,4,0
2010-06-11 11:00:00,1386.6,67.0,1330.844920110193,4,0
2010-06-11 12:00:00,1275.4,68.0,1359.2681707988982,4,0
2010-06-11 13:00:00,1340.1,69.0,1373.5604793388434,4,0
2010-06-11 14:00:00,1414.8000000000002,68.0,1388.0500220385675,4,0
2010-06-11 15:00:00,1385.0,69.0,1388.0410523415972,4,0
2010-06-11 16:00:00,1335.1,65.0,1403.5575261707988,4,0
2010-06-11 17:00:00,1373.1,65.0,1399.6361157024794,4,0
2010-06-11 18:00:00,1434.6999999999998,64.0,1417.8828374655645,4,0
2010-06-11 19:00:00,1511.7,62.0,1408.272358126722,4,0
2010-06-11 20:00:00,1451.7,62.0,1338.4909586776857,4,0
2010-06-11 21:00:00,1366.7,62.0,1233.8450909090911,4,0
2010-06-11 22:00:00,861.4000000000001,61.0,865.8562809917353,4,0
2010-06-11 23:00:00,667.1,60.0,746.5286666666668,4,0
2010-06-12 00:00:00,596.4,60.0,733.695785123967,5,0
2010-06-12 01:00:00,591.7,62.0,730.7699449035815,5,0
2010-06-12 02:00:00,693.3,61.0,786.8337465564744,5,0
2010-06-12 03:00:00,822.3,62.0,853.077658402204,5,0
2010-06-12 04:00:00,824.9,61.0,856.3277741046832,5,0
2010-06-12 05:00:00,742.7,61.0,831.0133719008262,5,0
2010-06-12 06:00:00,847.8,61.0,897.4654820936639,5,0
2010-06-12 07:00:00,1254.8,63.0,1202.822,5,0
2010-06-12 08:00:00,1254.8,64.0,1232.7139889807165,5,0
2010-06-12 09:00:00,1278.9,64.0,1276.1903691460059,5,0
2010-06-12 10:00:00,1333.6,66.0,1333.2673994490358,5,0
2010-06-12 11:00:00,1437.2999999999997,67.0,1373.696920110193,5,0
2010-06-12 12:00:00,1543.6999999999998,68.0,1400.8521707988982,5,0
2010-06-12 13:00:00,1536.6999999999998,69.0,1412.8364793388428,5,0
2010-06-12 14:00:00,1552.9,69.0,1422.8940220385675,5,0
2010-06-12 15:00:00,1525.0,67.0,1417.7850523415977,5,0
2010-06-12 16:00:00,1512.1,66.0,1428.885526170799,5,0
2010-06-12 17:00:00,1450.2,65.0,1419.7081157024795,5,0
2010-06-12 18:00:00,1344.6999999999998,65.0,1434.8308374655649,5,0
2010-06-12 19:00:00,1455.4,64.0,1424.1483581267214,5,0
2010-06-12 20:00:00,1454.5,63.0,1354.790958677686,5,0
2010-06-12 21:00:00,1348.1000000000001,63.0,1253.7450909090908,5,0
2010-06-12 22:00:00,893.0,63.0,893.9842809917354,5,0
2010-06-12 23:00:00,635.5,61.0,778.5846666666666,5,0
2010-06-13 00:00:00,552.1,60.0,765.067785123967,6,1
2010-06-13 01:00:00,549.0,59.0,754.2899449035813,6,1
2010-06-13 02:00:00,636.5,59.0,805.4977465564737,6,1
2010-06-13 03:00:00,746.0,59.0,869.5296584022037,6,1
2010-06-13 04:00:00,782.9,60.0,867.5517741046831,6,1
2010-06-13 05:00:00,705.7,60.0,835.6653719008267,6,1
2010-06-13 06:00:00,787.9,61.0,901.1614820936638,6,1
2010-06-13 07:00:00,1223.3,62.0,1212.3500000000004,6,1
2010-06-13 08:00:00,1254.3,63.0,1243.673988980716,6,1
2010-06-13 09:00:00,1353.6,64.0,1267.5063691460055,6,1
2010-06-13 10:00:00,1473.5,65.0,1317.467399449036,6,1
2010-06-13 11:00:00,1529.4,69.0,1360.956920110193,6,1
2010-06-13 12:00:00,1577.3000000000002,65.0,1397.036170798898,6,1
2010-06-13 13:00:00,1608.6999999999998,66.0,1418.576479338843,6,1
2010-06-13 14:00:00,1628.1,65.0,1434.6260220385675,6,1
2010-06-13 15:00:00,1607.7999999999997,64.0,1431.6930523415979,6,1
2010-06-13 16:00:00,1521.4,64.0,1444.273526170799,6,1
2010-06-13 17:00:00,1462.9,63.0,1438.2921157024794,6,1
2010-06-13 18:00:00,1397.9,63.0,1453.1228374655643,6,1
2010-06-13 19:00:00,1511.2,61.0,1425.6483581267216,6,1
2010-06-13 20:00:00,1433.9999999999998,61.0,1337.1229586776858,6,1
2010-06-13 21:00:00,859.8,60.0,1211.697090909091,6,1
2010-06-13 22:00:00,696.5,60.0,819.7522809917352,6,1
2010-06-13 23:00:00,743.6,62.0,667.3246666666666,6,1
2010-06-14 00:00:00,743.6,62.0,616.7757851239669,0,0
2010-06-14 01:00:00,743.6,62.0,570.0499449035815,0,0
2010-06-14 02:00:00,743.6,62.0,582.9977465564737,0,0
2010-06-14 03:00:00,743.6,62.0,609.4536584022039,0,0
2010-06-14 04:00:00,743.6,62.0,573.0517741046835,0,0
2010-06-14 05:00:00,743.6,62.0,512.0213719008268,0,0
2010-06-14 06:00:00,743.6,62.0,550.8374820936638,0,0
2010-06-14 07:00:00,743.6,62.0,829.1939999999998,0,0
2010-06-14 08:00:00,743.6,62.0,830.6699889807162,0,0
2010-06-14 09:00:00,743.6,62.0,850.6743691460053,0,0
2010-06-14 10:00:00,743.6,62.0,922.0513994490357,0,0
2010-06-14 11:00:00,743.6,62.0,970.416920110193,0,0
2010-06-14 12:00:00,743.6,62.0,997.2561707988982,0,0
2010-06-14 13:00:00,743.6,62.0,1003.2364793388429,0,0
2010-06-14 14:00:00,743.6,62.0,1008.9980220385673,0,0
2010-06-14 15:00:00,743.6,62.0,1004.2410523415979,0,0
2010-06-14 16:00:00,743.6,62.0,1019.8535261707987,0,0
2010-06-14 17:00:00,743.6,62.0,1015.2681157024795,0,0
2010-06-14 18:00:00,743.6,62.0,1032.3028374655646,0,0
2010-06-14 19:00:00,743.6,62.0,1028.0883581267221,0,0
2010-06-14 20:00:00,743.6,62.0,982.8829586776861,0,0
2010-06-14 21:00:00,743.6,62.0,906.1170909090908,0,0
2010-06-14 22:00:00,743.6,62.0,573.2682809917354,0,0
2010-06-14 23:00:00,669.0,62.0,485.0766666666668,0,0
2010-06-15 00:00:00,620.7,61.0,499.2277851239671,1,0
2010-06-15 01:00:00,546.1,62.0,519.4299449035811,1,0
2010-06-15 02:00:00,681.0,60.0,602.193746556474,1,0
2010-06-15 03:00:00,805.1,61.0,698.2336584022039,1,0
2010-06-15 04:00:00,817.0000000000001,61.0,727.255774104683,1,0
2010-06-15 05:00:00,739.2,61.0,728.2813719008265,1,0
2010-06-15 06:00:00,836.5999999999999,62.0,825.1014820936641,1,0
2010-06-15 07:00:00,1280.8,63.0,1162.338,1,0
2010-06-15 08:00:00,1346.9,65.0,1223.4659889807165,1,0
2010-06-15 09:00:00,1449.4,69.0,1297.1063691460058,1,0
2010-06-15 10:00:00,1611.0,70.0,1378.9513994490358,1,0
2010-06-15 11:00:00,1619.6,75.0,1425.004920110193,1,0
2010-06-15 12:00:00,1575.2999999999997,71.0,1454.3761707988979,1,0
2010-06-15 13:00:00,1583.1,77.0,1467.280479338843,1,0
2010-06-15 14:00:00,1623.9,71.0,1481.9220220385678,1,0
2010-06-15 15:00:00,1598.7,72.0,1478.9410523415977,1,0
2010-06-15 16:00:00,1515.0,65.0,1492.5175261707986,1,0
2010-06-15 17:00:00,1517.1999999999998,65.0,1485.0041157024793,1,0
2010-06-15 18:00:00,1474.4,64.0,1501.2948374655648,1,0
2010-06-15 19:00:00,1561.3,63.0,1489.9763581267216,1,0
2010-06-15 20:00:00,1467.3000000000002,62.0,1418.750958677686,1,0
2010-06-15 21:00:00,1394.1,62.0,1311.9810909090909,1,0
2010-06-15 22:00:00,889.1000000000001,62.0,941.4522809917357,1,0
2010-06-15 23:00:00,658.3,61.0,812.2326666666668,1,0
2010-06-16 00:00:00,609.4000000000001,60.0,788.115785123967,2,0
2010-06-16 01:00:00,596.3,60.0,771.693944903581,2,0
2010-06-16 02:00:00,705.5,61.0,818.5217465564735,2,0
2010-06-16 03:00:00,786.9000000000001,61.0,876.8296584022037,2,0
2010-06-16 04:00:00,827.6,62.0,870.7157741046831,2,0
2010-06-16 05:00:00,739.4,61.0,839.5293719008263,2,0
2010-06-16 06:00:00,813.6000000000001,61.0,903.6014820936641,2,0
2010-06-16 07:00:00,1196.2,62.0,1209.242,2,0
2010-06-16 08:00:00,1233.6,63.0,1235.9019889807162,2,0
2010-06-16 09:00:00,1302.6,68.0,1280.1823691460054,2,0
2010-06-16 10:00:00,1374.8000000000002,68.0,1332.663399449036,2,0
2010-06-16 11:00:00,1461.3,70.0,1371.8569201101932,2,0
2010-06-16 12:00:00,1494.6,69.0,1399.5561707988982,2,0
2010-06-16 13:00:00,1499.1999999999998,69.0,1410.8164793388432,2,0
2010-06-16 14:00:00,1565.0,69.0,1421.1580220385677,2,0
2010-06-16 15:00:00,1535.6999999999998,66.0,1415.5090523415977,2,0
2010-06-16 16:00:00,1491.7,66.0,1427.4895261707989,2,0
2010-06-16 17:00:00,1483.3000000000002,66.0,1419.8841157024794,2,0
2010-06-16 18:00:00,1429.3,65.0,1437.554837465565,2,0
2010-06-16 19:00:00,1502.2,64.0,1430.6243581267213,2,0
2010-06-16 20:00:00,1423.3000000000002,63.0,1367.1549586776864,2,0
2010-06-16 21:00:00,1383.8,63.0,1268.5890909090908,2,0
2010-06-16 22:00:00,805.5,62.0,907.0082809917358,2,0
2010-06-16 23:00:00,632.3,60.0,790.9006666666671,2,0
2010-06-17 00:00:00,556.9,61.0,778.0957851239668,3,0
2010-06-17 01:00:00,543.9,59.0,769.5299449035813,3,0
2010-06-17 02:00:00,648.2,59.0,822.369746556474,3,0
2010-06-17 03:00:00,744.7,58.0,886.0696584022039,3,0
2010-06-17 04:00:00,769.5,59.0,885.8437741046832,3,0
2010-06-17 05:00:00,747.7,61.0,857.5053719008266,3,0
2010-06-17 06:00:00,848.3,62.0,924.4334820936638,3,0
2010-06-17 07:00:00,1282.9,62.0,1234.822,3,0
2010-06-17 08:00:00,1342.9,65.0,1265.2739889807165,3,0
2010-06-17 09:00:00,1394.4,67.0,1314.3183691460056,3,0
2010-06-17 10:00:00,1451.7,68.0,1369.5553994490358,3,0
2010-06-17 11:00:00,1552.9,71.0,1413.4769201101929,3,0
2010-06-17 12:00:00,1619.1,69.0,1444.4801707988981,3,0
2010-06-17 13:00:00,1614.8999999999999,68.0,1460.1604793388433,3,0
2010-06-17 14:00:00,1631.3999999999999,69.0,1474.6180220385677,3,0
2010-06-17 15:00:00,1611.6000000000001,68.0,1473.1690523415975,3,0
2010-06-17 16:00:00,1575.8999999999999,67.0,1488.0175261707989,3,0
2010-06-17 17:00:00,1531.2000000000003,65.0,1482.076115702479,3,0
2010-06-17 18:00:00,1466.7999999999997,64.0,1499.5988374655649,3,0
2010-06-17 19:00:00,1575.8,63.0,1491.2443581267219,3,0
2010-06-17 20:00:00,1459.0,63.0,1421.6669586776866,3,0
2010-06-17 21:00:00,1458.9,63.0,1317.8090909090906,3,0
2010-06-17 22:00:00,864.1,62.0,955.1722809917355,3,0
2010-06-17 23:00:00,666.9,62.0,835.0766666666666,3,0
2010-06-18 00:00:00,613.5,62.0,815.9357851239672,4,0
2010-06-18 01:00:00,601.9,61.0,801.2059449035814,4,0
2010-06-18 02:00:00,698.7,61.0,847.7377465564739,4,0
2010-06-18 03:00:00,792.4000000000001,61.0,907.1296584022039,4,0
2010-06-18 04:00:00,799.0,61.0,903.2997741046831,4,0
2010-06-18 05:00:00,731.2,62.0,869.4573719008266,4,0
2010-06-18 06:00:00,852.9,63.0,933.981482093664,4,0
2010-06-18 07:00:00,1282.0,64.0,1239.65,4,0
2010-06-18 08:00:00,1276.9,64.0,1268.4779889807164,4,0
2010-06-18 09:00:00,1371.4,66.0,1312.5143691460055,4,0
2010-06-18 10:00:00,1517.1,69.0,1361.2473994490356,4,0
2010-06-18 11:00:00,1530.1,69.0,1400.404920110193,4,0
2010-06-18 12:00:00,1552.3,69.0,1427.5841707988984,4,0
2010-06-18 13:00:00,1585.3,70.0,1438.124479338843,4,0
2010-06-18 14:00:00,1589.3999999999999,68.0,1448.1100220385674,4,0
2010-06-18 15:00:00,1570.3000000000002,68.0,1442.8490523415978,4,0
2010-06-18 16:00:00,1561.6999999999998,67.0,1453.2375261707987,4,0
2010-06-18 17:00:00,1477.8,66.0,1444.0121157024792,4,0
2010-06-18 18:00:00,1454.6000000000001,66.0,1461.9548374655647,4,0
2010-06-18 19:00:00,1495.3,64.0,1453.2123581267217,4,0
2010-06-18 20:00:00,1492.0,64.0,1385.5429586776859,4,0
2010-06-18 21:00:00,1369.4,62.0,1283.3410909090906,4,0
2010-06-18 22:00:00,776.6,61.0,919.2282809917358,4,0
2010-06-18 23:00:00,606.4000000000001,60.0,795.9686666666669,4,0
2010-06-19 00:00:00,552.5,58.0,779.7957851239669,5,0
2010-06-19 01:00:00,530.0,58.0,769.649944903581,5,0
2010-06-19 02:00:00,644.9,57.0,818.3177465564738,5,0
2010-06-19 03:00:00,747.5999999999999,57.0,880.4536584022035,5,0
2010-06-19 04:00:00,735.2,56.0,875.7837741046831,5,0
2010-06-19 05:00:00,678.6,57.0,842.8453719008263,5,0
2010-06-19 06:00:00,846.9,60.0,909.1254820936638,5,0
2010-06-19 07:00:00,1276.9,62.0,1215.1660000000002,5,0
2010-06-19 08:00:00,1323.7,64.0,1244.0659889807162,5,0
2010-06-19 09:00:00,1346.8,65.0,1285.9103691460055,5,0
2010-06-19 10:00:00,1457.2,67.0,1339.1353994490362,5,0
2010-06-19 11:00:00,1516.4,69.0,1381.832920110193,5,0
2010-06-19 12:00:00,1603.7,69.0,1411.160170798898,5,0
2010-06-19 13:00:00,1633.1,68.0,1425.4044793388432,5,0
2010-06-19 14:00:00,1613.2,68.0,1440.4420220385678,5,0
2010-06-19 15:00:00,1596.9,67.0,1439.501052341598,5,0
2010-06-19 16:00:00,1499.4,67.0,1452.909526170799,5,0
2010-06-19 17:00:00,1486.1999999999998,66.0,1447.4001157024795,5,0
2010-06-19 18:00:00,1445.1,64.0,1465.674837465565,5,0
2010-06-19 19:00:00,1492.4,64.0,1454.5283581267217,5,0
2010-06-19 20:00:00,1413.3,64.0,1385.0509586776861,5,0
2010-06-19 21:00:00,1347.6000000000001,62.0,1279.0610909090908,5,0
2010-06-19 22:00:00,799.4000000000001,61.0,914.9522809917355,5,0
2010-06-19 23:00:00,607.4000000000001,59.0,793.2566666666667,5,0
2010-06-20 00:00:00,545.7,60.0,776.5397851239668,6,0
2010-06-20 01:00:00,561.6,59.0,763.3379449035813,6,0
2010-06-20 02:00:00,699.3000000000001,57.0,810.8137465564739,6,0
2010-06-20 03:00:00,801.8,58.0,872.7536584022039,6,0
2010-06-20 04:00:00,765.9,57.0,869.9157741046834,6,0
2010-06-20 05:00:00,707.7,56.0,840.4813719008263,6,0
2010-06-20 06:00:00,802.6,59.0,905.721482093664,6,0
2010-06-20 07:00:00,1210.8000000000002,63.0,1212.1340000000002,6,0
2010-06-20 08:00:00,1273.4,65.0,1241.2339889807165,6,0
2010-06-20 09:00:00,1298.9,67.0,1266.8743691460054,6,0
2010-06-20 10:00:00,1432.7,68.0,1313.2273994490358,6,0
2010-06-20 11:00:00,1495.6000000000001,69.0,1352.2929201101929,6,0
2010-06-20 12:00:00,1576.4,67.0,1381.840170798898,6,0
2010-06-20 13:00:00,1608.1,68.0,1395.408479338843,6,0
2010-06-20 14:00:00,1631.1999999999998,70.0,1407.3060220385673,6,0
2010-06-20 15:00:00,1615.8000000000002,68.0,1402.1290523415976,6,0
2010-06-20 16:00:00,1571.8,68.0,1413.5215261707992,6,0
2010-06-20 17:00:00,1511.5,67.0,1407.4841157024798,6,0
2010-06-20 18:00:00,1427.5,65.0,1426.458837465565,6,0
2010-06-20 19:00:00,1492.2,63.0,1417.3963581267221,6,0
2010-06-20 20:00:00,1415.4,62.0,1350.090958677686,6,0
2010-06-20 21:00:00,863.8,61.0,1244.9050909090906,6,0
2010-06-20 22:00:00,605.8,60.0,879.6002809917354,6,0
2010-06-20 23:00:00,539.4,59.0,757.032666666667,6,0
2010-06-21 00:00:00,552.2,58.0,736.907785123967,0,0
2010-06-21 01:00:00,537.9,57.0,719.5619449035812,0,0
2010-06-21 02:00:00,652.4000000000001,58.0,762.905746556474,0,0
2010-06-21 03:00:00,750.3,58.0,818.7536584022039,0,0
2010-06-21 04:00:00,769.7,59.0,810.1877741046831,0,0
2010-06-21 05:00:00,725.2,61.0,774.2013719008261,0,0
2010-06-21 06:00:00,849.2,61.0,839.0254820936643,0,0
2010-06-21 07:00:00,1218.6,62.0,1145.6059999999998,0,0
2010-06-21 08:00:00,1261.6,64.0,1173.8019889807163,0,0
2010-06-21 09:00:00,1268.7,65.0,1218.5983691460058,0,0
2010-06-21 10:00:00,1354.8999999999999,64.0,1295.0633994490356,0,0
2010-06-21 11:00:00,1449.3,67.0,1346.704920110193,0,0
2010-06-21 12:00:00,1470.4,66.0,1382.4521707988984,0,0
2010-06-21 13:00:00,1477.2,67.0,1398.352479338843,0,0
2010-06-21 14:00:00,1502.9,66.0,1410.9380220385674,0,0
2010-06-21 15:00:00,1481.5,68.0,1408.4490523415977,0,0
2010-06-21 16:00:00,1447.4999999999998,66.0,1420.7695261707988,0,0
2010-06-21 17:00:00,1420.1,66.0,1413.7041157024796,0,0
2010-06-21 18:00:00,1442.4,64.0,1433.654837465565,0,0
2010-06-21 19:00:00,1478.8000000000002,63.0,1425.0203581267217,0,0
2010-06-21 20:00:00,1392.6,62.0,1361.8509586776863,0,0
2010-06-21 21:00:00,1344.8,62.0,1260.2810909090908,0,0
2010-06-21 22:00:00,874.8,62.0,900.2082809917354,0,0
2010-06-21 23:00:00,660.1999999999999,61.0,782.3966666666661,0,0
2010-06-22 00:00:00,639.2,60.0,767.0877851239666,1,0
2010-06-22 01:00:00,602.6999999999999,57.0,760.253944903581,1,0
2010-06-22 02:00:00,645.9,59.0,813.3377465564738,1,0
2010-06-22 03:00:00,770.5999999999999,59.0,878.1096584022039,1,0
2010-06-22 04:00:00,741.4,59.0,879.1917741046836,1,0
2010-06-22 05:00:00,703.3,59.0,850.3053719008266,1,0
2010-06-22 06:00:00,891.1000000000001,60.0,920.0254820936636,1,0
2010-06-22 07:00:00,1275.9,61.0,1228.122,1,0
2010-06-22 08:00:00,1372.8,62.0,1258.8939889807164,1,0
2010-06-22 09:00:00,1347.3,62.0,1304.6023691460057,1,0
2010-06-22 10:00:00,1455.5,65.0,1362.355399449036,1,0
2010-06-22 11:00:00,1490.4,68.0,1408.5089201101932,1,0
2010-06-22 12:00:00,1544.5,68.0,1443.3281707988979,1,0
2010-06-22 13:00:00,1634.0,68.0,1459.6484793388431,1,0
2010-06-22 14:00:00,1615.5,68.0,1474.8700220385676,1,0
2010-06-22 15:00:00,1576.3000000000002,67.0,1476.1570523415978,1,0
2010-06-22 16:00:00,1554.3999999999999,65.0,1491.9015261707987,1,0
2010-06-22 17:00:00,1473.3,64.0,1491.2481157024795,1,0
2010-06-22 18:00:00,1473.3999999999999,63.0,1516.1428374655648,1,0
2010-06-22 19:00:00,1531.6,62.0,1505.9483581267214,1,0
2010-06-22 20:00:00,1443.6000000000001,61.0,1439.078958677686,1,0
2010-06-22 21:00:00,1344.8,61.0,1334.449090909091,1,0
2010-06-22 22:00:00,888.0,61.0,970.0962809917355,1,0
2010-06-22 23:00:00,792.0,61.0,848.1606666666669,1,0
2010-06-23 00:00:00,736.8,60.0,833.7677851239671,2,0
2010-06-23 01:00:00,700.1999999999999,60.0,822.2779449035816,2,0
2010-06-23 02:00:00,776.6,60.0,869.5537465564742,2,0
2010-06-23 03:00:00,858.5,59.0,931.2616584022037,2,0
2010-06-23 04:00:00,847.3000000000001,60.0,929.1397741046833,2,0
2010-06-23 05:00:00,835.3,59.0,897.0853719008263,2,0
2010-06-23 06:00:00,992.8000000000001,59.0,963.7934820936639,2,0
2010-06-23 07:00:00,1278.8000000000002,60.0,1270.1980000000003,2,0
2010-06-23 08:00:00,1337.6,62.0,1300.2299889807164,2,0
2010-06-23 09:00:00,1382.0,64.0,1344.1023691460055,2,0
2010-06-23 10:00:00,1427.1,66.0,1403.519399449036,2,0
2010-06-23 11:00:00,1487.8999999999999,67.0,1449.4609201101928,2,0
2010-06-23 12:00:00,1608.5,68.0,1479.0401707988985,2,0
2010-06-23 13:00:00,1591.7,67.0,1491.2164793388429,2,0
2010-06-23 14:00:00,1627.1,68.0,1502.2500220385673,2,0
2010-06-23 15:00:00,1612.3,67.0,1498.8850523415979,2,0
2010-06-23 16:00:00,1569.1000000000001,66.0,1512.3175261707988,2,0
2010-06-23 17:00:00,1501.0,65.0,1507.052115702479,2,0
2010-06-23 18:00:00,1451.3,64.0,1525.1588374655648,2,0
2010-06-23 19:00:00,1520.3,63.0,1512.2643581267218,2,0
2010-06-23 20:00:00,1477.9,62.0,1447.406958677686,2,0
2010-06-23 21:00:00,1349.9,62.0,1349.1810909090912,2,0
2010-06-23 22:00:00,929.6,61.0,988.9922809917357,2,0
2010-06-23 23:00:00,799.9000000000001,61.0,871.3566666666668,2,0
2010-06-24 00:00:00,737.6,61.0,856.6157851239673,3,0
2010-06-24 01:00:00,694.1999999999999,60.0,843.3539449035811,3,0
2010-06-24 02:00:00,769.4000000000001,60.0,891.6617465564741,3,0
2010-06-24 03:00:00,872.9,60.0,952.2536584022039,3,0
2010-06-24 04:00:00,877.4,60.0,947.0717741046831,3,0
2010-06-24 05:00:00,825.9000000000001,61.0,914.6293719008264,3,0
2010-06-24 06:00:00,955.0999999999999,61.0,980.6014820936641,3,0
2010-06-24 07:00:00,1313.0,61.0,1291.3180000000002,3,0
2010-06-24 08:00:00,1390.8,63.0,1323.2699889807166,3,0
2010-06-24 09:00:00,1506.9,65.0,1368.054369146006,3,0
2010-06-24 10:00:00,1565.9,66.0,1430.1153994490355,3,0
2010-06-24 11:00:00,1567.0,68.0,1475.4449201101932,3,0
2010-06-24 12:00:00,1597.3000000000002,67.0,1505.6881707988982,3,0
2010-06-24 13:00:00,1611.4,67.0,1518.2804793388432,3,0
2010-06-24 14:00:00,1610.6,67.0,1530.9020220385678,3,0
2010-06-24 15:00:00,1596.0,67.0,1529.1850523415976,3,0
2010-06-24 16:00:00,1528.6,68.0,1543.2335261707988,3,0
2010-06-24 17:00:00,1506.0,66.0,1536.5801157024794,3,0
2010-06-24 18:00:00,1460.6,64.0,1554.3308374655649,3,0
2010-06-24 19:00:00,1606.0,62.0,1542.5643581267218,3,0
2010-06-24 20:00:00,1514.6000000000001,61.0,1475.290958677686,3,0
2010-06-24 21:00:00,1407.0,61.0,1374.777090909091,3,0
2010-06-24 22:00:00,1000.8000000000001,61.0,1009.4162809917357,3,0
2010-06-24 23:00:00,826.2,61.0,886.3126666666667,3,0
2010-06-25 00:00:00,762.0999999999999,61.0,867.435785123967,4,0
2010-06-25 01:00:00,705.4000000000001,61.0,854.0819449035816,4,0
2010-06-25 02:00:00,803.1000000000001,61.0,901.7457465564739,4,0
2010-06-25 03:00:00,906.9,61.0,963.3976584022039,4,0
2010-06-25 04:00:00,907.2,61.0,960.9157741046831,4,0
2010-06-25 05:00:00,821.3000000000001,62.0,931.6733719008265,4,0
2010-06-25 06:00:00,936.8,63.0,998.4614820936638,4,0
2010-06-25 07:00:00,1303.5,64.0,1305.9700000000003,4,0
2010-06-25 08:00:00,1364.6,67.0,1330.6539889807163,4,0
2010-06-25 09:00:00,1502.9,69.0,1374.3343691460057,4,0
2010-06-25 10:00:00,1561.5,68.0,1425.3473994490362,4,0
2010-06-25 11:00:00,1569.1000000000001,68.0,1465.296920110193,4,0
2010-06-25 12:00:00,1573.0,69.0,1497.652170798898,4,0
2010-06-25 13:00:00,1597.8999999999999,70.0,1512.2204793388432,4,0
2010-06-25 14:00:00,1614.2,68.0,1524.4740220385675,4,0
2010-06-25 15:00:00,1605.9999999999998,68.0,1520.6850523415978,4,0
2010-06-25 16:00:00,1579.8000000000002,67.0,1533.885526170799,4,0
2010-06-25 17:00:00,1545.5,66.0,1527.7721157024794,4,0
2010-06-25 18:00:00,1486.0,64.0,1548.2108374655645,4,0
2010-06-25 19:00:00,1535.1,63.0,1534.944358126722,4,0
2010-06-25 20:00:00,1418.6,62.0,1465.6629586776858,4,0
2010-06-25 21:00:00,1416.1,62.0,1362.0530909090912,4,0
2010-06-25 22:00:00,781.7,62.0,987.1762809917357,4,0
2010-06-25 23:00:00,762.9000000000001,62.0,854.2686666666666,4,0
2010-06-26 00:00:00,841.2,62.0,825.1717851239666,5,0
2010-06-26 01:00:00,779.3,62.0,801.657944903581,5,0
2010-06-26 02:00:00,805.0999999999999,62.0,838.077746556474,5,0
2010-06-26 03:00:00,888.8000000000001,62.0,888.1296584022039,5,0
2010-06-26 04:00:00,920.0,62.0,874.8397741046836,5,0
2010-06-26 05:00:00,864.6,62.0,834.5133719008269,5,0
2010-06-26 06:00:00,999.3999999999999,63.0,893.0654820936638,5,0
2010-06-26 07:00:00,1247.7,64.0,1190.9380000000003,5,0
2010-06-26 08:00:00,1304.8999999999999,65.0,1214.4979889807164,5,0
2010-06-26 09:00:00,1399.2999999999997,66.0,1258.1583691460055,5,0
2010-06-26 10:00:00,1319.6,66.0,1330.3233994490358,5,0
2010-06-26 11:00:00,1319.6,66.0,1401.3049201101928,5,0
2010-06-26 12:00:00,1319.6,67.0,1455.3281707988983,5,0
2010-06-26 13:00:00,1319.6,67.0,1488.344479338843,5,0
2010-06-26 14:00:00,1319.6,67.0,1518.2220220385675,5,0
2010-06-26 15:00:00,1319.6,67.0,1531.585052341598,5,0
2010-06-26 16:00:00,1319.6,66.0,1561.4935261707988,5,0
2010-06-26 17:00:00,1319.6,65.0,1573.0681157024792,5,0
2010-06-26 18:00:00,1319.6,65.0,1604.5828374655648,5,0
2010-06-26 19:00:00,1319.6,63.0,1591.688358126722,5,0
2010-06-26 20:00:00,1319.6,63.0,1525.226958677686,5,0
2010-06-26 21:00:00,1319.6,62.0,1420.8170909090911,5,0
2010-06-26 22:00:00,1319.6,61.0,1050.0842809917356,5,0
2010-06-26 23:00:00,1319.6,61.0,926.8526666666667,5,0
2010-06-27 00:00:00,1319.6,61.0,907.7357851239672,6,0
2010-06-27 01:00:00,1319.6,61.0,894.3579449035813,6,0
2010-06-27 02:00:00,1319.6,61.0,941.9097465564741,6,0
2010-06-27 03:00:00,1319.6,61.0,1003.7456584022041,6,0
2010-06-27 04:00:00,1319.6,61.0,1001.9117741046834,6,0
2010-06-27 05:00:00,1319.6,61.0,971.9933719008264,6,0
2010-06-27 06:00:00,1319.6,62.0,1039.8614820936639,6,0
2010-06-27 07:00:00,1319.6,63.0,1350.6539999999995,6,0
2010-06-27 08:00:00,1319.6,65.0,1387.1579889807163,6,0
2010-06-27 09:00:00,1319.6,66.0,1418.1663691460055,6,0
2010-06-27 10:00:00,1319.6,68.0,1469.0913994490359,6,0
2010-06-27 11:00:00,1319.6,68.0,1490.1489201101933,6,0
2010-06-27 12:00:00,1319.6,69.0,1493.8561707988981,6,0
2010-06-27 13:00:00,1319.6,68.0,1478.9444793388427,6,0
2010-06-27 14:00:00,1319.6,68.0,1463.026022038568,6,0
2010-06-27 15:00:00,1319.6,68.0,1435.413052341598,6,0
2010-06-27 16:00:00,1319.6,66.0,1427.617526170799,6,0
2010-06-27 17:00:00,1319.6,65.0,1399.4001157024795,6,0
2010-06-27 18:00:00,1326.6,64.0,1395.0108374655647,6,0
2010-06-27 19:00:00,1476.2,64.0,1368.2403581267215,6,0
2010-06-27 20:00:00,1427.7,63.0,1297.8509586776863,6,0
2010-06-27 21:00:00,904.3,63.0,1193.1650909090908,6,0
2010-06-27 22:00:00,692.0999999999999,63.0,827.8282809917357,6,0
2010-06-27 23:00:00,609.4000000000001,62.0,709.0606666666665,6,0
2010-06-28 00:00:00,618.4,62.0,696.2077851239674,0,0
2010-06-28 01:00:00,599.8,63.0,691.1819449035811,0,0
2010-06-28 02:00:00,715.0,63.0,746.9177465564737,0,0
2010-06-28 03:00:00,809.7,63.0,816.9096584022043,0,0
2010-06-28 04:00:00,807.8,63.0,821.6197741046831,0,0
2010-06-28 05:00:00,724.4,63.0,797.4213719008263,0,0
2010-06-28 06:00:00,877.0,63.0,867.637482093664,0,0
2010-06-28 07:00:00,1292.9,63.0,1178.3660000000004,0,0
2010-06-28 08:00:00,1293.3,62.0,1207.717988980716,0,0
2010-06-28 09:00:00,1327.4,62.0,1253.5903691460055,0,0
2010-06-28 10:00:00,1374.8,62.0,1327.7673994490362,0,0
2010-06-28 11:00:00,1431.2,62.0,1375.7769201101933,0,0
2010-06-28 12:00:00,1476.1999999999998,64.0,1407.708170798898,0,0
2010-06-28 13:00:00,1528.4,69.0,1420.740479338843,0,0
2010-06-28 14:00:00,1524.1999999999998,67.0,1432.4420220385678,0,0
2010-06-28 15:00:00,1523.5,66.0,1427.109052341598,0,0
2010-06-28 16:00:00,1483.2,65.0,1437.2215261707988,0,0
2010-06-28 17:00:00,1462.6,64.0,1427.8681157024794,0,0
2010-06-28 18:00:00,1385.3000000000002,63.0,1442.7988374655642,0,0
2010-06-28 19:00:00,1481.6,63.0,1431.2563581267214,0,0
2010-06-28 20:00:00,1405.5,62.0,1360.2349586776859,0,0
2010-06-28 21:00:00,1384.0,62.0,1254.8290909090908,0,0
2010-06-28 22:00:00,858.1,63.0,886.8562809917357,0,0
2010-06-28 23:00:00,655.6999999999999,63.0,766.8606666666667,0,0
2010-06-29 00:00:00,613.8000000000001,62.0,750.0557851239666,1,0
2010-06-29 01:00:00,597.2,63.0,739.2019449035813,1,0
2010-06-29 02:00:00,685.7,63.0,788.3697465564737,1,0
2010-06-29 03:00:00,762.1,63.0,851.6776584022041,1,0
2010-06-29 04:00:00,745.5999999999999,62.0,849.8437741046835,1,0
2010-06-29 05:00:00,684.2,62.0,819.4773719008273,1,0
2010-06-29 06:00:00,764.8,61.0,887.9934820936642,1,0
2010-06-29 07:00:00,1231.0,62.0,1199.802,1,0
2010-06-29 08:00:00,1250.8,62.0,1232.5499889807163,1,0
2010-06-29 09:00:00,1283.1,61.0,1279.9263691460053,1,0
2010-06-29 10:00:00,1316.7,62.0,1336.1153994490357,1,0
2010-06-29 11:00:00,1455.7000000000003,63.0,1378.320920110193,1,0
2010-06-29 12:00:00,1489.0,63.0,1409.5921707988985,1,0
2010-06-29 13:00:00,1539.3000000000002,65.0,1423.9324793388432,1,0
2010-06-29 14:00:00,1568.8000000000002,65.0,1436.9420220385678,1,0
2010-06-29 15:00:00,1561.0,64.0,1436.449052341598,1,0
2010-06-29 16:00:00,1523.5,63.0,1451.5655261707986,1,0
2010-06-29 17:00:00,1472.0,63.0,1443.3561157024797,1,0
2010-06-29 18:00:00,1485.8000000000002,63.0,1464.7028374655652,1,0
2010-06-29 19:00:00,1567.3,63.0,1460.808358126722,1,0
2010-06-29 20:00:00,1495.8000000000002,62.0,1395.8829586776856,1,0
2010-06-29 21:00:00,1399.4,63.0,1301.7450909090908,1,0
2010-06-29 22:00:00,888.1,63.0,946.1962809917356,1,0
2010-06-29 23:00:00,676.6,62.0,834.0606666666667,1,0
2010-06-30 00:00:00,643.6,63.0,821.1197851239672,2,0
2010-06-30 01:00:00,625.3,62.0,811.9819449035813,2,0
2010-06-30 02:00:00,715.8,62.0,861.9897465564745,2,0
2010-06-30 03:00:00,853.8,62.0,924.1296584022039,2,0
2010-06-30 04:00:00,823.1,62.0,921.9037741046832,2,0
2010-06-30 05:00:00,650.6,62.0,891.9893719008268,2,0
2010-06-30 06:00:00,885.0,62.0,959.8534820936645,2,0
2010-06-30 07:00:00,1310.0,62.0,1267.9860000000003,2,0
2010-06-30 08:00:00,1341.3,62.0,1296.3859889807165,2,0
2010-06-30 09:00:00,1522.3,62.0,1341.3303691460058,2,0
2010-06-30 10:00:00,1583.0,63.0,1398.2473994490363,2,0
2010-06-30 11:00:00,1594.1,65.0,1439.484920110193,2,0
2010-06-30 12:00:00,1610.1,65.0,1468.9121707988982,2,0
2010-06-30 13:00:00,1595.0,66.0,1480.7884793388432,2,0
2010-06-30 14:00:00,1600.7,66.0,1494.8700220385676,2,0
2010-06-30 15:00:00,1576.4,65.0,1496.2170523415978,2,0
2010-06-30 16:00:00,1551.2,64.0,1511.245526170799,2,0
2010-06-30 17:00:00,1523.6,63.0,1507.9521157024792,2,0
2010-06-30 18:00:00,1478.8999999999999,62.0,1535.286837465565,2,0
2010-06-30 19:00:00,1575.9,62.0,1526.5843581267218,2,0
2010-06-30 20:00:00,1472.7999999999997,61.0,1463.8229586776856,2,0
2010-06-30 21:00:00,1428.9,61.0,1367.385090909091,2,0
2010-06-30 22:00:00,921.7,61.0,1003.1322809917356,2,0
2010-06-30 23:00:00,682.4,61.0,881.8046666666669,2,0
2010-07-01 00:00:00,618.4000000000001,61.0,861.663785123967,3,0
2010-07-01 01:00:00,593.5,61.0,849.3659449035813,3,0
2010-07-01 02:00:00,770.7,61.0,898.9817465564738,3,0
2010-07-01 03:00:00,929.9000000000001,61.0,963.1176584022039,3,0
2010-07-01 04:00:00,912.6,62.0,962.4037741046832,3,0
2010-07-01 05:00:00,851.0,62.0,934.2853719008266,3,0
2010-07-01 06:00:00,1001.0999999999999,62.0,1003.3534820936641,3,0
2010-07-01 07:00:00,1310.0,63.0,1313.3940000000002,3,0
2010-07-01 08:00:00,1474.4,63.0,1343.7459889807162,3,0
2010-07-01 09:00:00,1555.3,63.0,1390.2583691460054,3,0
2010-07-01 10:00:00,1604.6,63.0,1445.219399449036,3,0
2010-07-01 11:00:00,1630.6,65.0,1485.2329201101932,3,0
2010-07-01 12:00:00,1568.5000000000002,67.0,1515.9041707988981,3,0
2010-07-01 13:00:00,1637.1000000000001,67.0,1530.108479338843,3,0
2010-07-01 14:00:00,1646.6000000000001,68.0,1542.6060220385675,3,0
2010-07-01 15:00:00,1658.2,68.0,1536.4610523415977,3,0
2010-07-01 16:00:00,1604.4,67.0,1544.1895261707991,3,0
2010-07-01 17:00:00,1596.2,66.0,1532.3321157024793,3,0
2010-07-01 18:00:00,1560.6,65.0,1545.0028374655649,3,0
2010-07-01 19:00:00,1616.7,65.0,1531.6843581267217,3,0
2010-07-01 20:00:00,1530.2,64.0,1464.9309586776858,3,0
2010-07-01 21:00:00,1445.1,63.0,1359.3810909090912,3,0
2010-07-01 22:00:00,902.3,63.0,989.9082809917354,3,0
2010-07-01 23:00:00,685.4,61.0,864.7206666666668,3,0
2010-07-02 00:00:00,655.3,62.0,844.183785123967,4,0
2010-07-02 01:00:00,626.5,61.0,832.3579449035815,4,0
2010-07-02 02:00:00,699.3,61.0,880.501746556474,4,0
2010-07-02 03:00:00,797.5,59.0,940.577658402204,4,0
2010-07-02 04:00:00,806.2,58.0,935.5797741046833,4,0
2010-07-02 05:00:00,726.4,57.0,904.3333719008268,4,0
2010-07-02 06:00:00,834.9,60.0,968.873482093664,4,0
2010-07-02 07:00:00,1310.7,63.0,1273.0620000000001,4,0
2010-07-02 08:00:00,1374.6,66.0,1300.5779889807163,4,0
2010-07-02 09:00:00,1460.6,67.0,1345.1983691460055,4,0
2010-07-02 10:00:00,1507.1,67.0,1397.8313994490359,4,0
2010-07-02 11:00:00,1555.7,68.0,1436.520920110193,4,0
2010-07-02 12:00:00,1595.1,68.0,1463.9081707988983,4,0
2010-07-02 13:00:00,1607.3000000000002,68.0,1474.648479338843,4,0
2010-07-02 14:00:00,1651.9,68.0,1485.3300220385677,4,0
2010-07-02 15:00:00,1602.6,68.0,1483.057052341598,4,0
2010-07-02 16:00:00,1579.1000000000001,67.0,1495.9655261707987,4,0
2010-07-02 17:00:00,1571.1999999999998,65.0,1489.7041157024792,4,0
2010-07-02 18:00:00,1520.0,65.0,1509.3028374655646,4,0
2010-07-02 19:00:00,1552.1,64.0,1501.656358126722,4,0
2010-07-02 20:00:00,1500.1,63.0,1431.282958677686,4,0
2010-07-02 21:00:00,1455.1999999999998,63.0,1324.8170909090907,4,0
2010-07-02 22:00:00,860.3,63.0,955.2202809917355,4,0
2010-07-02 23:00:00,632.9,62.0,831.1486666666665,4,0
2010-07-03 00:00:00,576.2,62.0,810.6637851239668,5,0
2010-07-03 01:00:00,576.8,62.0,796.1419449035814,5,0
2010-07-03 02:00:00,686.9000000000001,62.0,843.3097465564738,5,0
2010-07-03 03:00:00,822.8999999999999,62.0,902.3856584022037,5,0
2010-07-03 04:00:00,803.3,63.0,898.7677741046832,5,0
2010-07-03 05:00:00,759.9,62.0,865.0253719008266,5,0
2010-07-03 06:00:00,883.5,62.0,926.3134820936643,5,0
2010-07-03 07:00:00,1286.3000000000002,62.0,1230.1619999999998,5,0
2010-07-03 08:00:00,1284.8000000000002,63.0,1255.6459889807163,5,0
2010-07-03 09:00:00,1337.8999999999999,64.0,1297.5463691460052,5,0
2010-07-03 10:00:00,1409.3,66.0,1350.6873994490354,5,0
2010-07-03 11:00:00,1486.1000000000001,66.0,1390.864920110193,5,0
2010-07-03 12:00:00,1521.5,67.0,1419.8881707988983,5,0
2010-07-03 13:00:00,1566.5,68.0,1432.9564793388429,5,0
2010-07-03 14:00:00,1597.7,68.0,1445.1340220385673,5,0
2010-07-03 15:00:00,1582.8999999999999,68.0,1442.7290523415982,5,0
2010-07-03 16:00:00,1558.0,67.0,1454.6575261707985,5,0
2010-07-03 17:00:00,1483.5,66.0,1448.052115702479,5,0
2010-07-03 18:00:00,1413.6999999999998,65.0,1464.2828374655646,5,0
2010-07-03 19:00:00,1503.0,63.0,1450.8083581267217,5,0
2010-07-03 20:00:00,1384.6999999999998,63.0,1379.7029586776862,5,0
2010-07-03 21:00:00,1357.1,63.0,1275.9290909090907,5,0
2010-07-03 22:00:00,883.0999999999999,63.0,909.4002809917356,5,0
2010-07-03 23:00:00,628.1,62.0,788.840666666667,5,0
2010-07-04 00:00:00,564.6,63.0,769.751785123967,6,0
2010-07-04 01:00:00,555.9,64.0,756.985944903581,6,0
2010-07-04 02:00:00,674.5999999999999,63.0,804.1657465564738,6,0
2010-07-04 03:00:00,807.1999999999999,62.0,864.433658402204,6,0
2010-07-04 04:00:00,804.2,61.0,860.3317741046833,6,0
2010-07-04 05:00:00,748.4,61.0,826.0653719008263,6,0
2010-07-04 06:00:00,832.8000000000001,61.0,889.7574820936641,6,0
2010-07-04 07:00:00,1189.2,62.0,1195.6780000000003,6,0
2010-07-04 08:00:00,1242.1,62.0,1222.3979889807163,6,0
2010-07-04 09:00:00,1315.4,64.0,1248.7903691460058,6,0
2010-07-04 10:00:00,1363.3,67.0,1297.2193994490362,6,0
2010-07-04 11:00:00,1476.1000000000001,68.0,1335.392920110193,6,0
2010-07-04 12:00:00,1486.8000000000002,69.0,1365.1041707988982,6,0
2010-07-04 13:00:00,1536.8000000000002,70.0,1380.7964793388433,6,0
2010-07-04 14:00:00,1557.2,70.0,1396.510022038568,6,0
2010-07-04 15:00:00,1558.5,68.0,1396.7970523415981,6,0
2010-07-04 16:00:00,1526.2,66.0,1412.6735261707988,6,0
2010-07-04 17:00:00,1449.3,65.0,1407.9081157024798,6,0
2010-07-04 18:00:00,1386.1,64.0,1427.342837465565,6,0
2010-07-04 19:00:00,1448.5,63.0,1419.8243581267218,6,0
2010-07-04 20:00:00,1366.5,63.0,1354.6669586776861,6,0
2010-07-04 21:00:00,854.0,63.0,1252.0410909090908,6,0
2010-07-04 22:00:00,667.2,62.0,886.3802809917352,6,0
2010-07-04 23:00:00,600.8,62.0,764.4286666666669,6,0
2010-07-05 00:00:00,577.0,63.0,744.9677851239671,0,0
2010-07-05 01:00:00,609.9000000000001,62.0,732.4379449035816,0,0
2010-07-05 02:00:00,742.1,62.0,779.9737465564738,0,0
2010-07-05 03:00:00,862.2,61.0,840.9576584022041,0,0
2010-07-05 04:00:00,887.2,61.0,836.0157741046833,0,0
2010-07-05 05:00:00,795.3000000000001,61.0,802.4693719008263,0,0
2010-07-05 06:00:00,901.4,61.0,868.4014820936643,0,0
2010-07-05 07:00:00,1287.4,61.0,1178.0140000000004,0,0
2010-07-05 08:00:00,1293.7,62.0,1210.7779889807161,0,0
2010-07-05 09:00:00,1301.4,62.0,1260.2863691460052,0,0
2010-07-05 10:00:00,1362.5,63.0,1336.0673994490357,0,0
2010-07-05 11:00:00,1395.3000000000002,63.0,1386.356920110193,0,0
2010-07-05 12:00:00,1467.5,65.0,1419.7721707988983,0,0
2010-07-05 13:00:00,1508.0000000000002,69.0,1435.348479338843,0,0
2010-07-05 14:00:00,1536.4,70.0,1447.6180220385672,0,0
2010-07-05 15:00:00,1535.9,67.0,1441.5370523415977,0,0
2010-07-05 16:00:00,1480.8,65.0,1451.5055261707987,0,0
2010-07-05 17:00:00,1435.5,64.0,1441.2201157024797,0,0
2010-07-05 18:00:00,1407.9,63.0,1456.534837465565,0,0
2010-07-05 19:00:00,1513.2,63.0,1443.7883581267215,0,0
2010-07-05 20:00:00,1463.1000000000001,63.0,1373.846958677686,0,0
2010-07-05 21:00:00,1413.6999999999998,63.0,1267.721090909091,0,0
2010-07-05 22:00:00,847.9,63.0,902.2962809917356,0,0
2010-07-05 23:00:00,687.8,62.0,778.184666666667,0,0
2010-07-06 00:00:00,642.3,62.0,760.3077851239668,1,0
2010-07-06 01:00:00,619.4000000000001,60.0,745.5619449035812,1,0
2010-07-06 02:00:00,710.0,60.0,794.137746556474,1,0
2010-07-06 03:00:00,770.5,60.0,852.6616584022042,1,0
2010-07-06 04:00:00,794.5,59.0,846.9677741046833,1,0
2010-07-06 05:00:00,740.3,59.0,813.3093719008265,1,0
2010-07-06 06:00:00,845.3,59.0,878.0894820936642,1,0
2010-07-06 07:00:00,1225.3000000000002,59.0,1186.3460000000002,1,0
2010-07-06 08:00:00,1272.3,60.0,1214.3539889807162,1,0
2010-07-06 09:00:00,1265.5,59.0,1258.2343691460057,1,0
2010-07-06 10:00:00,1354.3999999999999,60.0,1311.1513994490358,1,0
2010-07-06 11:00:00,1340.5,62.0,1352.052920110193,1,0
2010-07-06 12:00:00,1426.3,63.0,1378.6121707988982,1,0
2010-07-06 13:00:00,1433.3,64.0,1389.604479338843,1,0
2010-07-06 14:00:00,1533.6000000000001,66.0,1399.4020220385678,1,0
2010-07-06 15:00:00,1453.6000000000001,65.0,1396.753052341598,1,0
2010-07-06 16:00:00,1439.4,65.0,1410.7415261707988,1,0
2010-07-06 17:00:00,1387.3000000000002,64.0,1403.9241157024794,1,0
2010-07-06 18:00:00,1365.3,63.0,1421.5828374655653,1,0
2010-07-06 19:00:00,1501.1,62.0,1412.8123581267216,1,0
2010-07-06 20:00:00,1408.9,61.0,1345.0709586776861,1,0
2010-07-06 21:00:00,1369.6,62.0,1240.2610909090906,1,0
2010-07-06 22:00:00,836.0,61.0,876.0602809917355,1,0
2010-07-06 23:00:00,633.8,61.0,755.3486666666663,1,0
2010-07-07 00:00:00,557.9,61.0,741.4157851239668,2,0
2010-07-07 01:00:00,570.1,61.0,730.5139449035812,2,0
2010-07-07 02:00:00,657.7,60.0,780.6737465564738,2,0
2010-07-07 03:00:00,824.2,60.0,839.9016584022038,2,0
2010-07-07 04:00:00,803.3,60.0,837.3077741046834,2,0
2010-07-07 05:00:00,734.3,60.0,805.3493719008267,2,0
2010-07-07 06:00:00,848.9,59.0,872.1574820936639,2,0
2010-07-07 07:00:00,1268.6,60.0,1182.1180000000002,2,0
2010-07-07 08:00:00,1265.2,60.0,1211.9099889807162,2,0
2010-07-07 09:00:00,1277.0,60.0,1257.4263691460058,2,0
2010-07-07 10:00:00,1349.1,61.0,1314.9153994490362,2,0
2010-07-07 11:00:00,1417.4,63.0,1357.7529201101927,2,0
2010-07-07 12:00:00,1470.1,64.0,1388.9401707988982,2,0
2010-07-07 13:00:00,1488.2,65.0,1404.152479338843,2,0
2010-07-07 14:00:00,1498.5,64.0,1418.0060220385676,2,0
2010-07-07 15:00:00,1468.4,65.0,1418.769052341598,2,0
2010-07-07 16:00:00,1434.6,63.0,1431.9415261707989,2,0
2010-07-07 17:00:00,1388.3999999999999,63.0,1425.6441157024792,2,0
2010-07-07 18:00:00,1367.8,62.0,1444.326837465565,2,0
2010-07-07 19:00:00,1501.1,62.0,1435.0963581267215,2,0
2010-07-07 20:00:00,1441.4,62.0,1366.9309586776862,2,0
2010-07-07 21:00:00,1356.3,62.0,1263.3970909090908,2,0
2010-07-07 22:00:00,906.2,62.0,898.9562809917352,2,0
2010-07-07 23:00:00,670.3,62.0,778.0166666666669,2,0
2010-07-08 00:00:00,619.5999999999999,62.0,758.3117851239672,3,0
2010-07-08 01:00:00,591.2,61.0,741.9259449035812,3,0
2010-07-08 02:00:00,709.8000000000001,62.0,788.2497465564741,3,0
2010-07-08 03:00:00,857.2,61.0,847.9696584022038,3,0
2010-07-08 04:00:00,836.6,61.0,843.8037741046835,3,0
2010-07-08 05:00:00,756.1000000000001,61.0,814.0333719008266,3,0
2010-07-08 06:00:00,868.5,60.0,880.4934820936637,3,0
2010-07-08 07:00:00,1260.7,61.0,1189.1780000000003,3,0
2010-07-08 08:00:00,1297.9,60.0,1217.521988980716,3,0
2010-07-08 09:00:00,1301.7999999999997,61.0,1262.1223691460057,3,0
2010-07-08 10:00:00,1354.6,60.0,1317.203399449036,3,0
2010-07-08 11:00:00,1406.4,61.0,1355.2129201101927,3,0
2010-07-08 12:00:00,1402.6999999999998,63.0,1382.660170798898,3,0
2010-07-08 13:00:00,1394.9,63.0,1393.236479338843,3,0
2010-07-08 14:00:00,1457.5,64.0,1406.1260220385675,3,0
2010-07-08 15:00:00,1445.6,63.0,1402.901052341598,3,0
2010-07-08 16:00:00,1410.1,62.0,1415.3015261707988,3,0
2010-07-08 17:00:00,1438.3,62.0,1408.8001157024792,3,0
2010-07-08 18:00:00,1360.1999999999998,62.0,1425.1748374655645,3,0
2010-07-08 19:00:00,1471.6999999999998,62.0,1416.5043581267219,3,0
2010-07-08 20:00:00,1405.1999999999998,61.0,1348.9349586776857,3,0
2010-07-08 21:00:00,1365.9,61.0,1245.2050909090908,3,0
2010-07-08 22:00:00,832.7,61.0,884.4882809917356,3,0
2010-07-08 23:00:00,619.8,61.0,767.164666666667,3,0
2010-07-09 00:00:00,562.6,60.0,752.751785123967,4,0
2010-07-09 01:00:00,537.0,60.0,744.1339449035811,4,0
2010-07-09 02:00:00,706.8,60.0,800.2657465564739,4,0
2010-07-09 03:00:00,809.5999999999999,60.0,866.9416584022035,4,0
2010-07-09 04:00:00,850.3,60.0,869.3397741046833,4,0
2010-07-09 05:00:00,784.3000000000001,60.0,844.2333719008267,4,0
2010-07-09 06:00:00,832.6,60.0,913.233482093664,4,0
2010-07-09 07:00:00,1294.3,61.0,1226.2820000000002,4,0
2010-07-09 08:00:00,1304.9,62.0,1257.9139889807166,4,0
2010-07-09 09:00:00,1329.6000000000001,63.0,1306.190369146006,4,0
2010-07-09 10:00:00,1472.5,64.0,1362.3433994490356,4,0
2010-07-09 11:00:00,1502.3,66.0,1406.0849201101928,4,0
2010-07-09 12:00:00,1524.0,65.0,1438.068170798898,4,0
2010-07-09 13:00:00,1521.7,65.0,1453.7964793388428,4,0
2010-07-09 14:00:00,1609.4,65.0,1468.9140220385675,4,0
2010-07-09 15:00:00,1578.5,65.0,1465.1970523415976,4,0
2010-07-09 16:00:00,1551.3999999999999,63.0,1477.3015261707988,4,0
2010-07-09 17:00:00,1530.4,63.0,1468.2281157024795,4,0
2010-07-09 18:00:00,1473.6000000000001,62.0,1485.3148374655652,4,0
2010-07-09 19:00:00,1573.2,62.0,1477.9483581267218,4,0
2010-07-09 20:00:00,1458.0,61.0,1409.1629586776858,4,0
2010-07-09 21:00:00,1421.6000000000001,62.0,1309.3010909090908,4,0
2010-07-09 22:00:00,869.1,62.0,950.0522809917359,4,0
2010-07-09 23:00:00,689.5999999999999,62.0,830.3326666666667,4,0
2010-07-10 00:00:00,625.5,62.0,815.983785123967,5,0
2010-07-10 01:00:00,608.8,62.0,807.6179449035812,5,0
2010-07-10 02:00:00,708.3,62.0,862.3337465564741,5,0
2010-07-10 03:00:00,794.3,62.0,926.2576584022038,5,0
2010-07-10 04:00:00,795.3,62.0,924.2877741046836,5,0
2010-07-10 05:00:00,733.7,61.0,891.9333719008265,5,0
2010-07-10 06:00:00,878.5999999999999,61.0,955.4254820936637,5,0
2010-07-10 07:00:00,1291.0,61.0,1262.0900000000001,5,0
2010-07-10 08:00:00,1308.1,62.0,1291.3939889807161,5,0
2010-07-10 09:00:00,1433.3,64.0,1339.5743691460057,5,0
2010-07-10 10:00:00,1537.0,64.0,1393.891399449036,5,0
2010-07-10 11:00:00,1560.3000000000002,67.0,1437.4009201101928,5,0
2010-07-10 12:00:00,1621.5,69.0,1468.300170798898,5,0
2010-07-10 13:00:00,1649.3,68.0,1483.0004793388432,5,0
2010-07-10 14:00:00,1700.8000000000002,68.0,1495.6500220385674,5,0
2010-07-10 15:00:00,1661.6,67.0,1494.653052341598,5,0
2010-07-10 16:00:00,1575.1,64.0,1509.029526170799,5,0
2010-07-10 17:00:00,1490.5,65.0,1503.0441157024798,5,0
2010-07-10 18:00:00,1428.0,63.0,1520.2188374655648,5,0
2010-07-10 19:00:00,1527.0,63.0,1511.328358126722,5,0
2010-07-10 20:00:00,1501.3,62.0,1441.8909586776858,5,0
2010-07-10 21:00:00,1472.0,62.0,1339.5130909090913,5,0
2010-07-10 22:00:00,878.9,62.0,971.8442809917358,5,0
2010-07-10 23:00:00,720.2,62.0,845.4086666666667,5,0
2010-07-11 00:00:00,668.2,62.0,826.887785123967,6,0
2010-07-11 01:00:00,646.0,62.0,812.6099449035812,6,0
2010-07-11 02:00:00,718.4,62.0,862.049746556474,6,0
2010-07-11 03:00:00,863.8,61.0,924.325658402204,6,0
2010-07-11 04:00:00,836.8,61.0,923.6917741046836,6,0
2010-07-11 05:00:00,755.9,61.0,895.4613719008267,6,0
2010-07-11 06:00:00,830.2,63.0,965.7054820936639,6,0
2010-07-11 07:00:00,1298.8999999999999,64.0,1276.55,6,0
2010-07-11 08:00:00,1288.5,65.0,1306.4499889807164,6,0
2010-07-11 09:00:00,1373.6,64.0,1332.6663691460055,6,0
2010-07-11 10:00:00,1430.1999999999998,64.0,1380.767399449036,6,0
2010-07-11 11:00:00,1456.8999999999999,66.0,1422.284920110193,6,0
2010-07-11 12:00:00,1575.1999999999998,68.0,1452.3161707988982,6,0
2010-07-11 13:00:00,1599.0,70.0,1465.3244793388433,6,0
2010-07-11 14:00:00,1696.5,68.0,1477.8060220385673,6,0
2010-07-11 15:00:00,1711.8,69.0,1477.6890523415977,6,0
2010-07-11 16:00:00,1691.6,68.0,1493.213526170799,6,0
2010-07-11 17:00:00,1617.3000000000002,66.0,1488.7521157024794,6,0
2010-07-11 18:00:00,1556.9,65.0,1510.1788374655648,6,0
2010-07-11 19:00:00,1585.9,63.0,1505.9843581267219,6,0
2010-07-11 20:00:00,1470.0,62.0,1439.4109586776858,6,0
2010-07-11 21:00:00,966.2,62.0,1342.9170909090908,6,0
2010-07-11 22:00:00,773.9,62.0,983.0722809917356,6,0
2010-07-11 23:00:00,680.1999999999999,62.0,865.320666666667,6,0
2010-07-12 00:00:00,677.1,62.0,850.7637851239672,0,0
2010-07-12 01:00:00,646.4,61.0,838.4059449035815,0,0
2010-07-12 02:00:00,751.4000000000001,61.0,885.7657465564741,0,0
2010-07-12 03:00:00,895.9,62.0,942.5056584022041,0,0
2010-07-12 04:00:00,935.0,61.0,934.3677741046831,0,0
2010-07-12 05:00:00,835.5,62.0,898.1133719008263,0,0
2010-07-12 06:00:00,958.6999999999999,62.0,957.7054820936639,0,0
2010-07-12 07:00:00,1367.9,62.0,1260.4619999999995,0,0
2010-07-12 08:00:00,1368.0,62.0,1288.3139889807164,0,0
2010-07-12 09:00:00,1501.1,65.0,1335.2463691460057,0,0
2010-07-12 10:00:00,1566.1000000000001,65.0,1406.8913994490356,0,0
2010-07-12 11:00:00,1567.2,67.0,1452.460920110193,0,0
2010-07-12 12:00:00,1570.9,66.0,1479.7401707988981,0,0
2010-07-12 13:00:00,1600.7,67.0,1488.5164793388428,0,0
2010-07-12 14:00:00,1594.1999999999998,67.0,1497.5140220385674,0,0
2010-07-12 15:00:00,1569.1000000000001,66.0,1493.2210523415981,0,0
2010-07-12 16:00:00,1554.2,65.0,1501.5375261707986,0,0
2010-07-12 17:00:00,1533.2,65.0,1489.4201157024795,0,0
2010-07-12 18:00:00,1417.3999999999999,64.0,1504.9668374655644,0,0
2010-07-12 19:00:00,1512.6000000000001,63.0,1495.6883581267216,0,0
2010-07-12 20:00:00,1477.7,63.0,1426.518958677686,0,0
2010-07-12 21:00:00,1452.8,63.0,1326.417090909091,0,0
2010-07-12 22:00:00,856.7,63.0,961.7922809917357,0,0
2010-07-12 23:00:00,676.5,63.0,841.8446666666664,0,0
2010-07-13 00:00:00,568.3,62.0,829.1957851239672,1,0
2010-07-13 01:00:00,549.5,63.0,821.829944903581,1,0
2010-07-13 02:00:00,664.6999999999999,62.0,872.4537465564738,1,0
2010-07-13 03:00:00,824.5,60.0,936.5736584022038,1,0
2010-07-13 04:00:00,786.9000000000001,60.0,936.2597741046834,1,0
2010-07-13 05:00:00,742.3,60.0,907.8533719008263,1,0
2010-07-13 06:00:00,891.3,63.0,977.8934820936638,1,0
2010-07-13 07:00:00,1369.3,66.0,1290.602,1,0
2010-07-13 08:00:00,1372.1000000000001,70.0,1324.2819889807163,1,0
2010-07-13 09:00:00,1490.3999999999999,71.0,1371.0183691460054,1,0
2010-07-13 10:00:00,1574.1,74.0,1424.867399449036,1,0
2010-07-13 11:00:00,1648.1999999999998,74.0,1468.068920110193,1,0
2010-07-13 12:00:00,1728.9,74.0,1498.276170798898,1,0
2010-07-13 13:00:00,1721.2,72.0,1514.1364793388432,1,0
2010-07-13 14:00:00,1677.5,71.0,1528.7220220385675,1,0
2010-07-13 15:00:00,1651.3000000000002,72.0,1528.637052341598,1,0
2010-07-13 16:00:00,1607.1000000000001,72.0,1541.321526170799,1,0
2010-07-13 17:00:00,1592.0,71.0,1536.0841157024797,1,0
2010-07-13 18:00:00,1594.5,72.0,1557.686837465565,1,0
2010-07-13 19:00:00,1621.9,70.0,1551.1603581267218,1,0
2010-07-13 20:00:00,1550.1,69.0,1484.6549586776864,1,0
2010-07-13 21:00:00,1455.6,67.0,1385.1970909090912,1,0
2010-07-13 22:00:00,898.4,67.0,1022.5642809917356,1,0
2010-07-13 23:00:00,700.1,65.0,902.3726666666666,1,0
2010-07-14 00:00:00,637.8000000000001,65.0,889.2357851239669,2,0
2010-07-14 01:00:00,617.8,65.0,880.1219449035814,2,0
2010-07-14 02:00:00,707.5,64.0,931.6977465564739,2,0
2010-07-14 03:00:00,843.0,64.0,997.8616584022045,2,0
2010-07-14 04:00:00,824.7,64.0,997.3557741046836,2,0
2010-07-14 05:00:00,766.2,63.0,969.7173719008271,2,0
2010-07-14 06:00:00,949.5,65.0,1040.997482093664,2,0
2010-07-14 07:00:00,1370.7,68.0,1349.4419999999998,2,0
2010-07-14 08:00:00,1440.1,73.0,1382.3419889807162,2,0
2010-07-14 09:00:00,1510.6,77.0,1428.8623691460054,2,0
2010-07-14 10:00:00,1613.2,77.0,1482.791399449036,2,0
2010-07-14 11:00:00,1650.1000000000001,77.0,1526.1809201101933,2,0
2010-07-14 12:00:00,1797.7,78.0,1557.2081707988984,2,0
2010-07-14 13:00:00,1835.5,78.0,1572.8884793388431,2,0
2010-07-14 14:00:00,1821.8000000000002,78.0,1587.0900220385674,2,0
2010-07-14 15:00:00,1785.7,75.0,1584.9570523415978,2,0
2010-07-14 16:00:00,1684.5,73.0,1599.6615261707987,2,0
2010-07-14 17:00:00,1664.1,73.0,1594.28811570248,2,0
2010-07-14 18:00:00,1684.3,71.0,1616.694837465565,2,0
2010-07-14 19:00:00,1692.4,69.0,1610.420358126722,2,0
2010-07-14 20:00:00,1639.8999999999999,68.0,1545.1669586776861,2,0
2010-07-14 21:00:00,1522.6,67.0,1446.8810909090905,2,0
2010-07-14 22:00:00,903.2,69.0,1086.5082809917358,2,0
2010-07-14 23:00:00,746.5,70.0,972.1006666666669,2,0
2010-07-15 00:00:00,681.8999999999999,70.0,962.8717851239671,3,0
2010-07-15 01:00:00,682.8,69.0,954.6139449035813,3,0
2010-07-15 02:00:00,766.1999999999999,67.0,1005.9137465564745,3,0
2010-07-15 03:00:00,834.6,67.0,1068.5976584022037,3,0
2010-07-15 04:00:00,893.7,66.0,1066.8837741046834,3,0
2010-07-15 05:00:00,800.6,65.0,1038.8933719008264,3,0
2010-07-15 06:00:00,993.5,66.0,1109.3854820936642,3,0
2010-07-15 07:00:00,1435.2,69.0,1419.3700000000006,3,0
2010-07-15 08:00:00,1472.8,72.0,1454.7779889807164,3,0
2010-07-15 09:00:00,1607.9,75.0,1504.9703691460059,3,0
2010-07-15 10:00:00,1689.8999999999999,77.0,1559.3673994490362,3,0
2010-07-15 11:00:00,1833.8000000000002,79.0,1605.8809201101933,3,0
2010-07-15 12:00:00,1897.3,79.0,1638.4521707988981,3,0
2010-07-15 13:00:00,1925.7,78.0,1654.072479338843,3,0
2010-07-15 14:00:00,1929.2,77.0,1666.3220220385679,3,0
2010-07-15 15:00:00,1843.0,73.0,1668.701052341598,3,0
2010-07-15 16:00:00,1788.7,72.0,1690.4495261707987,3,0
2010-07-15 17:00:00,1732.7,72.0,1689.7001157024793,3,0
2010-07-15 18:00:00,1736.6999999999998,72.0,1717.750837465565,3,0
2010-07-15 19:00:00,1820.7,73.0,1712.7403581267215,3,0
2010-07-15 20:00:00,1773.1000000000001,76.0,1649.826958677686,3,0
2010-07-15 21:00:00,1704.1999999999998,78.0,1553.1770909090908,3,0
2010-07-15 22:00:00,981.9000000000001,74.0,1192.9002809917358,3,0
2010-07-15 23:00:00,829.4,70.0,1078.7326666666668,3,0
2010-07-16 00:00:00,766.9000000000001,67.0,1061.467785123967,4,0
2010-07-16 01:00:00,725.4000000000001,66.0,1047.4139449035813,4,0
2010-07-16 02:00:00,782.4000000000001,65.0,1092.8737465564736,4,0
2010-07-16 03:00:00,1006.1,65.0,1155.6416584022038,4,0
2010-07-16 04:00:00,1061.4,65.0,1154.6437741046832,4,0
2010-07-16 05:00:00,985.2,66.0,1126.3053719008262,4,0
2010-07-16 06:00:00,1169.0,69.0,1195.501482093664,4,0
2010-07-16 07:00:00,1510.8,73.0,1503.8500000000004,4,0
2010-07-16 08:00:00,1595.8,75.0,1529.7779889807164,4,0
2010-07-16 09:00:00,1681.5,72.0,1570.6903691460057,4,0
2010-07-16 10:00:00,1789.6,79.0,1614.8353994490358,4,0
2010-07-16 11:00:00,1916.5,77.0,1654.9249201101932,4,0
2010-07-16 12:00:00,1880.1,74.0,1679.180170798898,4,0
2010-07-16 13:00:00,1880.4,77.0,1691.4564793388429,4,0
2010-07-16 14:00:00,1873.4,79.0,1701.0660220385676,4,0
2010-07-16 15:00:00,1952.5000000000002,80.0,1697.4850523415976,4,0
2010-07-16 16:00:00,1863.9,79.0,1706.4535261707993,4,0
2010-07-16 17:00:00,1828.1999999999998,76.0,1692.9561157024796,4,0
2010-07-16 18:00:00,1772.8999999999999,70.0,1707.7268374655646,4,0
2010-07-16 19:00:00,1832.2,67.0,1693.6883581267214,4,0
2010-07-16 20:00:00,1664.3999999999999,65.0,1624.4069586776864,4,0
2010-07-16 21:00:00,1605.4,65.0,1520.657090909091,4,0
2010-07-16 22:00:00,907.2,64.0,1157.1082809917357,4,0
2010-07-16 23:00:00,747.5,64.0,1037.6526666666668,4,0
2010-07-17 00:00:00,641.9,64.0,1020.5837851239669,5,0
2010-07-17 01:00:00,726.8000000000001,65.0,1011.4139449035813,5,0
2010-07-17 02:00:00,759.0,65.0,1061.345746556474,5,0
2010-07-17 03:00:00,873.3000000000001,64.0,1124.6656584022037,5,0
2010-07-17 04:00:00,913.4,64.0,1116.2637741046833,5,0
2010-07-17 05:00:00,834.2,63.0,1079.985371900827,5,0
2010-07-17 06:00:00,1021.6000000000001,64.0,1140.621482093664,5,0
2010-07-17 07:00:00,1460.6,67.0,1442.8939999999998,5,0
2010-07-17 08:00:00,1512.1999999999998,70.0,1468.0219889807165,5,0
2010-07-17 09:00:00,1627.0,73.0,1510.6463691460053,5,0
2010-07-17 10:00:00,1781.3999999999999,75.0,1558.507399449036,5,0
2010-07-17 11:00:00,1884.0,74.0,1600.2049201101931,5,0
2010-07-17 12:00:00,1967.7,77.0,1628.4681707988984,5,0
2010-07-17 13:00:00,1985.3,75.0,1641.948479338843,5,0
2010-07-17 14:00:00,1939.9,76.0,1653.0140220385674,5,0
2010-07-17 15:00:00,1910.5000000000002,72.0,1649.461052341598,5,0
2010-07-17 16:00:00,1788.3,72.0,1661.321526170799,5,0
2010-07-17 17:00:00,1704.9,71.0,1651.5281157024792,5,0
2010-07-17 18:00:00,1654.3999999999999,69.0,1668.1388374655648,5,0
2010-07-17 19:00:00,1716.5000000000002,67.0,1656.7243581267217,5,0
2010-07-17 20:00:00,1655.9,64.0,1587.846958677686,5,0
2010-07-17 21:00:00,1539.5,64.0,1483.9730909090908,5,0
2010-07-17 22:00:00,901.3,65.0,1117.4122809917358,5,0
2010-07-17 23:00:00,713.0,64.0,988.6486666666667,5,0
2010-07-18 00:00:00,660.2,66.0,964.5117851239672,6,0
2010-07-18 01:00:00,631.9000000000001,66.0,944.8779449035812,6,0
2010-07-18 02:00:00,796.8,64.0,985.677746556474,6,0
2010-07-18 03:00:00,850.6,64.0,1044.0176584022038,6,0
2010-07-18 04:00:00,852.9000000000001,65.0,1037.3717741046835,6,0
2010-07-18 05:00:00,778.8,64.0,1004.4853719008266,6,0
2010-07-18 06:00:00,916.6,65.0,1067.7214820936645,6,0
2010-07-18 07:00:00,1378.8,67.0,1371.814,6,0
2010-07-18 08:00:00,1472.1000000000001,70.0,1396.3819889807162,6,0
2010-07-18 09:00:00,1540.3,73.0,1413.7663691460057,6,0
2010-07-18 10:00:00,1651.6,73.0,1457.5073994490358,6,0
2010-07-18 11:00:00,1643.1,72.0,1496.064920110193,6,0
2010-07-18 12:00:00,1758.5,71.0,1525.2241707988987,6,0
2010-07-18 13:00:00,1811.3,72.0,1537.2884793388428,6,0
2010-07-18 14:00:00,1816.5000000000002,72.0,1552.1540220385673,6,0
2010-07-18 15:00:00,1852.5,70.0,1546.957052341598,6,0
2010-07-18 16:00:00,1790.2,70.0,1560.9775261707987,6,0
2010-07-18 17:00:00,1714.1,69.0,1553.7601157024792,6,0
2010-07-18 18:00:00,1596.1,67.0,1574.634837465565,6,0
2010-07-18 19:00:00,1643.5,66.0,1568.7843581267218,6,0
2010-07-18 20:00:00,1526.2,66.0,1500.3509586776863,6,0
2010-07-18 21:00:00,900.0,66.0,1397.3610909090908,6,0
2010-07-18 22:00:00,732.3999999999999,65.0,1033.5882809917357,6,0
2010-07-18 23:00:00,628.6,64.0,909.9486666666669,6,0
2010-07-19 00:00:00,648.1,64.0,891.471785123967,0,0
2010-07-19 01:00:00,614.8,64.0,875.493944903581,0,0
2010-07-19 02:00:00,796.9,65.0,916.1577465564737,0,0
2010-07-19 03:00:00,847.3,66.0,971.7856584022038,0,0
2010-07-19 04:00:00,884.2,66.0,959.1397741046833,0,0
2010-07-19 05:00:00,782.7,66.0,921.7813719008267,0,0
2010-07-19 06:00:00,967.8,67.0,985.0494820936638,0,0
2010-07-19 07:00:00,1412.9,68.0,1291.854,0,0
2010-07-19 08:00:00,1401.3999999999999,70.0,1319.1859889807163,0,0
2010-07-19 09:00:00,1522.3000000000002,72.0,1364.6823691460054,0,0
2010-07-19 10:00:00,1634.6,73.0,1444.767399449036,0,0
2010-07-19 11:00:00,1641.3999999999999,72.0,1497.924920110193,0,0
2010-07-19 12:00:00,1659.1000000000001,71.0,1534.912170798898,0,0
2010-07-19 13:00:00,1693.5,70.0,1552.8404793388431,0,0
2010-07-19 14:00:00,1639.1,70.0,1572.950022038568,0,0
2010-07-19 15:00:00,1661.3000000000002,73.0,1572.6730523415981,0,0
2010-07-19 16:00:00,1582.1999999999998,71.0,1590.357526170799,0,0
2010-07-19 17:00:00,1604.2,69.0,1586.2401157024792,0,0
2010-07-19 18:00:00,1606.1,67.0,1607.5708374655646,0,0
2010-07-19 19:00:00,1653.0,65.0,1595.4563581267216,0,0
2010-07-19 20:00:00,1522.3,64.0,1525.114958677686,0,0
2010-07-19 21:00:00,1473.1,64.0,1421.0930909090907,0,0
2010-07-19 22:00:00,1001.5,63.0,1055.7962809917353,0,0
2010-07-19 23:00:00,824.7,63.0,931.4086666666667,0,0
2010-07-20 00:00:00,759.4000000000001,63.0,912.8757851239668,1,0
2010-07-20 01:00:00,749.3,64.0,899.1259449035813,1,0
2010-07-20 02:00:00,910.9,65.0,947.2977465564738,1,0
2010-07-20 03:00:00,970.3999999999999,65.0,1010.6496584022038,1,0
2010-07-20 04:00:00,972.5000000000001,65.0,1008.0357741046832,1,0
2010-07-20 05:00:00,891.5,65.0,977.5773719008265,1,0
2010-07-20 06:00:00,983.1,65.0,1044.089482093664,1,0
2010-07-20 07:00:00,1307.5,66.0,1346.6060000000002,1,0
2010-07-20 08:00:00,1387.8,66.0,1371.7259889807165,1,0
2010-07-20 09:00:00,1425.8,68.0,1415.0623691460055,1,0
2010-07-20 10:00:00,1578.5,69.0,1466.4913994490357,1,0
2010-07-20 11:00:00,1605.6999999999998,68.0,1502.9729201101927,1,0
2010-07-20 12:00:00,1656.0,68.0,1526.4881707988982,1,0
2010-07-20 13:00:00,1649.8000000000002,69.0,1533.836479338843,1,0
2010-07-20 14:00:00,1709.0,71.0,1542.4780220385674,1,0
2010-07-20 15:00:00,1677.0,69.0,1532.1410523415977,1,0
2010-07-20 16:00:00,1641.8000000000002,68.0,1540.917526170799,1,0
2010-07-20 17:00:00,1568.7,65.0,1528.5961157024794,1,0
2010-07-20 18:00:00,1577.3000000000002,63.0,1543.1188374655649,1,0
2010-07-20 19:00:00,1555.7999999999997,62.0,1531.1723581267217,1,0
2010-07-20 20:00:00,1476.5,62.0,1463.130958677686,1,0
2010-07-20 21:00:00,1415.2,61.0,1356.7170909090908,1,0
2010-07-20 22:00:00,858.2,61.0,987.8202809917357,1,0
2010-07-20 23:00:00,676.9,61.0,861.8086666666668,1,0
2010-07-21 00:00:00,618.7,61.0,839.6597851239671,2,0
2010-07-21 01:00:00,596.1000000000001,62.0,822.801944903581,2,0
2010-07-21 02:00:00,758.7,63.0,867.377746556474,2,0
2010-07-21 03:00:00,832.9000000000001,63.0,925.181658402204,2,0
2010-07-21 04:00:00,872.9000000000001,64.0,918.4877741046832,2,0
2010-07-21 05:00:00,774.7,64.0,883.6093719008264,2,0
2010-07-21 06:00:00,921.6999999999999,64.0,947.8014820936639,2,0
2010-07-21 07:00:00,1327.0,64.0,1250.8139999999999,2,0
2010-07-21 08:00:00,1339.9,65.0,1279.6619889807162,2,0
2010-07-21 09:00:00,1352.4,65.0,1326.8423691460055,2,0
2010-07-21 10:00:00,1392.0,64.0,1379.9353994490357,2,0
2010-07-21 11:00:00,1509.0,66.0,1422.3449201101928,2,0
2010-07-21 12:00:00,1529.8999999999999,67.0,1451.4761707988982,2,0
2010-07-21 13:00:00,1569.0,68.0,1464.624479338843,2,0
2010-07-21 14:00:00,1575.4,70.0,1476.8100220385677,2,0
2010-07-21 15:00:00,1608.2,70.0,1472.317052341598,2,0
2010-07-21 16:00:00,1555.5,68.0,1485.8175261707988,2,0
2010-07-21 17:00:00,1517.8000000000002,67.0,1476.8721157024797,2,0
2010-07-21 18:00:00,1483.8,65.0,1496.630837465565,2,0
2010-07-21 19:00:00,1539.4,64.0,1485.2323581267217,2,0
2010-07-21 20:00:00,1472.5,64.0,1417.6389586776859,2,0
2010-07-21 21:00:00,1465.5,63.0,1312.1290909090908,2,0
2010-07-21 22:00:00,841.9000000000001,64.0,949.1682809917354,2,0
2010-07-21 23:00:00,681.8000000000001,64.0,830.9406666666664,2,0
2010-07-22 00:00:00,611.3,64.0,813.6037851239666,3,0
2010-07-22 01:00:00,600.4,64.0,804.7619449035813,3,0
2010-07-22 02:00:00,694.1,64.0,854.1897465564737,3,0
2010-07-22 03:00:00,826.8,64.0,919.0936584022038,3,0
2010-07-22 04:00:00,853.5,64.0,917.8397741046831,3,0
2010-07-22 05:00:00,759.5,64.0,888.6613719008266,3,0
2010-07-22 06:00:00,935.8,64.0,957.1294820936637,3,0
2010-07-22 07:00:00,1279.3000000000002,63.0,1266.626,3,0
2010-07-22 08:00:00,1370.6,63.0,1297.1939889807163,3,0
2010-07-22 09:00:00,1327.1,63.0,1342.6743691460056,3,0
2010-07-22 10:00:00,1467.0,64.0,1395.1553994490362,3,0
2010-07-22 11:00:00,1517.1000000000001,66.0,1438.1209201101929,3,0
2010-07-22 12:00:00,1553.5,68.0,1467.0001707988981,3,0
2010-07-22 13:00:00,1643.3000000000002,70.0,1480.0884793388432,3,0
2010-07-22 14:00:00,1615.9,69.0,1491.8740220385675,3,0
2010-07-22 15:00:00,1652.1000000000001,69.0,1491.3810523415978,3,0
2010-07-22 16:00:00,1622.7,68.0,1504.0855261707986,3,0
2010-07-22 17:00:00,1574.0,67.0,1496.4521157024792,3,0
2010-07-22 18:00:00,1539.8,65.0,1514.4948374655646,3,0
2010-07-22 19:00:00,1608.0,64.0,1503.2243581267219,3,0
2010-07-22 20:00:00,1499.1,64.0,1436.3389586776857,3,0
2010-07-22 21:00:00,1419.0,64.0,1333.033090909091,3,0
2010-07-22 22:00:00,876.9,64.0,970.8442809917356,3,0
2010-07-22 23:00:00,679.4,63.0,850.8726666666669,3,0
2010-07-23 00:00:00,609.9,63.0,834.8077851239668,4,0
2010-07-23 01:00:00,591.5,63.0,825.0139449035812,4,0
2010-07-23 02:00:00,688.4,62.0,872.3737465564741,4,0
2010-07-23 03:00:00,862.2,63.0,934.1336584022038,4,0
2010-07-23 04:00:00,827.5,62.0,928.4437741046834,4,0
2010-07-23 05:00:00,772.9,62.0,894.6173719008267,4,0
2010-07-23 06:00:00,877.6999999999999,62.0,960.0334820936641,4,0
2010-07-23 07:00:00,1296.6000000000001,61.0,1265.0460000000003,4,0
2010-07-23 08:00:00,1340.6,61.0,1292.5619889807163,4,0
2010-07-23 09:00:00,1412.8999999999999,62.0,1335.5783691460053,4,0
2010-07-23 10:00:00,1461.0,63.0,1388.067399449036,4,0
2010-07-23 11:00:00,1548.5,63.0,1427.708920110193,4,0
2010-07-23 12:00:00,1593.3999999999999,65.0,1456.064170798898,4,0
2010-07-23 13:00:00,1643.1,66.0,1468.372479338843,4,0
2010-07-23 14:00:00,1638.5000000000002,66.0,1479.2460220385674,4,0
2010-07-23 15:00:00,1614.0,67.0,1476.1250523415981,4,0
2010-07-23 16:00:00,1555.7,66.0,1486.1815261707986,4,0
2010-07-23 17:00:00,1525.0,65.0,1477.6441157024797,4,0
2010-07-23 18:00:00,1519.7,64.0,1493.7628374655646,4,0
2010-07-23 19:00:00,1551.9,62.0,1483.8003581267221,4,0
2010-07-23 20:00:00,1491.3999999999999,62.0,1415.6829586776857,4,0
2010-07-23 21:00:00,1384.0,61.0,1312.389090909091,4,0
2010-07-23 22:00:00,830.6,61.0,950.1322809917356,4,0
2010-07-23 23:00:00,631.3,61.0,831.1846666666668,4,0
2010-07-24 00:00:00,594.4,60.0,815.0677851239673,5,0
2010-07-24 01:00:00,570.6,60.0,804.2739449035814,5,0
2010-07-24 02:00:00,656.7,60.0,851.8257465564739,5,0
2010-07-24 03:00:00,790.8000000000001,60.0,914.1616584022038,5,0
2010-07-24 04:00:00,796.7,60.0,911.0797741046836,5,0
2010-07-24 05:00:00,724.3,60.0,880.0053719008264,5,0
2010-07-24 06:00:00,843.0,60.0,946.4014820936643,5,0
2010-07-24 07:00:00,1271.2,60.0,1252.4340000000002,5,0
2010-07-24 08:00:00,1327.1,62.0,1281.8899889807165,5,0
2010-07-24 09:00:00,1383.2,66.0,1326.1903691460059,5,0
2010-07-24 10:00:00,1545.1,66.0,1380.4753994490359,5,0
2010-07-24 11:00:00,1568.1,67.0,1422.9809201101932,5,0
2010-07-24 12:00:00,1623.5,67.0,1453.2161707988982,5,0
2010-07-24 13:00:00,1658.0,67.0,1465.3804793388429,5,0
2010-07-24 14:00:00,1643.1,68.0,1477.4900220385675,5,0
2010-07-24 15:00:00,1651.0,66.0,1476.4170523415978,5,0
2010-07-24 16:00:00,1582.8000000000002,66.0,1490.165526170799,5,0
2010-07-24 17:00:00,1526.8000000000002,64.0,1484.1681157024796,5,0
2010-07-24 18:00:00,1495.2,63.0,1503.2708374655645,5,0
2010-07-24 19:00:00,1557.3,63.0,1493.7643581267216,5,0
2010-07-24 20:00:00,1483.8,62.0,1424.6429586776862,5,0
2010-07-24 21:00:00,1408.4,62.0,1322.553090909091,5,0
2010-07-24 22:00:00,840.5,62.0,958.1442809917357,5,0
2010-07-24 23:00:00,656.6,61.0,834.1886666666669,5,0
2010-07-25 00:00:00,593.3,61.0,816.4437851239666,6,0
2010-07-25 01:00:00,551.5,61.0,803.6499449035814,6,0
2010-07-25 02:00:00,666.7,61.0,851.6697465564739,6,0
2010-07-25 03:00:00,810.3000000000001,62.0,914.0216584022039,6,0
2010-07-25 04:00:00,817.5999999999999,62.0,911.4477741046833,6,0
2010-07-25 05:00:00,757.0,62.0,880.2213719008265,6,0
2010-07-25 06:00:00,869.0,62.0,947.8934820936638,6,0
2010-07-25 07:00:00,1247.9,62.0,1252.5459999999998,6,0
2010-07-25 08:00:00,1276.6,63.0,1280.7859889807162,6,0
2010-07-25 09:00:00,1399.8000000000002,65.0,1302.2383691460057,6,0
2010-07-25 10:00:00,1461.6,66.0,1348.5513994490361,6,0
2010-07-25 11:00:00,1527.0,68.0,1386.452920110193,6,0
2010-07-25 12:00:00,1602.4,69.0,1414.3841707988984,6,0
2010-07-25 13:00:00,1638.1,67.0,1427.9764793388433,6,0
2010-07-25 14:00:00,1669.6999999999998,68.0,1441.0740220385674,6,0
2010-07-25 15:00:00,1655.9999999999998,67.0,1440.7890523415977,6,0
2010-07-25 16:00:00,1632.5000000000002,66.0,1453.481526170799,6,0
2010-07-25 17:00:00,1550.1,64.0,1445.4881157024797,6,0
2010-07-25 18:00:00,1528.8999999999999,62.0,1462.8548374655647,6,0
2010-07-25 19:00:00,1498.3,61.0,1453.4083581267219,6,0
2010-07-25 20:00:00,1458.8,61.0,1385.538958677686,6,0
2010-07-25 21:00:00,829.5999999999999,61.0,1280.7090909090914,6,0
2010-07-25 22:00:00,665.6,61.0,915.4282809917358,6,0
2010-07-25 23:00:00,551.4,60.0,789.0646666666669,6,0
2010-07-26 00:00:00,561.0,61.0,768.523785123967,0,0
2010-07-26 01:00:00,586.0999999999999,61.0,752.8059449035813,0,0
2010-07-26 02:00:00,672.3,61.0,798.4577465564739,0,0
2010-07-26 03:00:00,840.0,61.0,856.7216584022042,0,0
2010-07-26 04:00:00,810.7,61.0,848.9837741046836,0,0
2010-07-26 05:00:00,728.0,60.0,813.9213719008268,0,0
2010-07-26 06:00:00,858.3000000000001,61.0,876.8894820936639,0,0
2010-07-26 07:00:00,1275.3999999999999,61.0,1180.4980000000003,0,0
2010-07-26 08:00:00,1284.6,62.0,1208.3739889807166,0,0
2010-07-26 09:00:00,1280.8,63.0,1252.0623691460055,0,0
2010-07-26 10:00:00,1456.3999999999999,64.0,1327.0913994490356,0,0
2010-07-26 11:00:00,1383.3,65.0,1375.064920110193,0,0
2010-07-26 12:00:00,1491.4,66.0,1407.4481707988982,0,0
2010-07-26 13:00:00,1543.9,68.0,1421.0844793388433,0,0
2010-07-26 14:00:00,1590.6000000000001,67.0,1432.7620220385675,0,0
2010-07-26 15:00:00,1580.4,65.0,1430.3770523415976,0,0
2010-07-26 16:00:00,1508.4,64.0,1442.4015261707991,0,0
2010-07-26 17:00:00,1503.9,64.0,1435.3921157024793,0,0
2010-07-26 18:00:00,1434.6,62.0,1453.8148374655648,0,0
2010-07-26 19:00:00,1505.8999999999999,62.0,1445.1043581267218,0,0
2010-07-26 20:00:00,1390.7,61.0,1375.306958677686,0,0
2010-07-26 21:00:00,1360.5,61.0,1269.561090909091,0,0
2010-07-26 22:00:00,804.7,60.0,905.5322809917354,0,0
2010-07-26 23:00:00,628.3,60.0,784.0766666666668,0,0
2010-07-27 00:00:00,567.0999999999999,60.0,770.7677851239675,1,0
2010-07-27 01:00:00,554.8999999999999,60.0,759.1899449035814,1,0
2010-07-27 02:00:00,671.4,60.0,806.7337465564742,1,0
2010-07-27 03:00:00,793.1,60.0,865.6416584022038,1,0
2010-07-27 04:00:00,823.7,60.0,861.2317741046834,1,0
2010-07-27 05:00:00,745.7,61.0,828.6813719008263,1,0
2010-07-27 06:00:00,855.7,60.0,892.9094820936639,1,0
2010-07-27 07:00:00,1283.1000000000001,60.0,1199.2379999999998,1,0
2010-07-27 08:00:00,1263.9,61.0,1227.3779889807167,1,0
2010-07-27 09:00:00,1265.9,62.0,1272.1583691460055,1,0
2010-07-27 10:00:00,1368.6999999999998,61.0,1325.0193994490355,1,0
2010-07-27 11:00:00,1500.8,63.0,1365.4769201101929,1,0
2010-07-27 12:00:00,1528.5,65.0,1393.6201707988982,1,0
2010-07-27 13:00:00,1536.4,66.0,1405.7044793388427,1,0
2010-07-27 14:00:00,1543.6999999999998,66.0,1416.7740220385672,1,0
2010-07-27 15:00:00,1517.3999999999999,66.0,1412.309052341598,1,0
2010-07-27 16:00:00,1516.0,65.0,1423.025526170799,1,0
2010-07-27 17:00:00,1442.6,63.0,1412.1481157024791,1,0
2010-07-27 18:00:00,1419.9,62.0,1428.3708374655644,1,0
2010-07-27 19:00:00,1479.6,61.0,1418.1203581267216,1,0
2010-07-27 20:00:00,1404.9,60.0,1350.3349586776858,1,0
2010-07-27 21:00:00,1319.7,61.0,1250.3050909090905,1,0
2010-07-27 22:00:00,781.4,59.0,890.2562809917354,1,0
2010-07-27 23:00:00,579.5,59.0,772.5446666666664,1,0
2010-07-28 00:00:00,538.0,59.0,755.8677851239668,2,0
2010-07-28 01:00:00,522.2,58.0,743.0699449035812,2,0
2010-07-28 02:00:00,625.0,57.0,790.8457465564736,2,0
2010-07-28 03:00:00,740.2,57.0,852.3416584022038,2,0
2010-07-28 04:00:00,744.0999999999999,57.0,849.7077741046833,2,0
2010-07-28 05:00:00,662.0,57.0,817.1293719008266,2,0
2010-07-28 06:00:00,818.4000000000001,59.0,885.0814820936639,2,0
2010-07-28 07:00:00,1242.0,62.0,1194.3380000000002,2,0
2010-07-28 08:00:00,1321.9,63.0,1224.001988980716,2,0
2010-07-28 09:00:00,1388.1,65.0,1268.9463691460055,2,0
2010-07-28 10:00:00,1453.3000000000002,66.0,1323.727399449036,2,0
2010-07-28 11:00:00,1506.7,65.0,1366.320920110193,2,0
2010-07-28 12:00:00,1561.8000000000002,66.0,1396.6281707988983,2,0
2010-07-28 13:00:00,1543.0000000000002,66.0,1410.176479338843,2,0
2010-07-28 14:00:00,1542.0,66.0,1423.398022038568,2,0
2010-07-28 15:00:00,1535.2,66.0,1422.0650523415977,2,0
2010-07-28 16:00:00,1497.4,65.0,1435.869526170799,2,0
2010-07-28 17:00:00,1449.5,63.0,1429.2121157024794,2,0
2010-07-28 18:00:00,1451.6999999999998,62.0,1449.3108374655649,2,0
2010-07-28 19:00:00,1538.1,61.0,1439.9043581267215,2,0
2010-07-28 20:00:00,1416.6999999999998,60.0,1373.518958677686,2,0
2010-07-28 21:00:00,1338.0,60.0,1270.373090909091,2,0
2010-07-28 22:00:00,788.6,59.0,906.9362809917354,2,0
2010-07-28 23:00:00,609.6000000000001,59.0,786.2126666666668,2,0
2010-07-29 00:00:00,543.3,58.0,769.9197851239669,3,0
2010-07-29 01:00:00,529.7,57.0,756.9059449035815,3,0
2010-07-29 02:00:00,646.0999999999999,57.0,806.177746556474,3,0
2010-07-29 03:00:00,772.0999999999999,56.0,869.1216584022043,3,0
2010-07-29 04:00:00,768.4000000000001,57.0,867.2517741046836,3,0
2010-07-29 05:00:00,687.9000000000001,57.0,836.5573719008268,3,0
2010-07-29 06:00:00,831.5999999999999,59.0,905.5654820936638,3,0
2010-07-29 07:00:00,1225.8,61.0,1213.8780000000002,3,0
2010-07-29 08:00:00,1315.8000000000002,63.0,1244.6819889807164,3,0
2010-07-29 09:00:00,1368.2,64.0,1291.7263691460057,3,0
2010-07-29 10:00:00,1490.8,66.0,1346.0073994490358,3,0
2010-07-29 11:00:00,1516.0,68.0,1388.312920110193,3,0
2010-07-29 12:00:00,1577.3,68.0,1418.4001707988984,3,0
2010-07-29 13:00:00,1570.9,68.0,1432.0924793388428,3,0
2010-07-29 14:00:00,1586.0,66.0,1445.9660220385672,3,0
2010-07-29 15:00:00,1569.7,67.0,1444.0850523415982,3,0
2010-07-29 16:00:00,1534.3000000000002,66.0,1456.109526170799,3,0
2010-07-29 17:00:00,1478.0,65.0,1449.5241157024793,3,0
2010-07-29 18:00:00,1485.0,63.0,1470.2588374655652,3,0
2010-07-29 19:00:00,1546.3000000000002,62.0,1462.244358126722,3,0
2010-07-29 20:00:00,1503.7,61.0,1397.5309586776862,3,0
2010-07-29 21:00:00,1402.3,61.0,1296.921090909091,3,0
2010-07-29 22:00:00,794.4000000000001,61.0,935.4122809917358,3,0
2010-07-29 23:00:00,609.6,60.0,812.6046666666671,3,0
2010-07-30 00:00:00,567.9000000000001,60.0,794.9277851239674,4,0
2010-07-30 01:00:00,538.6,59.0,783.061944903581,4,0
2010-07-30 02:00:00,669.9,60.0,831.1017465564742,4,0
2010-07-30 03:00:00,779.5,60.0,892.8496584022039,4,0
2010-07-30 04:00:00,755.8,59.0,891.4837741046833,4,0
2010-07-30 05:00:00,714.0,58.0,862.3173719008265,4,0
2010-07-30 06:00:00,873.4,59.0,932.7334820936642,4,0
2010-07-30 07:00:00,1273.8,61.0,1238.8900000000003,4,0
2010-07-30 08:00:00,1341.4,62.0,1267.6819889807164,4,0
2010-07-30 09:00:00,1425.5,63.0,1313.6263691460056,4,0
2010-07-30 10:00:00,1519.1,64.0,1365.7153994490357,4,0
2010-07-30 11:00:00,1501.4,65.0,1409.000920110193,4,0
2010-07-30 12:00:00,1552.0,65.0,1438.624170798898,4,0
2010-07-30 13:00:00,1615.1000000000001,66.0,1452.5004793388428,4,0
2010-07-30 14:00:00,1583.1,66.0,1466.5260220385676,4,0
2010-07-30 15:00:00,1583.8,66.0,1463.4530523415976,4,0
2010-07-30 16:00:00,1581.3999999999999,65.0,1477.5375261707986,4,0
2010-07-30 17:00:00,1553.1,64.0,1473.9921157024792,4,0
2010-07-30 18:00:00,1548.6999999999998,63.0,1492.5468374655647,4,0
2010-07-30 19:00:00,1525.7,61.0,1481.9123581267215,4,0
2010-07-30 20:00:00,1461.6,60.0,1412.2549586776859,4,0
2010-07-30 21:00:00,1461.8,60.0,1307.5210909090908,4,0
2010-07-30 22:00:00,803.9000000000001,59.0,940.8522809917356,4,0
2010-07-30 23:00:00,639.9,58.0,819.6046666666668,4,0
2010-07-31 00:00:00,556.3000000000001,59.0,805.127785123967,5,0
2010-07-31 01:00:00,567.8,59.0,795.9779449035814,5,0
2010-07-31 02:00:00,682.6,59.0,846.6897465564737,5,0
2010-07-31 03:00:00,773.5,59.0,912.7096584022038,5,0
2010-07-31 04:00:00,814.7,59.0,913.1197741046831,5,0
2010-07-31 05:00:00,777.4,60.0,883.2813719008265,5,0
2010-07-31 06:00:00,845.0,61.0,950.0774820936638,5,0
2010-07-31 07:00:00,1250.1,63.0,1256.3300000000002,5,0
2010-07-31 08:00:00,1265.8000000000002,64.0,1287.1779889807165,5,0
2010-07-31 09:00:00,1348.0,64.0,1332.3983691460055,5,0
2010-07-31 10:00:00,1447.4,67.0,1383.699399449036,5,0
2010-07-31 11:00:00,1568.6999999999998,68.0,1426.668920110193,5,0
2010-07-31 12:00:00,1617.4,70.0,1455.7081707988982,5,0
2010-07-31 13:00:00,1657.6999999999998,69.0,1470.8604793388429,5,0
2010-07-31 14:00:00,1694.1000000000001,68.0,1481.9700220385675,5,0
2010-07-31 15:00:00,1687.7,68.0,1480.3770523415976,5,0
2010-07-31 16:00:00,1639.8999999999999,65.0,1494.0895261707992,5,0
2010-07-31 17:00:00,1583.4,63.0,1484.9601157024795,5,0
2010-07-31 18:00:00,1533.3000000000002,63.0,1500.2068374655646,5,0
2010-07-31 19:00:00,1591.7999999999997,62.0,1492.7123581267217,5,0
2010-07-31 20:00:00,1492.3999999999999,62.0,1426.6669586776866,5,0
2010-07-31 21:00:00,1401.6,62.0,1327.2530909090908,5,0
2010-07-31 22:00:00,843.7,62.0,967.8682809917357,5,0
2010-07-31 23:00:00,641.5,61.0,851.2486666666668,5,0
2010-08-01 00:00:00,572.0,62.0,834.8437851239671,6,0
2010-08-01 01:00:00,588.1,61.0,822.7339449035815,6,0
2010-08-01 02:00:00,638.9,62.0,871.3297465564742,6,0
2010-08-01 03:00:00,823.2,62.0,931.2576584022038,6,0
2010-08-01 04:00:00,799.4,62.0,926.5597741046834,6,0
2010-08-01 05:00:00,696.6999999999999,62.0,895.6413719008266,6,0
2010-08-01 06:00:00,825.6999999999999,61.0,959.5694820936637,6,0
2010-08-01 07:00:00,1300.2,62.0,1263.3460000000002,6,0
2010-08-01 08:00:00,1332.4,64.0,1289.9899889807164,6,0
2010-08-01 09:00:00,1405.4,66.0,1311.1303691460057,6,0
2010-08-01 10:00:00,1552.0,67.0,1357.9593994490358,6,0
2010-08-01 11:00:00,1612.7,67.0,1396.616920110193,6,0
2010-08-01 12:00:00,1636.5,69.0,1426.4961707988984,6,0
2010-08-01 13:00:00,1649.1,69.0,1439.3644793388432,6,0
2010-08-01 14:00:00,1683.8000000000002,69.0,1448.9060220385672,6,0
2010-08-01 15:00:00,1646.4,68.0,1446.6930523415976,6,0
2010-08-01 16:00:00,1616.1000000000001,68.0,1457.665526170799,6,0
2010-08-01 17:00:00,1614.9,66.0,1449.5441157024793,6,0
2010-08-01 18:00:00,1491.9,63.0,1468.5388374655645,6,0
2010-08-01 19:00:00,1514.5,62.0,1459.4203581267218,6,0
2010-08-01 20:00:00,1453.4,61.0,1392.110958677686,6,0
2010-08-01 21:00:00,830.4000000000001,59.0,1291.6570909090908,6,0
2010-08-01 22:00:00,671.7,58.0,931.4042809917357,6,0
2010-08-01 23:00:00,573.5,58.0,810.3966666666665,6,0
2010-08-02 00:00:00,594.6,57.0,792.7877851239671,0,0
2010-08-02 01:00:00,546.7,57.0,779.2419449035815,0,0
2010-08-02 02:00:00,620.0,57.0,827.961746556474,0,0
2010-08-02 03:00:00,764.0,57.0,888.9576584022038,0,0
2010-08-02 04:00:00,780.6,58.0,884.6757741046833,0,0
2010-08-02 05:00:00,706.6,58.0,852.4053719008265,0,0
2010-08-02 06:00:00,838.7,58.0,916.8334820936643,0,0
2010-08-02 07:00:00,1240.3000000000002,59.0,1223.4819999999997,0,0
2010-08-02 08:00:00,1350.8999999999999,62.0,1254.3099889807168,0,0
2010-08-02 09:00:00,1446.0,63.0,1299.1703691460054,0,0
2010-08-02 10:00:00,1587.6999999999998,64.0,1375.7153994490357,0,0
2010-08-02 11:00:00,1607.6,66.0,1423.6169201101932,0,0
2010-08-02 12:00:00,1650.4,66.0,1455.4921707988983,0,0
2010-08-02 13:00:00,1632.3,64.0,1467.2604793388427,0,0
2010-08-02 14:00:00,1678.3000000000002,64.0,1479.4020220385678,0,0
2010-08-02 15:00:00,1662.8,66.0,1478.2050523415978,0,0
2010-08-02 16:00:00,1585.1999999999998,64.0,1491.433526170799,0,0
2010-08-02 17:00:00,1557.3000000000002,64.0,1483.7121157024794,0,0
2010-08-02 18:00:00,1535.8999999999999,62.0,1502.770837465565,0,0
2010-08-02 19:00:00,1544.9,60.0,1492.5483581267217,0,0
2010-08-02 20:00:00,1480.7,60.0,1428.1669586776857,0,0
2010-08-02 21:00:00,1384.3999999999999,60.0,1327.3330909090907,0,0
2010-08-02 22:00:00,843.4,60.0,964.7242809917357,0,0
2010-08-02 23:00:00,632.5999999999999,60.0,842.8246666666666,0,0
2010-08-03 00:00:00,576.5,60.0,825.4877851239671,1,0
2010-08-03 01:00:00,541.8,58.0,813.2419449035808,1,0
2010-08-03 02:00:00,643.5999999999999,58.0,864.0617465564737,1,0
2010-08-03 03:00:00,770.5,60.0,924.9936584022039,1,0
2010-08-03 04:00:00,777.8,59.0,923.5317741046831,1,0
2010-08-03 05:00:00,697.8,58.0,893.3613719008264,1,0
2010-08-03 06:00:00,850.1999999999999,58.0,961.1054820936638,1,0
2010-08-03 07:00:00,1225.7,60.0,1268.778,1,0
2010-08-03 08:00:00,1364.1999999999998,64.0,1297.9499889807164,1,0
2010-08-03 09:00:00,1455.0,66.0,1343.3423691460057,1,0
2010-08-03 10:00:00,1569.3999999999999,66.0,1395.5193994490357,1,0
2010-08-03 11:00:00,1621.0,67.0,1436.980920110193,1,0
2010-08-03 12:00:00,1652.1000000000001,66.0,1466.3281707988983,1,0
2010-08-03 13:00:00,1678.7000000000003,67.0,1478.6324793388433,1,0
2010-08-03 14:00:00,1714.0,67.0,1490.5060220385676,1,0
2010-08-03 15:00:00,1655.7000000000003,66.0,1488.1370523415978,1,0
2010-08-03 16:00:00,1672.1,64.0,1502.8215261707994,1,0
2010-08-03 17:00:00,1578.9,62.0,1495.7961157024797,1,0
2010-08-03 18:00:00,1561.1999999999998,61.0,1514.5468374655647,1,0
2010-08-03 19:00:00,1614.5,61.0,1507.2123581267217,1,0
2010-08-03 20:00:00,1469.7,60.0,1442.9109586776863,1,0
2010-08-03 21:00:00,1425.0,60.0,1342.2770909090905,1,0
2010-08-03 22:00:00,788.1999999999999,60.0,976.6362809917352,1,0
2010-08-03 23:00:00,643.3,59.0,855.1566666666668,1,0
2010-08-04 00:00:00,572.4000000000001,59.0,836.1797851239671,2,0
2010-08-04 01:00:00,537.1,59.0,821.7499449035815,2,0
2010-08-04 02:00:00,632.0,58.0,868.1297465564737,2,0
2010-08-04 03:00:00,764.8,58.0,925.9736584022037,2,0
2010-08-04 04:00:00,820.7,59.0,921.9757741046833,2,0
2010-08-04 05:00:00,712.4,59.0,887.1453719008265,2,0
2010-08-04 06:00:00,833.6999999999999,60.0,953.4334820936638,2,0
2010-08-04 07:00:00,1309.3999999999999,60.0,1257.594,2,0
2010-08-04 08:00:00,1351.6,62.0,1284.2379889807162,2,0
2010-08-04 09:00:00,1473.3,64.0,1328.2463691460055,2,0
2010-08-04 10:00:00,1502.6,67.0,1379.195399449036,2,0
2010-08-04 11:00:00,1613.1999999999998,66.0,1422.796920110193,2,0
2010-08-04 12:00:00,1624.5,67.0,1452.276170798898,2,0
2010-08-04 13:00:00,1625.8,68.0,1465.6804793388433,2,0
2010-08-04 14:00:00,1649.4,68.0,1477.190022038567,2,0
2010-08-04 15:00:00,1614.2,67.0,1475.4770523415975,2,0
2010-08-04 16:00:00,1601.6,67.0,1487.5415261707992,2,0
2010-08-04 17:00:00,1549.3,66.0,1478.2361157024798,2,0
2010-08-04 18:00:00,1546.4,63.0,1494.8588374655646,2,0
2010-08-04 19:00:00,1552.0,60.0,1450.096358126722,2,0
2010-08-04 20:00:00,1476.1,59.0,1381.1029586776858,2,0
2010-08-04 21:00:00,1379.3999999999999,59.0,1278.9110909090907,2,0
2010-08-04 22:00:00,798.0999999999999,58.0,881.6182809917354,2,0
2010-08-04 23:00:00,641.6,58.0,759.038666666667,2,0
2010-08-05 00:00:00,586.4,58.0,736.7097851239669,3,0
2010-08-05 01:00:00,560.5,58.0,722.0279449035811,3,0
2010-08-05 02:00:00,618.2,58.0,768.0637465564741,3,0
2010-08-05 03:00:00,769.6,59.0,826.2076584022041,3,0
2010-08-05 04:00:00,749.5,59.0,820.7457741046833,3,0
2010-08-05 05:00:00,698.3,60.0,786.3473719008265,3,0
2010-08-05 06:00:00,795.0999999999999,60.0,851.4154820936644,3,0
2010-08-05 07:00:00,357.2,62.0,1156.396,3,0
2010-08-05 08:00:00,1318.0,63.0,1183.9799889807161,3,0
2010-08-05 09:00:00,1421.75,65.0,1227.6003691460055,3,0
2010-08-05 10:00:00,729.6,66.0,1281.7893994490357,3,0
2010-08-05 11:00:00,1518.8999999999999,67.0,1324.166920110193,3,0
2010-08-05 12:00:00,1532.9,68.0,1353.3301707988985,3,0
2010-08-05 13:00:00,1591.9,67.0,1365.1544793388434,3,0
2010-08-05 14:00:00,1587.9,68.0,1377.144022038568,3,0
2010-08-05 15:00:00,1557.1,68.0,1377.2230523415976,3,0
2010-08-05 16:00:00,1523.5,66.0,1390.9435261707986,3,0
2010-08-05 17:00:00,1489.6000000000001,63.0,1386.9741157024796,3,0
2010-08-05 18:00:00,1486.3000000000002,62.0,1406.8568374655651,3,0
2010-08-05 19:00:00,1557.6999999999998,60.0,1396.9783581267216,3,0
2010-08-05 20:00:00,1437.1,60.0,1364.728958677686,3,0
2010-08-05 21:00:00,1376.1,59.0,1261.8190909090908,3,0
2010-08-05 22:00:00,833.5,60.0,894.8042809917356,3,0
2010-08-05 23:00:00,620.9000000000001,59.0,800.9886666666662,3,0
2010-08-06 00:00:00,576.8,58.0,783.2597851239668,4,0
2010-08-06 01:00:00,535.0,58.0,772.4379449035812,4,0
2010-08-06 02:00:00,653.6,59.0,820.1937465564738,4,0
2010-08-06 03:00:00,800.5999999999999,60.0,881.469658402204,4,0
2010-08-06 04:00:00,795.7,60.0,877.7997741046834,4,0
2010-08-06 05:00:00,760.5,60.0,845.8413719008266,4,0
2010-08-06 06:00:00,862.5,61.0,914.2294820936634,4,0
2010-08-06 07:00:00,1190.7,61.0,1222.17,4,0
2010-08-06 08:00:00,1284.4,62.0,1248.9699889807162,4,0
2010-08-06 09:00:00,1370.2,64.0,1293.7663691460057,4,0
2010-08-06 10:00:00,1435.0,67.0,1346.8633994490356,4,0
2010-08-06 11:00:00,1465.0,66.0,1387.692920110193,4,0
2010-08-06 12:00:00,1553.6,66.0,1417.776170798898,4,0
2010-08-06 13:00:00,1596.8000000000002,66.0,1430.088479338843,4,0
2010-08-06 14:00:00,1596.9999999999998,66.0,1443.6860220385674,4,0
2010-08-06 15:00:00,1573.9,66.0,1440.449052341598,4,0
2010-08-06 16:00:00,1511.1999999999998,67.0,1452.0695261707986,4,0
2010-08-06 17:00:00,1472.5,65.0,1443.5641157024793,4,0
2010-08-06 18:00:00,1509.6,62.0,1459.018837465565,4,0
2010-08-06 19:00:00,1571.6000000000001,61.0,1446.9403581267215,4,0
2010-08-06 20:00:00,1423.2,59.0,1379.4749586776861,4,0
2010-08-06 21:00:00,1366.5,60.0,1275.593090909091,4,0
2010-08-06 22:00:00,802.9000000000001,60.0,909.5322809917354,4,0
2010-08-06 23:00:00,617.6,59.0,788.8486666666663,4,0
2010-08-07 00:00:00,579.1,60.0,773.2877851239673,5,0
2010-08-07 01:00:00,537.5999999999999,59.0,761.8379449035813,5,0
2010-08-07 02:00:00,668.3000000000001,59.0,810.337746556474,5,0
2010-08-07 03:00:00,753.0999999999999,59.0,871.4656584022039,5,0
2010-08-07 04:00:00,774.2,60.0,867.6517741046835,5,0
2010-08-07 05:00:00,693.3,61.0,835.9613719008265,5,0
2010-08-07 06:00:00,814.0,61.0,903.8334820936636,5,0
2010-08-07 07:00:00,1203.1,61.0,1208.0940000000003,5,0
2010-08-07 08:00:00,1237.5,62.0,1233.4819889807163,5,0
2010-08-07 09:00:00,1312.3,63.0,1278.8503691460055,5,0
2010-08-07 10:00:00,1407.3,64.0,1332.1953994490361,5,0
2010-08-07 11:00:00,1498.7,65.0,1374.8129201101926,5,0
2010-08-07 12:00:00,1553.9,68.0,1405.1761707988983,5,0
2010-08-07 13:00:00,1601.8000000000002,67.0,1417.8804793388429,5,0
2010-08-07 14:00:00,1620.5,67.0,1430.7660220385674,5,0
2010-08-07 15:00:00,1579.3,67.0,1427.0850523415977,5,0
2010-08-07 16:00:00,1524.3999999999999,65.0,1439.1855261707988,5,0
2010-08-07 17:00:00,1466.8999999999999,65.0,1430.5761157024795,5,0
2010-08-07 18:00:00,1479.6000000000001,63.0,1448.4148374655647,5,0
2010-08-07 19:00:00,1502.9,62.0,1438.7123581267217,5,0
2010-08-07 20:00:00,1401.8,61.0,1370.9749586776861,5,0
2010-08-07 21:00:00,1366.8999999999999,61.0,1267.629090909091,5,0
2010-08-07 22:00:00,799.5,61.0,902.6762809917359,5,0
2010-08-07 23:00:00,631.7,61.0,780.8326666666667,5,0
2010-08-08 00:00:00,582.8,61.0,761.8597851239672,6,0
2010-08-08 01:00:00,549.7,61.0,748.7259449035812,6,0
2010-08-08 02:00:00,653.1,62.0,795.637746556474,6,0
2010-08-08 03:00:00,756.7,62.0,855.7736584022039,6,0
2010-08-08 04:00:00,738.6999999999999,62.0,849.9717741046832,6,0
2010-08-08 05:00:00,669.1999999999999,62.0,817.5253719008261,6,0
2010-08-08 06:00:00,806.4000000000001,62.0,886.145482093664,6,0
2010-08-08 07:00:00,1214.0,63.0,1190.29,6,0
2010-08-08 08:00:00,1243.1,64.0,1218.6899889807164,6,0
2010-08-08 09:00:00,1278.8,65.0,1242.6063691460056,6,0
2010-08-08 10:00:00,1377.1,66.0,1289.0433994490356,6,0
2010-08-08 11:00:00,1442.0,67.0,1328.552920110193,6,0
2010-08-08 12:00:00,1502.3000000000002,67.0,1356.960170798898,6,0
2010-08-08 13:00:00,1560.0,67.0,1368.7484793388433,6,0
2010-08-08 14:00:00,1585.8,67.0,1380.3900220385676,6,0
2010-08-08 15:00:00,1578.0,66.0,1376.7370523415977,6,0
2010-08-08 16:00:00,1480.1,65.0,1388.341526170799,6,0
2010-08-08 17:00:00,1461.1999999999998,65.0,1382.0321157024791,6,0
2010-08-08 18:00:00,1492.7000000000003,63.0,1399.3148374655648,6,0
2010-08-08 19:00:00,1470.0,63.0,1389.5643581267216,6,0
2010-08-08 20:00:00,1408.4,62.0,1321.750958677686,6,0
2010-08-08 21:00:00,809.1999999999999,61.0,1219.3730909090912,6,0
2010-08-08 22:00:00,627.2,61.0,857.2602809917357,6,0
2010-08-08 23:00:00,550.6,61.0,736.9406666666664,6,0
2010-08-09 00:00:00,548.0,60.0,719.9397851239669,0,0
2010-08-09 01:00:00,530.5,60.0,707.8099449035815,0,0
2010-08-09 02:00:00,634.1,60.0,753.733746556474,0,0
2010-08-09 03:00:00,742.2,60.0,811.4016584022038,0,0
2010-08-09 04:00:00,729.9000000000001,60.0,805.7837741046835,0,0
2010-08-09 05:00:00,691.2,60.0,774.8613719008266,0,0
2010-08-09 06:00:00,768.4,60.0,843.5574820936638,0,0
2010-08-09 07:00:00,1205.1999999999998,61.0,1148.8300000000002,0,0
2010-08-09 08:00:00,1252.1,62.0,1178.8459889807164,0,0
2010-08-09 09:00:00,1308.6,66.0,1223.3583691460055,0,0
2010-08-09 10:00:00,1414.6,65.0,1298.407399449036,0,0
2010-08-09 11:00:00,1449.9,65.0,1347.6929201101927,0,0
2010-08-09 12:00:00,1494.9,67.0,1379.068170798898,0,0
2010-08-09 13:00:00,1533.5,67.0,1391.3964793388432,0,0
2010-08-09 14:00:00,1519.3000000000002,67.0,1402.3660220385673,0,0
2010-08-09 15:00:00,1481.6,66.0,1398.6170523415979,0,0
2010-08-09 16:00:00,1483.4,66.0,1411.3015261707992,0,0
2010-08-09 17:00:00,1455.0,65.0,1405.0321157024796,0,0
2010-08-09 18:00:00,1488.9,64.0,1422.3468374655645,0,0
2010-08-09 19:00:00,1511.3,63.0,1413.8403581267216,0,0
2010-08-09 20:00:00,1415.9,62.0,1344.302958677686,0,0
2010-08-09 21:00:00,1330.7,61.0,1239.677090909091,0,0
2010-08-09 22:00:00,784.8000000000001,61.0,874.0082809917358,0,0
2010-08-09 23:00:00,622.7,61.0,750.0406666666668,0,0
2010-08-10 00:00:00,541.1,61.0,732.5677851239668,1,0
2010-08-10 01:00:00,509.20000000000005,60.0,721.6939449035813,1,0
2010-08-10 02:00:00,598.1,60.0,769.9577465564741,1,0
2010-08-10 03:00:00,720.8,59.0,832.633658402204,1,0
2010-08-10 04:00:00,742.4,59.0,830.6477741046835,1,0
2010-08-10 05:00:00,683.3999999999999,59.0,799.0133719008271,1,0
2010-08-10 06:00:00,791.2,59.0,867.9374820936641,1,0
2010-08-10 07:00:00,1198.3000000000002,59.0,1173.7340000000002,1,0
2010-08-10 08:00:00,1200.2,61.0,1202.4819889807168,1,0
2010-08-10 09:00:00,1261.4,65.0,1246.2903691460056,1,0
2010-08-10 10:00:00,1355.5,66.0,1301.719399449036,1,0
2010-08-10 11:00:00,1396.2,66.0,1344.624920110193,1,0
2010-08-10 12:00:00,1491.0000000000002,66.0,1372.3681707988987,1,0
2010-08-10 13:00:00,1557.5,69.0,1385.5324793388434,1,0
2010-08-10 14:00:00,1551.3,68.0,1399.2220220385675,1,0
2010-08-10 15:00:00,1540.3,68.0,1399.7050523415976,1,0
2010-08-10 16:00:00,1477.8,66.0,1415.4735261707992,1,0
2010-08-10 17:00:00,1440.5,65.0,1412.0841157024797,1,0
2010-08-10 18:00:00,1488.4,64.0,1433.1268374655647,1,0
2010-08-10 19:00:00,1520.6000000000001,62.0,1423.7123581267217,1,0
2010-08-10 20:00:00,1425.5,61.0,1356.3509586776863,1,0
2010-08-10 21:00:00,1320.6,61.0,1256.309090909091,1,0
2010-08-10 22:00:00,815.8000000000001,60.0,893.5242809917356,1,0
2010-08-10 23:00:00,620.8,60.0,773.1206666666665,1,0
2010-08-11 00:00:00,522.4,60.0,757.5197851239673,2,0
2010-08-11 01:00:00,523.2,60.0,744.8299449035817,2,0
2010-08-11 02:00:00,644.8,61.0,789.9377465564739,2,0
2010-08-11 03:00:00,790.6,61.0,848.237658402204,2,0
2010-08-11 04:00:00,798.1000000000001,61.0,841.8757741046834,2,0
2010-08-11 05:00:00,767.9000000000001,62.0,808.7253719008269,2,0
2010-08-11 06:00:00,876.5999999999999,61.0,877.133482093664,2,0
2010-08-11 07:00:00,1198.4,62.0,1180.7060000000001,2,0
2010-08-11 08:00:00,1247.7,63.0,1207.6699889807164,2,0
2010-08-11 09:00:00,1324.1000000000001,65.0,1250.2983691460058,2,0
2010-08-11 10:00:00,1380.4,66.0,1303.7073994490358,2,0
2010-08-11 11:00:00,1426.2,67.0,1343.6169201101934,2,0
2010-08-11 12:00:00,1484.1,68.0,1372.0841707988982,2,0
2010-08-11 13:00:00,1508.2,68.0,1385.548479338843,2,0
2010-08-11 14:00:00,1496.4,68.0,1397.390022038568,2,0
2010-08-11 15:00:00,1462.9,65.0,1393.3370523415979,2,0
2010-08-11 16:00:00,1427.1,65.0,1403.537526170799,2,0
2010-08-11 17:00:00,1397.0,65.0,1394.552115702479,2,0
2010-08-11 18:00:00,1461.0,63.0,1409.1268374655647,2,0
2010-08-11 19:00:00,1464.5,61.0,1396.2083581267216,2,0
2010-08-11 20:00:00,1390.2000000000003,60.0,1327.6989586776863,2,0
2010-08-11 21:00:00,1300.7,60.0,1224.9410909090911,2,0
2010-08-11 22:00:00,755.2,60.0,860.6122809917354,2,0
2010-08-11 23:00:00,576.9,59.0,738.2966666666666,2,0
2010-08-12 00:00:00,538.6,59.0,721.1997851239671,3,0
2010-08-12 01:00:00,512.0,59.0,709.0819449035814,3,0
2010-08-12 02:00:00,612.5999999999999,59.0,757.1577465564737,3,0
2010-08-12 03:00:00,723.9000000000001,59.0,819.8616584022041,3,0
2010-08-12 04:00:00,728.7,59.0,819.1917741046834,3,0
2010-08-12 05:00:00,683.7,60.0,790.3013719008262,3,0
2010-08-12 06:00:00,799.4,60.0,861.4614820936642,3,0
2010-08-12 07:00:00,1196.2,60.0,1167.6340000000002,3,0
2010-08-12 08:00:00,1219.1,63.0,1197.6859889807163,3,0
2010-08-12 09:00:00,1303.7,65.0,1243.7023691460056,3,0
2010-08-12 10:00:00,1404.4999999999998,65.0,1299.2793994490357,3,0
2010-08-12 11:00:00,1403.3,65.0,1343.012920110193,3,0
2010-08-12 12:00:00,1476.7,65.0,1374.2481707988982,3,0
2010-08-12 13:00:00,1515.6,66.0,1386.808479338843,3,0
2010-08-12 14:00:00,1521.3,67.0,1398.9020220385673,3,0
2010-08-12 15:00:00,1518.1,67.0,1396.6970523415976,3,0
2010-08-12 16:00:00,1492.0,65.0,1409.657526170799,3,0
2010-08-12 17:00:00,1452.8000000000002,63.0,1404.2521157024794,3,0
2010-08-12 18:00:00,1486.3000000000002,62.0,1422.5268374655643,3,0
2010-08-12 19:00:00,1502.1,60.0,1414.012358126722,3,0
2010-08-12 20:00:00,1411.3,60.0,1347.5709586776861,3,0
2010-08-12 21:00:00,1350.1,60.0,1247.4410909090911,3,0
2010-08-12 22:00:00,789.5,59.0,883.4682809917354,3,0
2010-08-12 23:00:00,611.9,59.0,762.9086666666667,3,0
2010-08-13 00:00:00,563.9,59.0,748.6197851239672,4,0
2010-08-13 01:00:00,505.6,60.0,738.2059449035814,4,0
2010-08-13 02:00:00,607.7,60.0,785.2897465564738,4,0
2010-08-13 03:00:00,737.9,60.0,847.1736584022042,4,0
2010-08-13 04:00:00,731.0,60.0,843.6557741046836,4,0
2010-08-13 05:00:00,703.8,59.0,810.8413719008266,4,0
2010-08-13 06:00:00,807.7,59.0,880.3014820936639,4,0
2010-08-13 07:00:00,1229.1,60.0,1186.538,4,0
2010-08-13 08:00:00,1268.6000000000001,61.0,1213.9299889807162,4,0
2010-08-13 09:00:00,1340.8,63.0,1258.8783691460053,4,0
2010-08-13 10:00:00,1393.0000000000002,64.0,1313.5353994490358,4,0
2010-08-13 11:00:00,1471.3000000000002,65.0,1356.528920110193,4,0
2010-08-13 12:00:00,1524.0,63.0,1385.7321707988983,4,0
2010-08-13 13:00:00,1550.8000000000002,65.0,1398.3044793388428,4,0
2010-08-13 14:00:00,1503.9,64.0,1412.2420220385675,4,0
2010-08-13 15:00:00,1522.5,64.0,1411.7930523415976,4,0
2010-08-13 16:00:00,1476.0,65.0,1426.117526170799,4,0
2010-08-13 17:00:00,1419.6,64.0,1423.0561157024795,4,0
2010-08-13 18:00:00,1499.6,62.0,1440.762837465565,4,0
2010-08-13 19:00:00,1529.0,60.0,1431.220358126722,4,0
2010-08-13 20:00:00,1382.4,60.0,1363.806958677686,4,0
2010-08-13 21:00:00,1344.5,60.0,1261.4410909090907,4,0
2010-08-13 22:00:00,815.9000000000001,59.0,897.9642809917357,4,0
2010-08-13 23:00:00,627.7,60.0,778.5526666666667,4,0
2010-08-14 00:00:00,548.1,60.0,762.5877851239673,5,0
2010-08-14 01:00:00,531.2,60.0,754.0819449035812,5,0
2010-08-14 02:00:00,647.4000000000001,60.0,804.4777465564741,5,0
2010-08-14 03:00:00,776.9000000000001,59.0,868.1456584022039,5,0
2010-08-14 04:00:00,779.1,59.0,865.9557741046833,5,0
2010-08-14 05:00:00,764.7,58.0,836.5653719008263,5,0
2010-08-14 06:00:00,813.6,60.0,909.2654820936643,5,0
2010-08-14 07:00:00,1211.6999999999998,61.0,1214.4460000000001,5,0
2010-08-14 08:00:00,1277.2,62.0,1241.8779889807167,5,0
2010-08-14 09:00:00,1334.3999999999999,62.0,1287.6383691460055,5,0
2010-08-14 10:00:00,1442.5,65.0,1343.331399449036,5,0
2010-08-14 11:00:00,1488.5000000000002,67.0,1385.064920110193,5,0
2010-08-14 12:00:00,1550.1,66.0,1413.472170798898,5,0
2010-08-14 13:00:00,1645.7999999999997,65.0,1426.232479338843,5,0
2010-08-14 14:00:00,1621.8999999999999,65.0,1437.4820220385677,5,0
2010-08-14 15:00:00,1549.6999999999998,64.0,1433.5010523415976,5,0
2010-08-14 16:00:00,1513.6,64.0,1444.1055261707988,5,0
2010-08-14 17:00:00,1489.2,62.0,1436.8041157024795,5,0
2010-08-14 18:00:00,1547.3999999999999,62.0,1451.994837465565,5,0
2010-08-14 19:00:00,1515.9,60.0,1440.0003581267215,5,0
2010-08-14 20:00:00,1410.3,60.0,1372.1229586776858,5,0
2010-08-14 21:00:00,1335.9,59.0,1269.3810909090907,5,0
2010-08-14 22:00:00,836.1999999999999,59.0,904.7682809917358,5,0
2010-08-14 23:00:00,622.6,58.0,782.6846666666665,5,0
2010-08-15 00:00:00,544.0,58.0,767.463785123967,6,0
2010-08-15 01:00:00,520.1,58.0,758.1859449035815,6,0
2010-08-15 02:00:00,605.8000000000001,58.0,804.7377465564739,6,0
2010-08-15 03:00:00,728.3000000000001,57.0,865.5976584022039,6,0
2010-08-15 04:00:00,725.1,59.0,863.1517741046835,6,0
2010-08-15 05:00:00,706.8,59.0,832.0133719008267,6,0
2010-08-15 06:00:00,811.5999999999999,59.0,899.8054820936641,6,0
2010-08-15 07:00:00,1156.3,59.0,1201.522,6,0
2010-08-15 08:00:00,1248.2,61.0,1228.8299889807167,6,0
2010-08-15 09:00:00,1333.6,64.0,1253.5663691460056,6,0
2010-08-15 10:00:00,1407.6999999999998,65.0,1302.663399449036,6,0
2010-08-15 11:00:00,1471.2000000000003,67.0,1341.6249201101932,6,0
2010-08-15 12:00:00,1585.9,65.0,1371.7401707988981,6,0
2010-08-15 13:00:00,1652.6,66.0,1385.612479338843,6,0
2010-08-15 14:00:00,1620.8000000000002,67.0,1399.2940220385676,6,0
2010-08-15 15:00:00,1597.5,66.0,1398.4690523415977,6,0
2010-08-15 16:00:00,1534.4,66.0,1412.177526170799,6,0
2010-08-15 17:00:00,1483.1000000000001,65.0,1407.2881157024794,6,0
2010-08-15 18:00:00,1494.3,64.0,1424.6228374655648,6,0
2010-08-15 19:00:00,1477.1,61.0,1416.1723581267213,6,0
2010-08-15 20:00:00,1394.1,61.0,1351.922958677686,6,0
2010-08-15 21:00:00,838.2,60.0,1251.6330909090914,6,0
2010-08-15 22:00:00,662.6999999999999,60.0,888.5242809917356,6,0
2010-08-15 23:00:00,573.6,59.0,770.3446666666671,6,0
2010-08-16 00:00:00,581.6,59.0,758.6117851239669,0,0
2010-08-16 01:00:00,543.8,59.0,748.8859449035813,0,0
2010-08-16 02:00:00,655.5,61.0,796.5617465564742,0,0
2010-08-16 03:00:00,765.6,60.0,858.481658402204,0,0
2010-08-16 04:00:00,754.1,60.0,856.3917741046835,0,0
2010-08-16 05:00:00,713.1,59.0,826.6093719008264,0,0
2010-08-16 06:00:00,807.3000000000001,58.0,897.1094820936639,0,0
2010-08-16 07:00:00,1242.9,61.0,1204.39,0,0
2010-08-16 08:00:00,1283.5,64.0,1236.2819889807165,0,0
2010-08-16 09:00:00,1365.8999999999999,65.0,1284.6223691460057,0,0
2010-08-16 10:00:00,1444.5,65.0,1360.523399449036,0,0
2010-08-16 11:00:00,1534.0,66.0,1410.592920110193,0,0
2010-08-16 12:00:00,1655.8000000000002,68.0,1444.2121707988983,0,0
2010-08-16 13:00:00,1677.2,67.0,1458.7524793388434,0,0
2010-08-16 14:00:00,1655.7,66.0,1473.3140220385676,0,0
2010-08-16 15:00:00,1622.9,67.0,1471.865052341598,0,0
2010-08-16 16:00:00,1591.1,69.0,1486.9615261707988,0,0
2010-08-16 17:00:00,1537.7999999999997,66.0,1482.1081157024796,0,0
2010-08-16 18:00:00,1555.9,65.0,1502.8668374655645,0,0
2010-08-16 19:00:00,1563.1,63.0,1497.0163581267218,0,0
2010-08-16 20:00:00,1469.9,63.0,1434.306958677686,0,0
2010-08-16 21:00:00,1412.1,63.0,1334.7330909090908,0,0
2010-08-16 22:00:00,835.1,63.0,975.8762809917355,0,0
2010-08-16 23:00:00,677.8,65.0,861.7926666666667,0,0
2010-08-17 00:00:00,620.2,65.0,850.2037851239672,1,0
2010-08-17 01:00:00,598.1,66.0,840.4419449035813,1,0
2010-08-17 02:00:00,701.2,64.0,893.4217465564741,1,0
2010-08-17 03:00:00,799.7,65.0,960.7296584022038,1,0
2010-08-17 04:00:00,826.0999999999999,63.0,963.5637741046833,1,0
2010-08-17 05:00:00,743.0,63.0,933.5853719008268,1,0
2010-08-17 06:00:00,899.2,64.0,1004.5934820936643,1,0
2010-08-17 07:00:00,1303.6,67.0,1312.378,1,0
2010-08-17 08:00:00,1408.6,70.0,1343.1539889807166,1,0
2010-08-17 09:00:00,1419.1,72.0,1390.3663691460054,1,0
2010-08-17 10:00:00,1583.1,73.0,1443.743399449036,1,0
2010-08-17 11:00:00,1673.2,75.0,1487.036920110193,1,0
2010-08-17 12:00:00,1722.1999999999998,78.0,1516.7401707988981,1,0
2010-08-17 13:00:00,1746.2,77.0,1531.848479338843,1,0
2010-08-17 14:00:00,1812.9,76.0,1544.9660220385676,1,0
2010-08-17 15:00:00,1792.5,75.0,1543.5210523415979,1,0
2010-08-17 16:00:00,1739.6000000000001,75.0,1558.497526170799,1,0
2010-08-17 17:00:00,1589.6000000000001,75.0,1555.3401157024796,1,0
2010-08-17 18:00:00,1623.3,72.0,1576.7868374655645,1,0
2010-08-17 19:00:00,1637.3,68.0,1570.868358126722,1,0
2010-08-17 20:00:00,1528.0,66.0,1506.4509586776862,1,0
2010-08-17 21:00:00,1459.7,66.0,1406.0770909090907,1,0
2010-08-17 22:00:00,845.9000000000001,65.0,1047.864280991736,1,0
2010-08-17 23:00:00,680.8,66.0,930.1326666666669,1,0
2010-08-18 00:00:00,626.5,65.0,915.8757851239668,2,0
2010-08-18 01:00:00,650.9,67.0,906.2699449035811,2,0
2010-08-18 02:00:00,719.4000000000001,65.0,955.6457465564738,2,0
2010-08-18 03:00:00,845.5,65.0,1016.5616584022039,2,0
2010-08-18 04:00:00,857.2,65.0,1012.9997741046832,2,0
2010-08-18 05:00:00,857.3999999999999,65.0,979.1813719008265,2,0
2010-08-18 06:00:00,946.3,65.0,1051.165482093664,2,0
2010-08-18 07:00:00,1393.8000000000002,66.0,1358.13,2,0
2010-08-18 08:00:00,1426.6,72.0,1386.9179889807165,2,0
2010-08-18 09:00:00,1524.2,79.0,1432.1783691460057,2,0
2010-08-18 10:00:00,1652.4,80.0,1483.6473994490364,2,0
2010-08-18 11:00:00,1720.6,80.0,1525.7369201101928,2,0
2010-08-18 12:00:00,1794.7,81.0,1554.6201707988982,2,0
2010-08-18 13:00:00,1816.5,80.0,1570.2284793388433,2,0
2010-08-18 14:00:00,1791.8,80.0,1582.2260220385679,2,0
2010-08-18 15:00:00,1789.9,77.0,1580.7410523415983,2,0
2010-08-18 16:00:00,1749.3,77.0,1593.3055261707989,2,0
2010-08-18 17:00:00,1642.1000000000001,73.0,1587.5361157024795,2,0
2010-08-18 18:00:00,1699.4999999999998,72.0,1604.7428374655647,2,0
2010-08-18 19:00:00,1684.1999999999998,69.0,1597.228358126722,2,0
2010-08-18 20:00:00,1552.5,67.0,1531.1069586776862,2,0
2010-08-18 21:00:00,1469.0,67.0,1429.885090909091,2,0
2010-08-18 22:00:00,845.8,67.0,1067.7842809917352,2,0
2010-08-18 23:00:00,661.5,66.0,947.1246666666668,2,0
2010-08-19 00:00:00,609.0,66.0,930.279785123967,3,0
2010-08-19 01:00:00,669.7,65.0,916.4579449035814,3,0
2010-08-19 02:00:00,744.2,65.0,962.6897465564739,3,0
2010-08-19 03:00:00,862.6999999999999,65.0,1023.3816584022038,3,0
2010-08-19 04:00:00,842.7,65.0,1019.1357741046834,3,0
2010-08-19 05:00:00,823.2,64.0,983.5333719008266,3,0
2010-08-19 06:00:00,954.6999999999999,67.0,1051.6974820936641,3,0
2010-08-19 07:00:00,1401.0,70.0,1353.7740000000003,3,0
2010-08-19 08:00:00,1474.1999999999998,73.0,1381.3099889807163,3,0
2010-08-19 09:00:00,1520.9999999999998,72.0,1424.2503691460054,3,0
2010-08-19 10:00:00,1660.3000000000002,73.0,1471.655399449036,3,0
2010-08-19 11:00:00,1716.6999999999998,76.0,1511.2409201101927,3,0
2010-08-19 12:00:00,1777.4,76.0,1538.5401707988983,3,0
2010-08-19 13:00:00,1783.6,74.0,1551.3004793388432,3,0
2010-08-19 14:00:00,1783.5,72.0,1562.6660220385675,3,0
2010-08-19 15:00:00,1763.1999999999998,72.0,1557.7530523415978,3,0
2010-08-19 16:00:00,1729.6,73.0,1568.465526170799,3,0
2010-08-19 17:00:00,1607.2,69.0,1560.5001157024794,3,0
2010-08-19 18:00:00,1656.5,66.0,1575.3988374655646,3,0
2010-08-19 19:00:00,1638.2,64.0,1564.248358126722,3,0
2010-08-19 20:00:00,1568.1,63.0,1494.1109586776856,3,0
2010-08-19 21:00:00,1435.5,63.0,1387.5890909090908,3,0
2010-08-19 22:00:00,753.5,62.0,1020.9402809917356,3,0
2010-08-19 23:00:00,598.8,62.0,897.7166666666669,3,0
2010-08-20 00:00:00,550.0999999999999,61.0,879.5517851239672,4,0
2010-08-20 01:00:00,581.0,63.0,865.5459449035811,4,0
2010-08-20 02:00:00,747.2,62.0,912.6857465564742,4,0
2010-08-20 03:00:00,801.8,61.0,972.353658402204,4,0
2010-08-20 04:00:00,813.6,62.0,967.139774104683,4,0
2010-08-20 05:00:00,753.8,61.0,929.7173719008264,4,0
2010-08-20 06:00:00,862.8,61.0,996.8854820936642,4,0
2010-08-20 07:00:00,1318.5,63.0,1297.7499999999998,4,0
2010-08-20 08:00:00,1381.0,66.0,1323.2219889807166,4,0
2010-08-20 09:00:00,1436.1,70.0,1363.8463691460054,4,0
2010-08-20 10:00:00,1543.4,70.0,1411.9673994490358,4,0
2010-08-20 11:00:00,1660.5,70.0,1454.3169201101928,4,0
2010-08-20 12:00:00,1740.5,75.0,1483.9121707988982,4,0
2010-08-20 13:00:00,1761.7,73.0,1497.804479338843,4,0
2010-08-20 14:00:00,1773.3000000000002,74.0,1511.5860220385675,4,0
2010-08-20 15:00:00,1729.3,75.0,1505.105052341598,4,0
2010-08-20 16:00:00,1678.7000000000003,68.0,1517.0295261707988,4,0
2010-08-20 17:00:00,1542.0,66.0,1509.4721157024792,4,0
2010-08-20 18:00:00,1596.6999999999998,65.0,1525.954837465565,4,0
2010-08-20 19:00:00,1564.9,63.0,1517.5643581267213,4,0
2010-08-20 20:00:00,1470.5,63.0,1450.326958677686,4,0
2010-08-20 21:00:00,1393.1999999999998,62.0,1348.1850909090906,4,0
2010-08-20 22:00:00,737.9,62.0,985.4722809917357,4,0
2010-08-20 23:00:00,575.6,62.0,867.7446666666663,4,0
2010-08-21 00:00:00,544.8,60.0,851.819785123967,5,0
2010-08-21 01:00:00,550.4,60.0,840.1939449035813,5,0
2010-08-21 02:00:00,718.9,60.0,887.5497465564738,5,0
2010-08-21 03:00:00,765.6,60.0,946.3496584022039,5,0
2010-08-21 04:00:00,783.0,59.0,940.0317741046833,5,0
2010-08-21 05:00:00,734.8999999999999,59.0,905.8733719008263,5,0
2010-08-21 06:00:00,833.0,61.0,975.1214820936639,5,0
2010-08-21 07:00:00,1295.6,63.0,1279.27,5,0
2010-08-21 08:00:00,1371.0,65.0,1308.1899889807162,5,0
2010-08-21 09:00:00,1452.4,69.0,1353.9463691460055,5,0
2010-08-21 10:00:00,1556.8999999999999,72.0,1406.043399449036,5,0
2010-08-21 11:00:00,1681.0,72.0,1450.232920110193,5,0
2010-08-21 12:00:00,1740.3,71.0,1480.9681707988982,5,0
2010-08-21 13:00:00,1784.3000000000002,72.0,1496.5204793388432,5,0
2010-08-21 14:00:00,1756.8,70.0,1513.2540220385677,5,0
2010-08-21 15:00:00,1697.4,70.0,1510.3370523415979,5,0
2010-08-21 16:00:00,1617.2,70.0,1525.897526170799,5,0
2010-08-21 17:00:00,1572.7,69.0,1520.8521157024798,5,0
2010-08-21 18:00:00,1583.5,65.0,1540.938837465565,5,0
2010-08-21 19:00:00,1587.2,63.0,1534.8363581267215,5,0
2010-08-21 20:00:00,1483.4,63.0,1469.2349586776859,5,0
2010-08-21 21:00:00,1423.9,64.0,1367.749090909091,5,0
2010-08-21 22:00:00,794.9999999999999,63.0,1005.5282809917358,5,0
2010-08-21 23:00:00,606.0,63.0,887.1166666666666,5,0
2010-08-22 00:00:00,550.1,62.0,872.0357851239671,6,0
2010-08-22 01:00:00,586.6,63.0,859.9459449035814,6,0
2010-08-22 02:00:00,762.0999999999999,62.0,908.5217465564738,6,0
2010-08-22 03:00:00,826.4,62.0,969.8496584022039,6,0
2010-08-22 04:00:00,837.7,62.0,967.5517741046831,6,0
2010-08-22 05:00:00,767.1,60.0,937.6413719008264,6,0
2010-08-22 06:00:00,904.2,61.0,1008.2454820936641,6,0
2010-08-22 07:00:00,1323.0,67.0,1311.1260000000002,6,0
2010-08-22 08:00:00,1389.0,70.0,1339.9939889807163,6,0
2010-08-22 09:00:00,1458.8,73.0,1358.4423691460056,6,0
2010-08-22 10:00:00,1585.5,73.0,1402.087399449036,6,0
2010-08-22 11:00:00,1677.3999999999999,75.0,1440.8969201101927,6,0
2010-08-22 12:00:00,1781.9,74.0,1470.3721707988982,6,0
2010-08-22 13:00:00,1772.5,76.0,1484.0804793388431,6,0
2010-08-22 14:00:00,1809.9,72.0,1497.2900220385673,6,0
2010-08-22 15:00:00,1744.1,70.0,1490.4050523415979,6,0
2010-08-22 16:00:00,1685.7999999999997,71.0,1501.1335261707986,6,0
2010-08-22 17:00:00,1617.4,70.0,1492.5001157024794,6,0
2010-08-22 18:00:00,1648.1,66.0,1509.610837465565,6,0
2010-08-22 19:00:00,1542.3,64.0,1500.1443581267215,6,0
2010-08-22 20:00:00,1504.3999999999999,63.0,1431.998958677686,6,0
2010-08-22 21:00:00,754.0999999999999,63.0,1331.033090909091,6,0
2010-08-22 22:00:00,614.4000000000001,63.0,968.1362809917355,6,0
2010-08-22 23:00:00,528.5999999999999,61.0,848.5886666666665,6,0
2010-08-23 00:00:00,549.0,61.0,833.0877851239673,0,0
2010-08-23 01:00:00,545.8,60.0,821.4779449035814,0,0
2010-08-23 02:00:00,710.2,62.0,871.7457465564742,0,0
2010-08-23 03:00:00,770.4,60.0,933.1296584022041,0,0
2010-08-23 04:00:00,777.7,59.0,930.8557741046834,0,0
2010-08-23 05:00:00,732.1,59.0,899.1173719008265,0,0
2010-08-23 06:00:00,862.0,60.0,970.1894820936643,0,0
2010-08-23 07:00:00,1310.1000000000001,66.0,1274.9460000000001,0,0
2010-08-23 08:00:00,1352.8,71.0,1307.9299889807164,0,0
2010-08-23 09:00:00,1489.8,75.0,1352.7143691460055,0,0
2010-08-23 10:00:00,1575.0,81.0,1428.4953994490354,0,0
2010-08-23 11:00:00,1677.6,82.0,1477.160920110193,0,0
2010-08-23 12:00:00,1767.8,76.0,1509.8561707988981,0,0
2010-08-23 13:00:00,1826.1000000000001,78.0,1526.052479338843,0,0
2010-08-23 14:00:00,1840.3999999999999,76.0,1541.7900220385677,0,0
2010-08-23 15:00:00,1798.6000000000001,75.0,1538.1610523415977,0,0
2010-08-23 16:00:00,1733.1000000000001,77.0,1551.2975261707988,0,0
2010-08-23 17:00:00,1640.3,74.0,1545.772115702479,0,0
2010-08-23 18:00:00,1704.5,70.0,1565.0348374655646,0,0
2010-08-23 19:00:00,1653.8,66.0,1558.5843581267216,0,0
2010-08-23 20:00:00,1562.4,66.0,1493.770958677686,0,0
2010-08-23 21:00:00,1433.5,66.0,1395.4690909090907,0,0
2010-08-23 22:00:00,748.0,65.0,1035.0002809917357,0,0
2010-08-23 23:00:00,594.4,66.0,918.1566666666663,0,0
2010-08-24 00:00:00,552.1,65.0,903.9317851239668,1,0
2010-08-24 01:00:00,606.9,65.0,893.4659449035812,1,0
2010-08-24 02:00:00,732.6,63.0,940.7857465564741,1,0
2010-08-24 03:00:00,799.9000000000001,63.0,1000.8416584022038,1,0
2010-08-24 04:00:00,781.9000000000001,63.0,996.9357741046833,1,0
2010-08-24 05:00:00,749.8,64.0,963.1893719008264,1,0
2010-08-24 06:00:00,880.8000000000001,65.0,1034.177482093664,1,0
2010-08-24 07:00:00,1343.3,66.0,1338.7819999999997,1,0
2010-08-24 08:00:00,1423.1999999999998,70.0,1367.8899889807162,1,0
2010-08-24 09:00:00,1520.1999999999998,74.0,1412.8823691460054,1,0
2010-08-24 10:00:00,1666.7,77.0,1462.231399449036,1,0
2010-08-24 11:00:00,1734.7,76.0,1506.0729201101929,1,0
2010-08-24 12:00:00,1799.9,77.0,1537.1281707988983,1,0
2010-08-24 13:00:00,1840.6,77.0,1555.844479338843,1,0
2010-08-24 14:00:00,1820.3000000000002,75.0,1571.0180220385673,1,0
2010-08-24 15:00:00,1795.9,75.0,1569.2850523415977,1,0
2010-08-24 16:00:00,1746.8,73.0,1584.7775261707989,1,0
2010-08-24 17:00:00,1637.4,70.0,1581.4521157024792,1,0
2010-08-24 18:00:00,1725.3000000000002,69.0,1603.3908374655648,1,0
2010-08-24 19:00:00,1706.4,67.0,1599.2123581267217,1,0
2010-08-24 20:00:00,1577.0,66.0,1534.0069586776858,1,0
2010-08-24 21:00:00,1496.7,65.0,1433.821090909091,1,0
2010-08-24 22:00:00,766.6,65.0,1070.8122809917359,1,0
2010-08-24 23:00:00,607.4,66.0,949.6566666666665,1,0
2010-08-25 00:00:00,576.9000000000001,66.0,931.0077851239669,2,0
2010-08-25 01:00:00,673.0,65.0,902.0179449035813,2,0
2010-08-25 02:00:00,779.5999999999999,64.0,934.4617465564738,2,0
2010-08-25 03:00:00,869.7,64.0,996.0376584022038,2,0
2010-08-25 04:00:00,870.3,64.0,992.4877741046835,2,0
2010-08-25 05:00:00,809.0,64.0,959.8493719008267,2,0
2010-08-25 06:00:00,965.4000000000001,63.0,1031.7854820936639,2,0
2010-08-25 07:00:00,1418.9,65.0,1334.858,2,0
2010-08-25 08:00:00,1446.6000000000001,67.0,1361.9179889807165,2,0
2010-08-25 09:00:00,1543.5,70.0,1405.4463691460055,2,0
2010-08-25 10:00:00,1633.6000000000001,73.0,1451.9193994490358,2,0
2010-08-25 11:00:00,1718.6,73.0,1494.844920110193,2,0
2010-08-25 12:00:00,1746.4,72.0,1528.2681707988986,2,0
2010-08-25 13:00:00,1409.6,73.0,1546.1404793388433,2,0
2010-08-25 14:00:00,1462.9,71.0,1558.0980220385677,2,0
2010-08-25 15:00:00,1813.8000000000002,70.0,1553.3890523415976,2,0
2010-08-25 16:00:00,1753.0,68.0,1565.7815261707992,2,0
2010-08-25 17:00:00,1678.8,67.0,1558.6361157024794,2,0
2010-08-25 18:00:00,1746.1,66.0,1576.2708374655645,2,0
2010-08-25 19:00:00,1688.9,64.0,1567.256358126722,2,0
2010-08-25 20:00:00,1578.4,64.0,1498.8709586776863,2,0
2010-08-25 21:00:00,1474.6999999999998,63.0,1397.1530909090911,2,0
2010-08-25 22:00:00,757.9,63.0,1033.2242809917357,2,0
2010-08-25 23:00:00,603.0999999999999,62.0,912.9046666666668,2,0
2010-08-26 00:00:00,649.1,63.0,894.1117851239671,3,0
2010-08-26 01:00:00,676.7,63.0,879.8699449035817,3,0
2010-08-26 02:00:00,765.3,63.0,940.9057465564742,3,0
2010-08-26 03:00:00,842.3,63.0,1012.737658402204,3,0
2010-08-26 04:00:00,862.5999999999999,63.0,1004.6317741046832,3,0
2010-08-26 05:00:00,801.9,61.0,968.0213719008267,3,0
2010-08-26 06:00:00,917.0,62.0,1033.917482093664,3,0
2010-08-26 07:00:00,1382.6000000000001,64.0,1333.0859999999998,3,0
2010-08-26 08:00:00,1442.7,67.0,1358.2899889807165,3,0
2010-08-26 09:00:00,1528.6,66.0,1400.746369146006,3,0
2010-08-26 10:00:00,1633.9,70.0,1447.627399449036,3,0
2010-08-26 11:00:00,1706.4,69.0,1490.7329201101932,3,0
2010-08-26 12:00:00,1726.7,69.0,1520.9561707988983,3,0
2010-08-26 13:00:00,1724.8,68.0,1533.1844793388427,3,0
2010-08-26 14:00:00,1746.6999999999998,68.0,1543.5380220385673,3,0
2010-08-26 15:00:00,1712.8000000000002,66.0,1537.701052341598,3,0
2010-08-26 16:00:00,1657.0,67.0,1549.1335261707989,3,0
2010-08-26 17:00:00,1585.7,65.0,1541.0161157024795,3,0
2010-08-26 18:00:00,1636.5,63.0,1556.4948374655646,3,0
2010-08-26 19:00:00,1612.1,62.0,1547.0403581267215,3,0
2010-08-26 20:00:00,1514.5,61.0,1477.402958677686,3,0
2010-08-26 21:00:00,1449.3,61.0,1372.6570909090908,3,0
2010-08-26 22:00:00,746.0999999999999,62.0,1005.2402809917355,3,0
2010-08-26 23:00:00,598.9000000000001,61.0,880.4246666666666,3,0
2010-08-27 00:00:00,564.8,62.0,857.6237851239671,4,0
2010-08-27 01:00:00,607.8,62.0,841.6819449035813,4,0
2010-08-27 02:00:00,728.9000000000001,62.0,884.6297465564737,4,0
2010-08-27 03:00:00,799.8,62.0,941.1096584022039,4,0
2010-08-27 04:00:00,811.2,61.0,933.3117741046831,4,0
2010-08-27 05:00:00,769.9,60.0,896.9093719008266,4,0
2010-08-27 06:00:00,856.0,60.0,965.2734820936639,4,0
2010-08-27 07:00:00,1323.1999999999998,59.0,1266.6500000000003,4,0
2010-08-27 08:00:00,1375.1,61.0,1292.745988980716,4,0
2010-08-27 09:00:00,1449.0,62.0,1334.4183691460055,4,0
2010-08-27 10:00:00,1531.8000000000002,65.0,1383.0313994490361,4,0
2010-08-27 11:00:00,1594.3000000000002,66.0,1427.552920110193,4,0
2010-08-27 12:00:00,1614.2999999999997,66.0,1458.344170798898,4,0
2010-08-27 13:00:00,1662.6,68.0,1471.824479338843,4,0
2010-08-27 14:00:00,1609.7,64.0,1484.2980220385675,4,0
2010-08-27 15:00:00,1612.8,64.0,1479.9330523415979,4,0
2010-08-27 16:00:00,1563.6999999999998,63.0,1493.465526170799,4,0
2010-08-27 17:00:00,1494.9,62.0,1488.3121157024793,4,0
2010-08-27 18:00:00,1605.1,61.0,1505.5308374655647,4,0
2010-08-27 19:00:00,1557.6999999999998,60.0,1495.9643581267217,4,0
2010-08-27 20:00:00,1460.0,59.0,1424.3509586776859,4,0
2010-08-27 21:00:00,1365.8,59.0,1316.4930909090908,4,0
2010-08-27 22:00:00,764.0,61.0,946.2042809917352,4,0
2010-08-27 23:00:00,622.5,62.0,819.5406666666665,4,0
2010-08-28 00:00:00,574.8,62.0,795.3437851239669,5,0
2010-08-28 01:00:00,554.8,62.0,777.0539449035814,5,0
2010-08-28 02:00:00,713.0,62.0,818.6577465564737,5,0
2010-08-28 03:00:00,800.1999999999999,63.0,875.9736584022039,5,0
2010-08-28 04:00:00,821.2,63.0,868.3837741046837,5,0
2010-08-28 05:00:00,792.6,63.0,831.8373719008267,5,0
2010-08-28 06:00:00,867.5,63.0,900.9374820936639,5,0
2010-08-28 07:00:00,1259.4,63.0,1201.07,5,0
2010-08-28 08:00:00,1266.3000000000002,64.0,1227.6099889807163,5,0
2010-08-28 09:00:00,1303.6000000000001,63.0,1270.0943691460054,5,0
2010-08-28 10:00:00,1380.4,64.0,1320.7993994490357,5,0
2010-08-28 11:00:00,1446.0,66.0,1362.8489201101931,5,0
2010-08-28 12:00:00,1467.3,68.0,1391.3841707988981,5,0
2010-08-28 13:00:00,1491.5,68.0,1403.256479338843,5,0
2010-08-28 14:00:00,1513.8999999999999,68.0,1416.6060220385675,5,0
2010-08-28 15:00:00,1496.7,67.0,1411.3810523415978,5,0
2010-08-28 16:00:00,1468.9,65.0,1422.6415261707987,5,0
2010-08-28 17:00:00,1398.0,64.0,1413.3841157024794,5,0
2010-08-28 18:00:00,1532.7000000000003,62.0,1426.5428374655648,5,0
2010-08-28 19:00:00,1495.1999999999998,61.0,1415.296358126722,5,0
2010-08-28 20:00:00,1416.7,60.0,1345.7909586776864,5,0
2010-08-28 21:00:00,1331.6000000000001,59.0,1241.8330909090907,5,0
2010-08-28 22:00:00,732.8,58.0,876.9282809917354,5,0
2010-08-28 23:00:00,578.5999999999999,60.0,754.3166666666668,5,0
2010-08-29 00:00:00,542.0,59.0,734.4677851239671,6,0
2010-08-29 01:00:00,524.6,60.0,722.4179449035812,6,0
2010-08-29 02:00:00,681.9000000000001,60.0,771.397746556474,6,0
2010-08-29 03:00:00,762.8,61.0,832.3896584022038,6,0
2010-08-29 04:00:00,764.8,62.0,829.027774104683,6,0
2010-08-29 05:00:00,700.0,62.0,797.3293719008265,6,0
2010-08-29 06:00:00,788.7,63.0,869.3894820936641,6,0
2010-08-29 07:00:00,1228.8999999999999,63.0,1169.9460000000001,6,0
2010-08-29 08:00:00,1255.2,64.0,1197.5379889807164,6,0
2010-08-29 09:00:00,1292.3000000000002,65.0,1218.0823691460057,6,0
2010-08-29 10:00:00,1369.6,67.0,1264.4953994490359,6,0
2010-08-29 11:00:00,1395.9,68.0,1305.3489201101931,6,0
2010-08-29 12:00:00,1427.6999999999998,68.0,1335.5081707988977,6,0
2010-08-29 13:00:00,1500.5,67.0,1351.112479338843,6,0
2010-08-29 14:00:00,1527.2,68.0,1366.7860220385678,6,0
2010-08-29 15:00:00,1492.8,66.0,1363.7410523415977,6,0
2010-08-29 16:00:00,1458.4999999999998,65.0,1376.6735261707988,6,0
2010-08-29 17:00:00,1424.4,64.0,1369.864115702479,6,0
2010-08-29 18:00:00,1509.8,63.0,1387.0388374655645,6,0
2010-08-29 19:00:00,1433.3999999999999,60.0,1376.8683581267217,6,0
2010-08-29 20:00:00,1380.5,62.0,1307.022958677686,6,0
2010-08-29 21:00:00,739.8,62.0,1203.8490909090908,6,0
2010-08-29 22:00:00,591.3,60.0,838.6642809917357,6,0
2010-08-29 23:00:00,517.5,58.0,717.1246666666668,6,0
2010-08-30 00:00:00,538.7,58.0,700.163785123967,0,0
2010-08-30 01:00:00,585.1,57.0,685.993944903581,0,0
2010-08-30 02:00:00,709.8,56.0,730.8857465564736,0,0
2010-08-30 03:00:00,786.2,56.0,789.7136584022035,0,0
2010-08-30 04:00:00,769.2,55.0,783.9677741046833,0,0
2010-08-30 05:00:00,704.8,55.0,750.9933719008264,0,0
2010-08-30 06:00:00,796.4999999999999,56.0,822.413482093664,0,0
2010-08-30 07:00:00,1177.0,61.0,1123.926,0,0
2010-08-30 08:00:00,1216.1999999999998,64.0,1153.7539889807163,0,0
2010-08-30 09:00:00,1300.8000000000002,66.0,1198.6783691460055,0,0
2010-08-30 10:00:00,1351.3000000000002,68.0,1275.475399449036,0,0
2010-08-30 11:00:00,1411.9,67.0,1324.8769201101932,0,0
2010-08-30 12:00:00,1449.8,68.0,1357.4881707988982,0,0
2010-08-30 13:00:00,1407.9,67.0,1370.1044793388432,0,0
2010-08-30 14:00:00,1434.0,67.0,1380.6300220385674,0,0
2010-08-30 15:00:00,1452.0,66.0,1374.7250523415976,0,0
2010-08-30 16:00:00,1395.0,65.0,1386.073526170799,0,0
2010-08-30 17:00:00,1382.1,64.0,1379.4001157024795,0,0
2010-08-30 18:00:00,1520.2,62.0,1396.6828374655647,0,0
2010-08-30 19:00:00,1434.4,61.0,1386.9723581267212,0,0
2010-08-30 20:00:00,1374.6,61.0,1320.5829586776863,0,0
2010-08-30 21:00:00,1313.1,61.0,1221.817090909091,0,0
2010-08-30 22:00:00,759.1,60.0,859.3322809917356,0,0
2010-08-30 23:00:00,589.7,60.0,741.272666666667,0,0
2010-08-31 00:00:00,538.9,60.0,726.0077851239669,1,0
2010-08-31 01:00:00,507.1,58.0,716.8739449035811,1,0
2010-08-31 02:00:00,641.6,58.0,771.273746556474,1,0
2010-08-31 03:00:00,742.5999999999999,59.0,837.701658402204,1,0
2010-08-31 04:00:00,753.0,59.0,838.0877741046831,1,0
2010-08-31 05:00:00,712.5999999999999,57.0,810.5693719008267,1,0
2010-08-31 06:00:00,804.0,57.0,885.7054820936639,1,0
2010-08-31 07:00:00,1196.3,63.0,1190.81,1,0
2010-08-31 08:00:00,1250.7,66.0,1222.7459889807164,1,0
2010-08-31 09:00:00,1372.0,69.0,1269.9503691460056,1,0
2010-08-31 10:00:00,1427.3000000000002,69.0,1322.6153994490357,1,0
2010-08-31 11:00:00,1480.6000000000001,70.0,1365.2689201101928,1,0
2010-08-31 12:00:00,1508.2,70.0,1395.3841707988981,1,0
2010-08-31 13:00:00,1555.9,71.0,1409.0084793388435,1,0
2010-08-31 14:00:00,1579.1,71.0,1423.7020220385675,1,0
2010-08-31 15:00:00,1548.8000000000002,69.0,1421.0450523415977,1,0
2010-08-31 16:00:00,1507.5,69.0,1434.389526170799,1,0
2010-08-31 17:00:00,1455.0,66.0,1425.844115702479,1,0
2010-08-31 18:00:00,1570.8000000000002,64.0,1444.1748374655645,1,0
2010-08-31 19:00:00,1534.6,62.0,1435.9203581267218,1,0
2010-08-31 20:00:00,1428.3000000000002,62.0,1370.7189586776863,1,0
2010-08-31 21:00:00,1364.2,62.0,1271.4090909090908,1,0
2010-08-31 22:00:00,729.1,61.0,907.4282809917354,1,0
2010-08-31 23:00:00,588.8,60.0,787.1246666666666,1,0
2010-09-01 00:00:00,548.7,58.0,772.3077851239673,2,0
2010-09-01 01:00:00,532.5,58.0,761.3219449035814,2,0
2010-09-01 02:00:00,667.8,58.0,810.1577465564737,2,0
2010-09-01 03:00:00,755.5999999999999,58.0,868.9136584022037,2,0
2010-09-01 04:00:00,759.3000000000001,57.0,865.5797741046831,2,0
2010-09-01 05:00:00,649.5999999999999,57.0,833.1173719008267,2,0
2010-09-01 06:00:00,838.0,57.0,904.153482093664,2,0
2010-09-01 07:00:00,1240.2,57.0,1205.694,2,0
2010-09-01 08:00:00,1299.7,59.0,1233.1379889807165,2,0
2010-09-01 09:00:00,1392.9,63.0,1278.0663691460056,2,0
2010-09-01 10:00:00,1461.1,64.0,1330.1273994490357,2,0
2010-09-01 11:00:00,1500.5,64.0,1374.036920110193,2,0
2010-09-01 12:00:00,1588.1000000000001,66.0,1404.3641707988984,2,0
2010-09-01 13:00:00,1568.0,65.0,1417.144479338843,2,0
2010-09-01 14:00:00,1588.0000000000002,64.0,1430.8740220385675,2,0
2010-09-01 15:00:00,1502.1,64.0,1426.9650523415978,2,0
2010-09-01 16:00:00,1511.3,62.0,1439.1895261707987,2,0
2010-09-01 17:00:00,1443.9,61.0,1433.1881157024795,2,0
2010-09-01 18:00:00,1541.1999999999998,60.0,1451.8788374655646,2,0
2010-09-01 19:00:00,1496.1,60.0,1441.7163581267216,2,0
2010-09-01 20:00:00,1416.2000000000003,60.0,1375.1629586776858,2,0
2010-09-01 21:00:00,1361.0,58.0,1273.5050909090905,2,0
2010-09-01 22:00:00,765.1,58.0,909.2922809917359,2,0
2010-09-01 23:00:00,590.2,58.0,790.0206666666668,2,0
2010-09-02 00:00:00,553.1,59.0,774.9877851239669,3,0
2010-09-02 01:00:00,521.2,59.0,761.273944903581,3,0
2010-09-02 02:00:00,669.0999999999999,58.0,811.7697465564738,3,0
2010-09-02 03:00:00,750.5,57.0,873.3696584022036,3,0
2010-09-02 04:00:00,744.3,57.0,873.7517741046831,3,0
2010-09-02 05:00:00,719.5,57.0,842.8333719008264,3,0
2010-09-02 06:00:00,784.0,56.0,915.7254820936639,3,0
2010-09-02 07:00:00,1226.5,56.0,1220.9940000000001,3,0
2010-09-02 08:00:00,1309.8,57.0,1251.0099889807163,3,0
2010-09-02 09:00:00,1383.1999999999998,60.0,1297.2903691460053,3,0
2010-09-02 10:00:00,1476.2,63.0,1350.2033994490362,3,0
2010-09-02 11:00:00,1560.1,65.0,1393.452920110193,3,0
2010-09-02 12:00:00,1602.6,64.0,1424.056170798898,3,0
2010-09-02 13:00:00,1579.7,63.0,1437.1764793388431,3,0
2010-09-02 14:00:00,1641.6,63.0,1451.0380220385678,3,0
2010-09-02 15:00:00,1582.1,63.0,1447.1730523415981,3,0
2010-09-02 16:00:00,1557.5,61.0,1459.637526170799,3,0
2010-09-02 17:00:00,1486.3000000000002,62.0,1453.7201157024792,3,0
2010-09-02 18:00:00,1576.5,61.0,1469.1988374655648,3,0
2010-09-02 19:00:00,1559.6999999999998,61.0,1461.6003581267219,3,0
2010-09-02 20:00:00,1442.0,60.0,1395.6589586776863,3,0
2010-09-02 21:00:00,1382.6999999999998,59.0,1293.7370909090907,3,0
2010-09-02 22:00:00,783.2,57.0,930.0002809917355,3,0
2010-09-02 23:00:00,609.7,58.0,808.8686666666665,3,0
2010-09-03 00:00:00,561.4,58.0,790.675785123967,4,0
2010-09-03 01:00:00,534.1,58.0,776.8099449035815,4,0
2010-09-03 02:00:00,661.0999999999999,57.0,824.9937465564738,4,0
2010-09-03 03:00:00,752.9,57.0,885.5656584022038,4,0
2010-09-03 04:00:00,745.2,56.0,882.4157741046834,4,0
2010-09-03 05:00:00,706.6,56.0,850.2453719008264,4,0
2010-09-03 06:00:00,773.6,56.0,922.9174820936641,4,0
2010-09-03 07:00:00,1236.6,56.0,1226.0900000000001,4,0
2010-09-03 08:00:00,1311.4,56.0,1253.7379889807164,4,0
2010-09-03 09:00:00,1386.7,61.0,1299.3463691460054,4,0
2010-09-03 10:00:00,1478.4,62.0,1352.2273994490358,4,0
2010-09-03 11:00:00,1528.6999999999998,63.0,1396.076920110193,4,0
2010-09-03 12:00:00,1583.1999999999998,63.0,1425.796170798898,4,0
2010-09-03 13:00:00,1590.4,68.0,1438.2604793388432,4,0
2010-09-03 14:00:00,1595.5,67.0,1452.5980220385673,4,0
2010-09-03 15:00:00,1610.0,67.0,1451.7810523415976,4,0
2010-09-03 16:00:00,1549.2,67.0,1465.9495261707991,4,0
2010-09-03 17:00:00,1501.2,65.0,1462.9641157024798,4,0
2010-09-03 18:00:00,1613.4,63.0,1482.2748374655648,4,0
2010-09-03 19:00:00,1542.6,61.0,1476.2563581267223,4,0
2010-09-03 20:00:00,1446.3999999999999,61.0,1411.6389586776859,4,0
2010-09-03 21:00:00,1391.6999999999998,61.0,1311.5130909090908,4,0
2010-09-03 22:00:00,804.0999999999999,62.0,950.6202809917354,4,0
2010-09-03 23:00:00,642.8,60.0,833.2486666666671,4,0
2010-09-04 00:00:00,558.8,59.0,822.9197851239669,5,0
2010-09-04 01:00:00,526.0,56.0,815.8539449035811,5,0
2010-09-04 02:00:00,685.9,56.0,870.1817465564741,5,0
2010-09-04 03:00:00,821.1,56.0,937.257658402204,5,0
2010-09-04 04:00:00,790.2,56.0,935.5597741046829,5,0
2010-09-04 05:00:00,780.8,55.0,905.6053719008261,5,0
2010-09-04 06:00:00,856.5,55.0,977.7494820936643,5,0
2010-09-04 07:00:00,1265.7,56.0,1280.9219999999998,5,0
2010-09-04 08:00:00,1354.6,63.0,1311.9619889807163,5,0
2010-09-04 09:00:00,1433.1999999999998,70.0,1357.7983691460058,5,0
2010-09-04 10:00:00,1553.0,66.0,1410.3033994490356,5,0
2010-09-04 11:00:00,1624.9,71.0,1452.644920110193,5,0
2010-09-04 12:00:00,1748.4,72.0,1481.7641707988985,5,0
2010-09-04 13:00:00,1741.0,73.0,1495.6044793388432,5,0
2010-09-04 14:00:00,1759.8,70.0,1510.5980220385673,5,0
2010-09-04 15:00:00,1726.5,69.0,1508.557052341598,5,0
2010-09-04 16:00:00,1613.4,69.0,1520.5215261707988,5,0
2010-09-04 17:00:00,1548.3,67.0,1513.6321157024795,5,0
2010-09-04 18:00:00,1615.1,62.0,1526.846837465565,5,0
2010-09-04 19:00:00,1579.5,61.0,1517.0243581267218,5,0
2010-09-04 20:00:00,1514.1,60.0,1448.9109586776863,5,0
2010-09-04 21:00:00,1401.8,60.0,1344.121090909091,5,0
2010-09-04 22:00:00,803.6999999999999,59.0,977.2922809917354,5,0
2010-09-04 23:00:00,626.0,59.0,851.9206666666662,5,0
2010-09-05 00:00:00,576.9,58.0,831.2037851239668,6,0
2010-09-05 01:00:00,557.8,58.0,813.2019449035811,6,0
2010-09-05 02:00:00,694.1999999999999,58.0,857.4977465564739,6,0
2010-09-05 03:00:00,815.3,58.0,913.1216584022038,6,0
2010-09-05 04:00:00,803.3000000000001,58.0,904.6837741046836,6,0
2010-09-05 05:00:00,728.2,58.0,868.4133719008265,6,0
2010-09-05 06:00:00,778.3000000000001,58.0,935.5054820936637,6,0
2010-09-05 07:00:00,1253.5,59.0,1234.0620000000001,6,0
2010-09-05 08:00:00,1296.3,59.0,1260.3899889807162,6,0
2010-09-05 09:00:00,1359.8,60.0,1280.3583691460055,6,0
2010-09-05 10:00:00,1451.1,63.0,1326.343399449036,6,0
2010-09-05 11:00:00,1499.5,67.0,1366.5329201101931,6,0
2010-09-05 12:00:00,1584.8999999999999,66.0,1396.5641707988977,6,0
2010-09-05 13:00:00,1632.8000000000002,66.0,1409.092479338843,6,0
2010-09-05 14:00:00,1659.6000000000001,65.0,1422.8860220385673,6,0
2010-09-05 15:00:00,1604.5,65.0,1419.4650523415978,6,0
2010-09-05 16:00:00,1561.3999999999999,63.0,1431.1095261707987,6,0
2010-09-05 17:00:00,1454.6,61.0,1425.4761157024795,6,0
2010-09-05 18:00:00,1535.9,61.0,1441.6228374655648,6,0
2010-09-05 19:00:00,1465.8,59.0,1435.9123581267213,6,0
2010-09-05 20:00:00,1433.1999999999998,60.0,1366.342958677686,6,0
2010-09-05 21:00:00,822.8,61.0,1262.3490909090908,6,0
2010-09-05 22:00:00,650.8,63.0,896.4442809917355,6,0
2010-09-05 23:00:00,571.8,62.0,771.9086666666667,6,0
2010-09-06 00:00:00,582.9000000000001,62.0,753.799785123967,0,0
2010-09-06 01:00:00,543.1,62.0,737.6339449035816,0,0
2010-09-06 02:00:00,696.0,62.0,782.693746556474,0,0
2010-09-06 03:00:00,789.1,63.0,838.1696584022038,0,0
2010-09-06 04:00:00,789.5000000000001,62.0,831.6997741046835,0,0
2010-09-06 05:00:00,772.6999999999999,62.0,794.9733719008265,0,0
2010-09-06 06:00:00,799.0,62.0,867.3174820936638,0,0
2010-09-06 07:00:00,1278.1,62.0,1169.6780000000003,0,0
2010-09-06 08:00:00,1247.6999999999998,62.0,1198.6019889807162,0,0
2010-09-06 09:00:00,1321.4,63.0,1242.8303691460053,0,0
2010-09-06 10:00:00,1400.7999999999997,66.0,1318.163399449036,0,0
2010-09-06 11:00:00,1418.5,68.0,1365.9649201101927,0,0
2010-09-06 12:00:00,1524.7,71.0,1397.9041707988983,0,0
2010-09-06 13:00:00,1515.1999999999998,69.0,1411.368479338843,0,0
2010-09-06 14:00:00,1570.5,68.0,1423.530022038567,0,0
2010-09-06 15:00:00,1500.6,67.0,1419.297052341598,0,0
2010-09-06 16:00:00,1488.6000000000001,68.0,1431.053526170799,0,0
2010-09-06 17:00:00,1391.2,66.0,1424.6281157024791,0,0
2010-09-06 18:00:00,1573.5,64.0,1437.994837465565,0,0
2010-09-06 19:00:00,1481.6999999999998,64.0,1428.2883581267217,0,0
2010-09-06 20:00:00,1384.3999999999999,63.0,1357.942958677686,0,0
2010-09-06 21:00:00,1348.4,63.0,1252.9770909090912,0,0
2010-09-06 22:00:00,805.5,64.0,884.5722809917356,0,0
2010-09-06 23:00:00,609.2,63.0,756.9446666666668,0,0
2010-09-07 00:00:00,576.4000000000001,64.0,733.8957851239672,1,0
2010-09-07 01:00:00,572.5,63.0,713.4699449035811,1,0
2010-09-07 02:00:00,640.5,63.0,755.4377465564739,1,0
2010-09-07 03:00:00,770.6,63.0,808.3296584022039,1,0
2010-09-07 04:00:00,766.0999999999999,63.0,800.9877741046832,1,0
2010-09-07 05:00:00,739.1,63.0,765.6933719008265,1,0
2010-09-07 06:00:00,774.0,63.0,837.713482093664,1,0
2010-09-07 07:00:00,1198.9,63.0,1136.0540000000003,1,0
2010-09-07 08:00:00,1252.9,63.0,1162.4659889807167,1,0
2010-09-07 09:00:00,1248.5,64.0,1205.7783691460058,1,0
2010-09-07 10:00:00,1299.9,63.0,1259.9833994490357,1,0
2010-09-07 11:00:00,1290.8999999999999,62.0,1302.4409201101932,1,0
2010-09-07 12:00:00,1320.2,64.0,1333.2881707988981,1,0
2010-09-07 13:00:00,1348.5,66.0,1345.8644793388432,1,0
2010-09-07 14:00:00,1375.6,66.0,1356.3100220385677,1,0
2010-09-07 15:00:00,1346.9,65.0,1355.9490523415977,1,0
2010-09-07 16:00:00,1362.9,65.0,1370.3375261707988,1,0
2010-09-07 17:00:00,1354.2,65.0,1365.6601157024797,1,0
2010-09-07 18:00:00,1502.0,65.0,1383.474837465565,1,0
2010-09-07 19:00:00,1418.8,64.0,1375.4003581267218,1,0
2010-09-07 20:00:00,1337.5,63.0,1307.4869586776858,1,0
2010-09-07 21:00:00,1276.6999999999998,63.0,1201.985090909091,1,0
2010-09-07 22:00:00,802.8999999999999,62.0,835.6162809917357,1,0
2010-09-07 23:00:00,630.3,62.0,712.7726666666665,1,0
2010-09-08 00:00:00,586.5,62.0,695.8517851239671,2,0
2010-09-08 01:00:00,543.8000000000001,63.0,682.1779449035816,2,0
2010-09-08 02:00:00,627.0,63.0,728.3537465564739,2,0
2010-09-08 03:00:00,811.9000000000001,63.0,788.0496584022039,2,0
2010-09-08 04:00:00,813.4000000000001,63.0,785.3597741046831,2,0
2010-09-08 05:00:00,759.4,63.0,753.0933719008266,2,0
2010-09-08 06:00:00,851.5999999999999,63.0,824.4414820936638,2,0
2010-09-08 07:00:00,1214.6999999999998,64.0,1125.6020000000003,2,0
2010-09-08 08:00:00,1234.5,64.0,1153.6539889807163,2,0
2010-09-08 09:00:00,1240.3,65.0,1199.1503691460057,2,0
2010-09-08 10:00:00,1277.8999999999999,65.0,1261.1233994490362,2,0
2010-09-08 11:00:00,1309.6,65.0,1315.968920110193,2,0
2010-09-08 12:00:00,1345.8,65.0,1358.936170798898,2,0
2010-09-08 13:00:00,1312.8000000000002,64.0,1384.6724793388432,2,0
2010-09-08 14:00:00,1314.1,65.0,1408.8140220385676,2,0
2010-09-08 15:00:00,1322.1,64.0,1415.701052341598,2,0
2010-09-08 16:00:00,1325.5,64.0,1436.089526170799,2,0
2010-09-08 17:00:00,1304.2,63.0,1437.6441157024797,2,0
2010-09-08 18:00:00,1448.1999999999998,63.0,1462.8748374655643,2,0
2010-09-08 19:00:00,1417.8,63.0,1450.7763581267218,2,0
2010-09-08 20:00:00,1315.6000000000001,62.0,1383.422958677686,2,0
2010-09-08 21:00:00,1284.4,62.0,1280.3050909090912,2,0
2010-09-08 22:00:00,925.4,62.0,917.1562809917357,2,0
2010-09-08 23:00:00,937.4,61.0,797.4166666666665,2,0
2010-09-09 00:00:00,910.5999999999999,60.0,782.9357851239668,3,0
2010-09-09 01:00:00,882.9,60.0,771.677944903581,3,0
2010-09-09 02:00:00,940.7,60.0,823.1617465564741,3,0
2010-09-09 03:00:00,979.6,60.0,890.0296584022037,3,0
2010-09-09 04:00:00,1004.6999999999999,60.0,891.8517741046835,3,0
2010-09-09 05:00:00,962.5,60.0,863.0173719008268,3,0
2010-09-09 06:00:00,1057.3,61.0,939.7734820936639,3,0
2010-09-09 07:00:00,1191.7,61.0,1245.3900000000003,3,0
2010-09-09 08:00:00,1264.3000000000002,62.0,1275.0699889807165,3,0
2010-09-09 09:00:00,1281.5,64.0,1321.8503691460055,3,0
2010-09-09 10:00:00,1350.2,66.0,1387.9993994490358,3,0
2010-09-09 11:00:00,1365.2,66.0,1438.1449201101927,3,0
2010-09-09 12:00:00,1425.5000000000002,68.0,1469.6201707988985,3,0
2010-09-09 13:00:00,1398.8,69.0,1485.4284793388433,3,0
2010-09-09 14:00:00,1411.1,68.0,1498.4060220385677,3,0
2010-09-09 15:00:00,1439.9,68.0,1494.8810523415978,3,0
2010-09-09 16:00:00,1413.5,67.0,1509.9935261707992,3,0
2010-09-09 17:00:00,1352.6,65.0,1505.3241157024795,3,0
2010-09-09 18:00:00,1533.4,63.0,1521.7188374655652,3,0
2010-09-09 19:00:00,1475.4,62.0,1502.468358126722,3,0
2010-09-09 20:00:00,1355.3,62.0,1434.994958677686,3,0
2010-09-09 21:00:00,1294.6000000000001,61.0,1331.473090909091,3,0
2010-09-09 22:00:00,1037.5,61.0,966.9602809917358,3,0
2010-09-09 23:00:00,942.4,59.0,847.4726666666666,3,0
2010-09-10 00:00:00,930.4000000000001,59.0,832.663785123967,4,0
2010-09-10 01:00:00,958.8,57.0,820.6819449035816,4,0
2010-09-10 02:00:00,1000.6999999999999,56.0,871.8257465564741,4,0
2010-09-10 03:00:00,1033.0,56.0,936.449658402204,4,0
2010-09-10 04:00:00,1040.5,56.0,934.4437741046834,4,0
2010-09-10 05:00:00,998.2,56.0,903.9973719008264,4,0
2010-09-10 06:00:00,1039.5,55.0,979.5854820936643,4,0
2010-09-10 07:00:00,1218.6,61.0,1282.9180000000001,4,0
2010-09-10 08:00:00,1238.3,63.0,1312.3339889807162,4,0
2010-09-10 09:00:00,1301.1999999999998,65.0,1358.394369146006,4,0
2010-09-10 10:00:00,1357.3,67.0,1413.4873994490358,4,0
2010-09-10 11:00:00,1443.8000000000002,67.0,1444.9569201101933,4,0
2010-09-10 12:00:00,1472.9,69.0,1460.736170798898,4,0
2010-09-10 13:00:00,1460.4,67.0,1458.1364793388432,4,0
2010-09-10 14:00:00,1488.6000000000001,67.0,1452.4060220385677,4,0
2010-09-10 15:00:00,1480.8000000000002,66.0,1434.2410523415979,4,0
2010-09-10 16:00:00,1435.6000000000001,66.0,1436.457526170799,4,0
2010-09-10 17:00:00,1400.3000000000002,64.0,1418.8401157024791,4,0
2010-09-10 18:00:00,1552.6000000000001,63.0,1424.9748374655646,4,0
2010-09-10 19:00:00,1503.5,62.0,1404.1283581267217,4,0
2010-09-10 20:00:00,1406.3,61.0,1332.438958677686,4,0
2010-09-10 21:00:00,1316.3,61.0,1228.757090909091,4,0
2010-09-10 22:00:00,771.3,60.0,865.3722809917356,4,0
2010-09-10 23:00:00,587.6,60.0,745.3046666666667,4,0
2010-09-11 00:00:00,543.0,58.0,728.5277851239673,5,0
2010-09-11 01:00:00,518.4000000000001,59.0,716.3979449035812,5,0
2010-09-11 02:00:00,608.9000000000001,58.0,766.5737465564737,5,0
2010-09-11 03:00:00,727.0,58.0,828.3136584022043,5,0
2010-09-11 04:00:00,771.5,58.0,826.3677741046831,5,0
2010-09-11 05:00:00,710.3,58.0,795.3853719008263,5,0
2010-09-11 06:00:00,818.7,57.0,868.733482093664,5,0
2010-09-11 07:00:00,1160.9,58.0,1168.3860000000004,5,0
2010-09-11 08:00:00,1159.8000000000002,58.0,1194.9619889807161,5,0
2010-09-11 09:00:00,1271.2,60.0,1238.9823691460056,5,0
2010-09-11 10:00:00,1405.1999999999998,59.0,1293.7513994490362,5,0
2010-09-11 11:00:00,1436.4,61.0,1336.6649201101932,5,0
2010-09-11 12:00:00,1502.3000000000002,61.0,1366.796170798898,5,0
2010-09-11 13:00:00,1504.1,62.0,1379.9084793388429,5,0
2010-09-11 14:00:00,1526.0000000000002,62.0,1391.166022038568,5,0
2010-09-11 15:00:00,1486.2,62.0,1388.217052341598,5,0
2010-09-11 16:00:00,1478.0,60.0,1401.889526170799,5,0
2010-09-11 17:00:00,1409.0,59.0,1394.5881157024792,5,0
2010-09-11 18:00:00,1544.3000000000002,59.0,1409.8388374655647,5,0
2010-09-11 19:00:00,1430.7,58.0,1397.4003581267214,5,0
2010-09-11 20:00:00,1363.4,57.0,1329.730958677686,5,0
2010-09-11 21:00:00,1316.3000000000002,58.0,1229.4810909090909,5,0
2010-09-11 22:00:00,784.9000000000001,57.0,866.5082809917358,5,0
2010-09-11 23:00:00,607.5,57.0,744.7966666666666,5,0
2010-09-12 00:00:00,547.0,57.0,730.5877851239666,6,0
2010-09-12 01:00:00,523.8,57.0,718.5419449035815,6,0
2010-09-12 02:00:00,593.2,57.0,767.1977465564739,6,0
2010-09-12 03:00:00,715.6,57.0,827.9696584022042,6,0
2010-09-12 04:00:00,751.9,57.0,825.3917741046835,6,0
2010-09-12 05:00:00,699.2,56.0,793.9093719008273,6,0
2010-09-12 06:00:00,758.6999999999999,56.0,866.3254820936643,6,0
2010-09-12 07:00:00,1150.3000000000002,56.0,1166.762,6,0
2010-09-12 08:00:00,1202.6,57.0,1196.6779889807162,6,0
2010-09-12 09:00:00,1278.5,59.0,1223.0543691460055,6,0
2010-09-12 10:00:00,1385.5,60.0,1276.6593994490358,6,0
2010-09-12 11:00:00,1443.2,63.0,1321.268920110193,6,0
2010-09-12 12:00:00,1559.1000000000001,63.0,1354.9961707988984,6,0
2010-09-12 13:00:00,1535.6000000000001,63.0,1372.976479338843,6,0
2010-09-12 14:00:00,1531.6999999999998,64.0,1389.1660220385675,6,0
2010-09-12 15:00:00,1499.4,64.0,1391.3010523415978,6,0
2010-09-12 16:00:00,1467.6,63.0,1411.2295261707986,6,0
2010-09-12 17:00:00,1438.9,61.0,1411.1561157024794,6,0
2010-09-12 18:00:00,1529.6999999999998,60.0,1431.6988374655652,6,0
2010-09-12 19:00:00,1442.0,59.0,1423.620358126722,6,0
2010-09-12 20:00:00,1374.1,59.0,1359.2629586776857,6,0
2010-09-12 21:00:00,832.3,58.0,1258.4410909090907,6,0
2010-09-12 22:00:00,755.8,58.0,898.2002809917358,6,0
2010-09-12 23:00:00,663.5,58.0,778.8446666666669,6,0
2010-09-13 00:00:00,656.8,57.0,761.8637851239671,0,0
2010-09-13 01:00:00,649.5,57.0,746.1259449035813,0,0
2010-09-13 02:00:00,721.9,56.0,792.2417465564745,0,0
2010-09-13 03:00:00,827.0,57.0,852.8296584022037,0,0
2010-09-13 04:00:00,896.9000000000001,56.0,847.8197741046831,0,0
2010-09-13 05:00:00,860.3,57.0,815.4213719008268,0,0
2010-09-13 06:00:00,879.9000000000001,57.0,885.9894820936645,0,0
2010-09-13 07:00:00,1199.3000000000002,57.0,1187.3260000000002,0,0
2010-09-13 08:00:00,1274.8,58.0,1216.5259889807164,0,0
2010-09-13 09:00:00,1307.0,61.0,1261.3703691460057,0,0
2010-09-13 10:00:00,1461.1,63.0,1334.4793994490362,0,0
2010-09-13 11:00:00,1482.4,67.0,1379.552920110193,0,0
2010-09-13 12:00:00,1496.6,68.0,1409.0321707988983,0,0
2010-09-13 13:00:00,1500.1000000000001,66.0,1420.1244793388432,0,0
2010-09-13 14:00:00,1499.7000000000003,67.0,1433.2980220385675,0,0
2010-09-13 15:00:00,1500.5,67.0,1431.6090523415978,0,0
2010-09-13 16:00:00,1420.0,64.0,1445.029526170799,0,0
2010-09-13 17:00:00,1405.6,63.0,1436.1161157024794,0,0
2010-09-13 18:00:00,1513.3999999999999,61.0,1448.534837465565,0,0
2010-09-13 19:00:00,1449.9,60.0,1434.2403581267217,0,0
2010-09-13 20:00:00,1367.5,60.0,1366.6029586776858,0,0
2010-09-13 21:00:00,1304.6999999999998,58.0,1263.041090909091,0,0
2010-09-13 22:00:00,759.4000000000001,59.0,899.4322809917358,0,0
2010-09-13 23:00:00,646.0,58.0,776.7086666666669,0,0
2010-09-14 00:00:00,606.6,58.0,758.463785123967,1,0
2010-09-14 01:00:00,587.1,57.0,746.0139449035812,1,0
2010-09-14 02:00:00,772.2,57.0,793.6537465564738,1,0
2010-09-14 03:00:00,860.0999999999999,58.0,854.5416584022039,1,0
2010-09-14 04:00:00,845.5999999999999,57.0,850.091774104683,1,0
2010-09-14 05:00:00,784.3,57.0,819.3373719008265,1,0
2010-09-14 06:00:00,837.9,58.0,892.181482093664,1,0
2010-09-14 07:00:00,1165.1,57.0,1192.6820000000002,1,0
2010-09-14 08:00:00,1241.8,63.0,1221.6179889807163,1,0
2010-09-14 09:00:00,1310.7,68.0,1266.3223691460055,1,0
2010-09-14 10:00:00,1405.3999999999999,70.0,1319.0033994490361,1,0
2010-09-14 11:00:00,1473.8,67.0,1360.4169201101931,1,0
2010-09-14 12:00:00,1504.2,68.0,1386.980170798898,1,0
2010-09-14 13:00:00,1519.8,68.0,1398.756479338843,1,0
2010-09-14 14:00:00,1502.3,67.0,1410.5540220385674,1,0
2010-09-14 15:00:00,1476.0,68.0,1403.0730523415975,1,0
2010-09-14 16:00:00,1435.1,66.0,1411.3895261707992,1,0
2010-09-14 17:00:00,1399.1000000000001,65.0,1401.1441157024792,1,0
2010-09-14 18:00:00,1537.0,61.0,1413.3548374655647,1,0
2010-09-14 19:00:00,1412.6999999999998,59.0,1400.9323581267215,1,0
2010-09-14 20:00:00,1368.8,59.0,1333.2549586776859,1,0
2010-09-14 21:00:00,1294.6,59.0,1229.7370909090912,1,0
2010-09-14 22:00:00,721.0999999999999,58.0,865.8002809917355,1,0
2010-09-14 23:00:00,558.1,58.0,743.1526666666668,1,0
2010-09-15 00:00:00,516.2,56.0,722.6037851239671,2,0
2010-09-15 01:00:00,554.0,55.0,707.8379449035813,2,0
2010-09-15 02:00:00,675.4,56.0,753.405746556474,2,0
2010-09-15 03:00:00,765.5999999999999,55.0,812.4736584022039,2,0
2010-09-15 04:00:00,751.0999999999999,57.0,808.3237741046833,2,0
2010-09-15 05:00:00,699.7,57.0,778.7373719008268,2,0
2010-09-15 06:00:00,756.6999999999999,55.0,851.421482093664,2,0
2010-09-15 07:00:00,1169.9,56.0,1151.838,2,0
2010-09-15 08:00:00,1206.6,57.0,1182.2739889807162,2,0
2010-09-15 09:00:00,1278.8000000000002,59.0,1226.8983691460053,2,0
2010-09-15 10:00:00,1400.9,62.0,1280.2113994490358,2,0
2010-09-15 11:00:00,1420.0,62.0,1323.236920110193,2,0
2010-09-15 12:00:00,1438.0,63.0,1353.5761707988981,2,0
2010-09-15 13:00:00,1469.5,65.0,1367.036479338843,2,0
2010-09-15 14:00:00,1470.1999999999998,64.0,1378.8460220385673,2,0
2010-09-15 15:00:00,1433.1,62.0,1375.757052341598,2,0
2010-09-15 16:00:00,1418.1,62.0,1388.4135261707988,2,0
2010-09-15 17:00:00,1443.4,62.0,1382.3521157024793,2,0
2010-09-15 18:00:00,1526.5,60.0,1399.8428374655646,2,0
2010-09-15 19:00:00,1434.1999999999998,59.0,1390.8883581267219,2,0
2010-09-15 20:00:00,1369.1000000000001,59.0,1323.7349586776859,2,0
2010-09-15 21:00:00,1293.9,59.0,1222.9970909090907,2,0
2010-09-15 22:00:00,726.8,56.0,861.3562809917355,2,0
2010-09-15 23:00:00,560.0999999999999,58.0,740.2366666666665,2,0
2010-09-16 00:00:00,522.7,56.0,723.9477851239669,3,0
2010-09-16 01:00:00,505.70000000000005,55.0,712.3179449035813,3,0
2010-09-16 02:00:00,642.5999999999999,57.0,760.0857465564739,3,0
2010-09-16 03:00:00,778.5999999999999,56.0,821.5136584022039,3,0
2010-09-16 04:00:00,765.1,54.0,819.9117741046832,3,0
2010-09-16 05:00:00,709.8,57.0,790.3533719008266,3,0
2010-09-16 06:00:00,804.1,57.0,861.7094820936643,3,0
2010-09-16 07:00:00,1175.4,58.0,1164.8059999999998,3,0
2010-09-16 08:00:00,1224.5,62.0,1195.5899889807163,3,0
2010-09-16 09:00:00,1313.1000000000001,63.0,1241.482369146005,3,0
2010-09-16 10:00:00,1426.4,60.0,1295.2593994490355,3,0
2010-09-16 11:00:00,1453.6999999999998,64.0,1337.680920110193,3,0
2010-09-16 12:00:00,1490.7,63.0,1368.1961707988983,3,0
2010-09-16 13:00:00,1481.6999999999998,63.0,1381.960479338843,3,0
2010-09-16 14:00:00,1474.9,61.0,1394.6300220385674,3,0
2010-09-16 15:00:00,1460.0,61.0,1390.993052341598,3,0
2010-09-16 16:00:00,1438.8999999999999,61.0,1402.1135261707984,3,0
2010-09-16 17:00:00,1427.1,58.0,1395.956115702479,3,0
2010-09-16 18:00:00,1537.6,57.0,1412.5868374655647,3,0
2010-09-16 19:00:00,1490.6999999999998,57.0,1401.5003581267217,3,0
2010-09-16 20:00:00,1399.3000000000002,57.0,1334.694958677686,3,0
2010-09-16 21:00:00,1325.9,56.0,1232.8730909090907,3,0
2010-09-16 22:00:00,737.7,55.0,868.7842809917356,3,0
2010-09-16 23:00:00,550.7,55.0,744.624666666667,3,0
2010-09-17 00:00:00,529.0999999999999,55.0,726.3997851239671,4,0
2010-09-17 01:00:00,519.8000000000001,55.0,712.6819449035809,4,0
2010-09-17 02:00:00,615.8,54.0,761.5017465564738,4,0
2010-09-17 03:00:00,732.1,55.0,824.661658402204,4,0
2010-09-17 04:00:00,739.7,55.0,821.7357741046833,4,0
2010-09-17 05:00:00,721.4,54.0,792.0933719008264,4,0
2010-09-17 06:00:00,792.7,56.0,864.469482093664,4,0
2010-09-17 07:00:00,1169.5,58.0,1166.9660000000003,4,0
2010-09-17 08:00:00,1238.7,59.0,1195.7619889807163,4,0
2010-09-17 09:00:00,1303.9,64.0,1239.3583691460058,4,0
2010-09-17 10:00:00,1399.5,64.0,1293.1473994490364,4,0
2010-09-17 11:00:00,1403.2,63.0,1341.156920110193,4,0
2010-09-17 12:00:00,1476.0,64.0,1387.8321707988982,4,0
2010-09-17 13:00:00,1482.2,67.0,1419.4604793388432,4,0
2010-09-17 14:00:00,1513.4,66.0,1446.046022038568,4,0
2010-09-17 15:00:00,1508.0,63.0,1455.109052341598,4,0
2010-09-17 16:00:00,1432.7,63.0,1480.117526170799,4,0
2010-09-17 17:00:00,1445.8000000000002,62.0,1486.67211570248,4,0
2010-09-17 18:00:00,1546.8000000000002,59.0,1515.462837465565,4,0
2010-09-17 19:00:00,1486.8000000000002,58.0,1504.896358126722,4,0
2010-09-17 20:00:00,1406.1000000000001,58.0,1437.2629586776861,4,0
2010-09-17 21:00:00,1298.7,57.0,1332.273090909091,4,0
2010-09-17 22:00:00,770.0,56.0,968.1042809917353,4,0
2010-09-17 23:00:00,701.3,56.0,846.1766666666667,4,0
2010-09-18 00:00:00,923.7,56.0,831.9597851239671,5,0
2010-09-18 01:00:00,972.8,56.0,820.7619449035815,5,0
2010-09-18 02:00:00,977.8,56.0,872.2497465564738,5,0
2010-09-18 03:00:00,1022.8000000000001,56.0,933.1096584022041,5,0
2010-09-18 04:00:00,1040.4,57.0,928.7837741046833,5,0
2010-09-18 05:00:00,1013.8000000000001,57.0,899.7493719008263,5,0
2010-09-18 06:00:00,1108.3,57.0,970.5814820936641,5,0
2010-09-18 07:00:00,1171.1,58.0,1271.5340000000003,5,0
2010-09-18 08:00:00,1212.1,59.0,1299.2339889807163,5,0
2010-09-18 09:00:00,1238.8999999999999,63.0,1343.3983691460053,5,0
2010-09-18 10:00:00,1388.3000000000002,64.0,1398.8153994490358,5,0
2010-09-18 11:00:00,1432.1,65.0,1442.096920110193,5,0
2010-09-18 12:00:00,1525.7,63.0,1467.664170798898,5,0
2010-09-18 13:00:00,1530.5,65.0,1466.488479338843,5,0
2010-09-18 14:00:00,1580.6,63.0,1461.874022038567,5,0
2010-09-18 15:00:00,1489.0000000000002,61.0,1445.5050523415975,5,0
2010-09-18 16:00:00,1445.6999999999998,61.0,1446.8375261707988,5,0
2010-09-18 17:00:00,1454.7999999999997,59.0,1430.3241157024795,5,0
2010-09-18 18:00:00,1526.9,58.0,1433.558837465565,5,0
2010-09-18 19:00:00,1457.3999999999999,58.0,1408.9803581267215,5,0
2010-09-18 20:00:00,1374.8000000000002,58.0,1338.8389586776862,5,0
2010-09-18 21:00:00,1319.7,58.0,1237.5690909090908,5,0
2010-09-18 22:00:00,783.5,58.0,875.8242809917356,5,0
2010-09-18 23:00:00,615.3999999999999,58.0,755.368666666667,5,0
2010-09-19 00:00:00,546.5999999999999,58.0,739.3317851239669,6,0
2010-09-19 01:00:00,547.3,57.0,726.4539449035813,6,0
2010-09-19 02:00:00,650.8,57.0,774.473746556474,6,0
2010-09-19 03:00:00,749.0,54.0,833.1936584022042,6,0
2010-09-19 04:00:00,739.2,52.0,830.9597741046834,6,0
2010-09-19 05:00:00,737.8,52.0,803.0413719008264,6,0
2010-09-19 06:00:00,761.8,54.0,875.2814820936642,6,0
2010-09-19 07:00:00,1136.4,57.0,1176.2300000000002,6,0
2010-09-19 08:00:00,1151.0,57.0,1205.2899889807163,6,0
2010-09-19 09:00:00,1305.3000000000002,59.0,1231.2383691460059,6,0
2010-09-19 10:00:00,1383.9,61.0,1281.0553994490358,6,0
2010-09-19 11:00:00,1457.7,64.0,1321.9049201101932,6,0
2010-09-19 12:00:00,1509.1,65.0,1351.7401707988981,6,0
2010-09-19 13:00:00,1538.2,66.0,1365.040479338843,6,0
2010-09-19 14:00:00,1542.1999999999998,68.0,1376.6140220385678,6,0
2010-09-19 15:00:00,1502.6999999999998,66.0,1374.473052341598,6,0
2010-09-19 16:00:00,1479.0,67.0,1387.7815261707988,6,0
2010-09-19 17:00:00,1495.6999999999998,65.0,1384.6401157024793,6,0
2010-09-19 18:00:00,1571.1000000000001,62.0,1401.0268374655652,6,0
2010-09-19 19:00:00,1437.4,61.0,1393.7803581267217,6,0
2010-09-19 20:00:00,1379.4,60.0,1331.054958677686,6,0
2010-09-19 21:00:00,833.0,60.0,1233.9130909090907,6,0
2010-09-19 22:00:00,664.5,61.0,871.1122809917354,6,0
2010-09-19 23:00:00,568.1,61.0,751.7046666666663,6,0
2010-09-20 00:00:00,567.4,60.0,733.619785123967,0,0
2010-09-20 01:00:00,532.1,59.0,720.5379449035811,0,0
2010-09-20 02:00:00,630.0,59.0,767.8977465564737,0,0
2010-09-20 03:00:00,777.6999999999999,59.0,828.6496584022038,0,0
2010-09-20 04:00:00,764.8,59.0,826.2677741046834,0,0
2010-09-20 05:00:00,770.9000000000001,59.0,796.8253719008266,0,0
2010-09-20 06:00:00,814.6000000000001,57.0,867.6454820936638,0,0
2010-09-20 07:00:00,1223.1999999999998,62.0,1168.2540000000004,0,0
2010-09-20 08:00:00,1301.7,63.0,1198.8299889807163,0,0
2010-09-20 09:00:00,1347.4,64.0,1244.3783691460058,0,0
2010-09-20 10:00:00,1423.9,66.0,1319.2393994490362,0,0
2010-09-20 11:00:00,1479.5,65.0,1367.176920110193,0,0
2010-09-20 12:00:00,1483.5,67.0,1399.5521707988983,0,0
2010-09-20 13:00:00,1516.5,64.0,1413.384479338843,0,0
2010-09-20 14:00:00,1533.4,65.0,1425.7060220385679,0,0
2010-09-20 15:00:00,1515.1,64.0,1424.1890523415977,0,0
2010-09-20 16:00:00,1489.0,63.0,1437.1615261707989,0,0
2010-09-20 17:00:00,1490.9,61.0,1431.552115702479,0,0
2010-09-20 18:00:00,1576.5,59.0,1446.7388374655648,0,0
2010-09-20 19:00:00,1473.1,58.0,1435.9603581267213,0,0
2010-09-20 20:00:00,1397.2999999999997,58.0,1365.5629586776863,0,0
2010-09-20 21:00:00,1327.6,57.0,1259.181090909091,0,0
2010-09-20 22:00:00,803.9,57.0,889.4842809917352,0,0
2010-09-20 23:00:00,626.3,59.0,761.1286666666667,0,0
2010-09-21 00:00:00,583.6,60.0,735.1037851239671,1,0
2010-09-21 01:00:00,566.2,61.0,715.8339449035811,1,0
2010-09-21 02:00:00,633.5,61.0,757.0177465564741,1,0
2010-09-21 03:00:00,772.5,60.0,812.6576584022039,1,0
2010-09-21 04:00:00,785.0999999999999,60.0,804.0557741046837,1,0
2010-09-21 05:00:00,734.8000000000001,60.0,769.4613719008265,1,0
2010-09-21 06:00:00,817.7,60.0,836.4894820936638,1,0
2010-09-21 07:00:00,1187.7,61.0,1134.2740000000003,1,0
2010-09-21 08:00:00,1196.6999999999998,62.0,1161.625988980716,1,0
2010-09-21 09:00:00,1267.1,62.0,1205.2983691460056,1,0
2010-09-21 10:00:00,1293.6,64.0,1260.687399449036,1,0
2010-09-21 11:00:00,1295.8,64.0,1302.9049201101927,1,0
2010-09-21 12:00:00,1306.8000000000002,63.0,1332.472170798898,1,0
2010-09-21 13:00:00,1336.2,64.0,1344.7004793388433,1,0
2010-09-21 14:00:00,1357.3,65.0,1355.1940220385673,1,0
2010-09-21 15:00:00,1378.5,65.0,1352.7130523415979,1,0
2010-09-21 16:00:00,1345.9,65.0,1365.3855261707988,1,0
2010-09-21 17:00:00,1372.1000000000001,64.0,1359.4921157024792,1,0
2010-09-21 18:00:00,1476.8999999999999,62.0,1375.9228374655645,1,0
2010-09-21 19:00:00,1407.9,61.0,1365.7563581267218,1,0
2010-09-21 20:00:00,1352.4,62.0,1297.9709586776858,1,0
2010-09-21 21:00:00,1298.6,61.0,1197.4170909090908,1,0
2010-09-21 22:00:00,811.7,62.0,832.2682809917355,1,0
2010-09-21 23:00:00,622.7,61.0,709.828666666667,1,0
2010-09-22 00:00:00,571.5999999999999,62.0,691.695785123967,2,0
2010-09-22 01:00:00,542.3000000000001,61.0,679.5179449035811,2,0
2010-09-22 02:00:00,621.9,61.0,727.129746556474,2,0
2010-09-22 03:00:00,751.9,61.0,788.2096584022036,2,0
2010-09-22 04:00:00,772.4,61.0,784.8077741046834,2,0
2010-09-22 05:00:00,748.0,60.0,755.6453719008265,2,0
2010-09-22 06:00:00,812.7,60.0,825.913482093664,2,0
2010-09-22 07:00:00,1206.1,60.0,1126.594,2,0
2010-09-22 08:00:00,1226.5,62.0,1154.4979889807164,2,0
2010-09-22 09:00:00,1307.8000000000002,64.0,1198.810369146006,2,0
2010-09-22 10:00:00,1327.0,65.0,1254.8913994490356,2,0
2010-09-22 11:00:00,1313.4,66.0,1298.8689201101927,2,0
2010-09-22 12:00:00,1320.4,67.0,1328.7081707988982,2,0
2010-09-22 13:00:00,1336.8,68.0,1341.1524793388428,2,0
2010-09-22 14:00:00,1337.7,68.0,1352.1100220385674,2,0
2010-09-22 15:00:00,1338.4,67.0,1348.1290523415976,2,0
2010-09-22 16:00:00,1339.3,67.0,1359.0735261707987,2,0
2010-09-22 17:00:00,1364.8,65.0,1351.7921157024794,2,0
2010-09-22 18:00:00,1439.1000000000001,63.0,1365.674837465565,2,0
2010-09-22 19:00:00,1380.7,62.0,1353.2603581267217,2,0
2010-09-22 20:00:00,1301.0,60.0,1283.022958677686,2,0
2010-09-22 21:00:00,1269.6999999999998,58.0,1179.141090909091,2,0
2010-09-22 22:00:00,800.0,60.0,814.1322809917358,2,0
2010-09-22 23:00:00,674.5,57.0,694.6326666666666,2,0
2010-09-23 00:00:00,574.8000000000001,58.0,681.2837851239669,3,0
2010-09-23 01:00:00,535.6999999999999,57.0,673.9019449035811,3,0
2010-09-23 02:00:00,609.5999999999999,57.0,726.2577465564741,3,0
2010-09-23 03:00:00,702.8000000000001,54.0,791.9576584022038,3,0
2010-09-23 04:00:00,708.6000000000001,55.0,793.6837741046836,3,0
2010-09-23 05:00:00,700.6000000000001,55.0,767.0413719008267,3,0
2010-09-23 06:00:00,762.2,54.0,841.0054820936637,3,0
2010-09-23 07:00:00,1144.9,60.0,1146.97,3,0
2010-09-23 08:00:00,1183.6,64.0,1178.8259889807161,3,0
2010-09-23 09:00:00,1254.4,67.0,1226.8583691460055,3,0
2010-09-23 10:00:00,1371.1999999999998,70.0,1283.715399449036,3,0
2010-09-23 11:00:00,1420.3000000000002,70.0,1324.8809201101928,3,0
2010-09-23 12:00:00,1457.6000000000001,70.0,1351.496170798898,3,0
2010-09-23 13:00:00,1470.3,68.0,1363.236479338843,3,0
2010-09-23 14:00:00,1456.8999999999999,68.0,1375.6260220385675,3,0
2010-09-23 15:00:00,1434.3,67.0,1375.865052341598,3,0
2010-09-23 16:00:00,1427.4,67.0,1392.589526170799,3,0
2010-09-23 17:00:00,1421.2,65.0,1390.1601157024797,3,0
2010-09-23 18:00:00,1524.2,64.0,1408.1988374655648,3,0
2010-09-23 19:00:00,1475.0,63.0,1399.5443581267218,3,0
2010-09-23 20:00:00,1372.6,62.0,1335.514958677686,3,0
2010-09-23 21:00:00,1311.3000000000002,61.0,1237.9850909090912,3,0
2010-09-23 22:00:00,790.5,61.0,879.1402809917358,3,0
2010-09-23 23:00:00,592.5,61.0,763.2566666666667,3,0
2010-09-24 00:00:00,546.0,62.0,750.8357851239671,4,0
2010-09-24 01:00:00,521.3,59.0,745.9059449035813,4,0
2010-09-24 02:00:00,638.8,58.0,800.521746556474,4,0
2010-09-24 03:00:00,796.0,58.0,868.6576584022039,4,0
2010-09-24 04:00:00,804.0,57.0,872.5597741046836,4,0
2010-09-24 05:00:00,758.1,55.0,848.3373719008267,4,0
2010-09-24 06:00:00,818.7,57.0,925.4294820936639,4,0
2010-09-24 07:00:00,1188.4,63.0,1232.15,4,0
2010-09-24 08:00:00,1277.6,69.0,1265.7299889807164,4,0
2010-09-24 09:00:00,1370.3,72.0,1314.8343691460057,4,0
2010-09-24 10:00:00,1471.9,74.0,1372.023399449036,4,0
2010-09-24 11:00:00,1554.9,75.0,1415.140920110193,4,0
2010-09-24 12:00:00,1587.6999999999998,75.0,1446.6521707988982,4,0
2010-09-24 13:00:00,1668.8,76.0,1461.3164793388435,4,0
2010-09-24 14:00:00,1646.9,75.0,1474.8180220385675,4,0
2010-09-24 15:00:00,1614.4,76.0,1472.7050523415978,4,0
2010-09-24 16:00:00,1577.6999999999998,73.0,1484.853526170799,4,0
2010-09-24 17:00:00,1569.8,74.0,1478.5201157024794,4,0
2010-09-24 18:00:00,1658.8,71.0,1494.0708374655646,4,0
2010-09-24 19:00:00,1579.0,69.0,1486.7483581267218,4,0
2010-09-24 20:00:00,1510.0,68.0,1425.0509586776857,4,0
2010-09-24 21:00:00,1409.7,68.0,1327.4690909090907,4,0
2010-09-24 22:00:00,840.4000000000001,68.0,969.8402809917357,4,0
2010-09-24 23:00:00,631.8000000000001,67.0,854.9126666666671,4,0
2010-09-25 00:00:00,586.4000000000001,67.0,845.1517851239673,5,0
2010-09-25 01:00:00,565.6,66.0,841.1219449035816,5,0
2010-09-25 02:00:00,652.2,65.0,894.193746556474,5,0
2010-09-25 03:00:00,766.4000000000001,62.0,957.757658402204,5,0
2010-09-25 04:00:00,782.8,60.0,957.2717741046831,5,0
2010-09-25 05:00:00,755.9,61.0,928.8133719008264,5,0
2010-09-25 06:00:00,814.0,60.0,1001.4374820936639,5,0
2010-09-25 07:00:00,1278.2,65.0,1302.3779999999997,5,0
2010-09-25 08:00:00,1379.4,72.0,1331.5219889807165,5,0
2010-09-25 09:00:00,1463.0,77.0,1376.1543691460056,5,0
2010-09-25 10:00:00,1618.2,80.0,1427.2233994490357,5,0
2010-09-25 11:00:00,1679.5,85.0,1467.276920110193,5,0
2010-09-25 12:00:00,1788.8,84.0,1495.9361707988983,5,0
2010-09-25 13:00:00,1821.4,82.0,1508.6604793388428,5,0
2010-09-25 14:00:00,1806.8,79.0,1521.6300220385674,5,0
2010-09-25 15:00:00,1690.1,75.0,1519.877052341598,5,0
2010-09-25 16:00:00,1648.1,75.0,1533.7535261707988,5,0
2010-09-25 17:00:00,1614.1999999999998,73.0,1528.5081157024792,5,0
2010-09-25 18:00:00,1695.6999999999998,71.0,1547.5708374655646,5,0
2010-09-25 19:00:00,1569.1,70.0,1541.0883581267217,5,0
2010-09-25 20:00:00,1503.1,71.0,1475.170958677686,5,0
2010-09-25 21:00:00,1435.3000000000002,67.0,1372.8570909090909,5,0
2010-09-25 22:00:00,785.8,69.0,1010.7682809917358,5,0
2010-09-25 23:00:00,605.1,68.0,891.4046666666663,5,0
2010-09-26 00:00:00,554.4000000000001,68.0,878.991785123967,6,0
2010-09-26 01:00:00,557.5,65.0,870.4699449035809,6,0
2010-09-26 02:00:00,683.2,64.0,921.7577465564739,6,0
2010-09-26 03:00:00,788.8,63.0,986.3616584022038,6,0
2010-09-26 04:00:00,796.4000000000001,61.0,988.8717741046835,6,0
2010-09-26 05:00:00,761.9,61.0,963.6653719008265,6,0
2010-09-26 06:00:00,899.5999999999999,61.0,1037.4734820936637,6,0
2010-09-26 07:00:00,1294.5,68.0,1340.1180000000002,6,0
2010-09-26 08:00:00,1363.7,75.0,1371.3739889807164,6,0
2010-09-26 09:00:00,1446.5,81.0,1394.7383691460054,6,0
2010-09-26 10:00:00,1599.3999999999999,85.0,1444.0553994490358,6,0
2010-09-26 11:00:00,1714.9,87.0,1488.148920110193,6,0
2010-09-26 12:00:00,1847.1,85.0,1520.400170798898,6,0
2010-09-26 13:00:00,1910.2,86.0,1540.3884793388431,6,0
2010-09-26 14:00:00,1914.8,83.0,1559.4300220385676,6,0
2010-09-26 15:00:00,1876.0,85.0,1562.6810523415982,6,0
2010-09-26 16:00:00,1798.7,81.0,1582.837526170799,6,0
2010-09-26 17:00:00,1765.9,76.0,1583.1641157024796,6,0
2010-09-26 18:00:00,1769.6999999999998,73.0,1604.514837465565,6,0
2010-09-26 19:00:00,1648.6000000000001,72.0,1602.3523581267218,6,0
2010-09-26 20:00:00,1546.0,72.0,1543.0789586776864,6,0
2010-09-26 21:00:00,896.7,69.0,1448.801090909091,6,0
2010-09-26 22:00:00,767.5999999999999,70.0,1094.8562809917355,6,0
2010-09-26 23:00:00,651.5,73.0,984.0086666666666,6,0
2010-09-27 00:00:00,617.5,71.0,974.6317851239669,0,0
2010-09-27 01:00:00,707.0999999999999,74.0,966.2539449035814,0,0
2010-09-27 02:00:00,826.9,72.0,1015.1737465564738,0,0
2010-09-27 03:00:00,944.9,73.0,1077.1536584022044,0,0
2010-09-27 04:00:00,975.8000000000001,70.0,1074.7597741046836,0,0
2010-09-27 05:00:00,914.8,67.0,1047.177371900827,0,0
2010-09-27 06:00:00,962.8,68.0,1119.529482093664,0,0
2010-09-27 07:00:00,1488.1,80.0,1422.8619999999999,0,0
2010-09-27 08:00:00,1546.1000000000001,87.0,1454.2379889807162,0,0
2010-09-27 09:00:00,1631.6999999999998,96.0,1501.2823691460053,0,0
2010-09-27 10:00:00,1786.5,101.0,1575.8713994490358,0,0
2010-09-27 11:00:00,1909.0,95.0,1623.1449201101932,0,0
2010-09-27 12:00:00,1958.4,102.0,1655.7641707988985,0,0
2010-09-27 13:00:00,1972.1000000000001,101.0,1674.1524793388432,0,0
2010-09-27 14:00:00,1944.3999999999999,98.0,1685.0180220385673,0,0
2010-09-27 15:00:00,1918.4,96.0,1679.153052341598,0,0
2010-09-27 16:00:00,1862.0,92.0,1690.0935261707987,0,0
2010-09-27 17:00:00,1857.1,83.0,1682.84411570248,0,0
2010-09-27 18:00:00,1885.0,81.0,1695.9668374655648,0,0
2010-09-27 19:00:00,1739.8,80.0,1688.612358126722,0,0
2010-09-27 20:00:00,1628.5,79.0,1618.422958677686,0,0
2010-09-27 21:00:00,1531.6,79.0,1511.9330909090904,0,0
2010-09-27 22:00:00,860.8,79.0,1142.6162809917357,0,0
2010-09-27 23:00:00,712.8,78.0,1012.7486666666671,0,0
2010-09-28 00:00:00,673.1,75.0,985.6237851239671,1,0
2010-09-28 01:00:00,730.2,75.0,964.9379449035814,1,0
2010-09-28 02:00:00,772.1,76.0,1004.1257465564745,1,0
2010-09-28 03:00:00,860.7,73.0,1059.5376584022038,1,0
2010-09-28 04:00:00,901.5,73.0,1047.7917741046833,1,0
2010-09-28 05:00:00,904.8000000000001,76.0,1009.0413719008267,1,0
2010-09-28 06:00:00,910.0,76.0,1070.5614820936642,1,0
2010-09-28 07:00:00,1421.5,78.0,1364.5340000000006,1,0
2010-09-28 08:00:00,1466.8000000000002,81.0,1388.2219889807166,1,0
2010-09-28 09:00:00,1508.8,87.0,1429.2823691460057,1,0
2010-09-28 10:00:00,1587.4,87.0,1475.9073994490361,1,0
2010-09-28 11:00:00,1620.6,90.0,1516.4129201101932,1,0
2010-09-28 12:00:00,1708.7999999999997,90.0,1545.7201707988982,1,0
2010-09-28 13:00:00,1775.6999999999998,88.0,1557.6644793388432,1,0
2010-09-28 14:00:00,1763.0,88.0,1566.390022038568,1,0
2010-09-28 15:00:00,1783.8000000000002,84.0,1562.9290523415978,1,0
2010-09-28 16:00:00,1670.6,77.0,1574.9935261707988,1,0
2010-09-28 17:00:00,1641.2,75.0,1569.1961157024793,1,0
2010-09-28 18:00:00,1705.4,75.0,1583.166837465565,1,0
2010-09-28 19:00:00,1621.1000000000001,75.0,1577.1083581267217,1,0
2010-09-28 20:00:00,1527.5,74.0,1508.0429586776859,1,0
2010-09-28 21:00:00,1464.5,74.0,1402.5450909090907,1,0
2010-09-28 22:00:00,796.5999999999999,72.0,1034.5922809917358,1,0
2010-09-28 23:00:00,636.8,71.0,910.0726666666669,1,0
2010-09-29 00:00:00,651.6,70.0,891.647785123967,2,0
2010-09-29 01:00:00,624.7,69.0,876.6019449035812,2,0
2010-09-29 02:00:00,741.7,69.0,920.8537465564737,2,0
2010-09-29 03:00:00,865.9999999999999,69.0,979.1456584022037,2,0
2010-09-29 04:00:00,845.4,70.0,967.6557741046831,2,0
2010-09-29 05:00:00,866.8000000000001,69.0,935.3733719008263,2,0
2010-09-29 06:00:00,921.2,69.0,1004.633482093664,2,0
2010-09-29 07:00:00,1401.1,70.0,1305.9020000000003,2,0
2010-09-29 08:00:00,1428.3,73.0,1333.1859889807165,2,0
2010-09-29 09:00:00,1454.3,77.0,1377.6783691460057,2,0
2010-09-29 10:00:00,1498.6,83.0,1425.1793994490358,2,0
2010-09-29 11:00:00,1555.2,80.0,1466.9249201101932,2,0
2010-09-29 12:00:00,1637.9,77.0,1496.200170798898,2,0
2010-09-29 13:00:00,1667.1,80.0,1509.680479338843,2,0
2010-09-29 14:00:00,1693.1999999999998,80.0,1522.6980220385676,2,0
2010-09-29 15:00:00,1674.4,79.0,1519.7130523415976,2,0
2010-09-29 16:00:00,1542.4,76.0,1530.385526170799,2,0
2010-09-29 17:00:00,1611.5,73.0,1524.4081157024793,2,0
2010-09-29 18:00:00,1683.0,73.0,1538.3668374655645,2,0
2010-09-29 19:00:00,1623.9,69.0,1529.4163581267214,2,0
2010-09-29 20:00:00,1498.6999999999998,68.0,1460.4709586776862,2,0
2010-09-29 21:00:00,1449.2999999999997,67.0,1357.285090909091,2,0
2010-09-29 22:00:00,751.4000000000001,67.0,993.6642809917357,2,0
2010-09-29 23:00:00,603.6,67.0,875.6606666666669,2,0
2010-09-30 00:00:00,574.8,67.0,863.3517851239669,3,0
2010-09-30 01:00:00,641.6,66.0,852.0779449035813,3,0
2010-09-30 02:00:00,743.5,66.0,900.9577465564741,3,0
2010-09-30 03:00:00,847.5,65.0,962.2296584022038,3,0
2010-09-30 04:00:00,815.9000000000001,65.0,958.7957741046835,3,0
2010-09-30 05:00:00,806.1999999999999,65.0,933.9853719008269,3,0
2010-09-30 06:00:00,882.9000000000001,65.0,1005.8974820936639,3,0
2010-09-30 07:00:00,1340.0,66.0,1310.3739999999998,3,0
2010-09-30 08:00:00,1410.9,73.0,1341.8179889807166,3,0
2010-09-30 09:00:00,1473.6,74.0,1390.9663691460055,3,0
2010-09-30 10:00:00,1552.4,75.0,1446.6953994490361,3,0
2010-09-30 11:00:00,1629.3,75.0,1498.648920110193,3,0
2010-09-30 12:00:00,1725.3999999999999,76.0,1535.4321707988984,3,0
2010-09-30 13:00:00,1690.5,75.0,1554.3924793388433,3,0
2010-09-30 14:00:00,1700.3,77.0,1568.0660220385676,3,0
2010-09-30 15:00:00,1679.1,74.0,1568.6490523415978,3,0
2010-09-30 16:00:00,1634.4,72.0,1580.897526170799,3,0
2010-09-30 17:00:00,1670.1,71.0,1578.784115702479,3,0
2010-09-30 18:00:00,1719.6,69.0,1596.9028374655645,3,0
2010-09-30 19:00:00,1681.7,70.0,1591.0483581267217,3,0
2010-09-30 20:00:00,1605.5000000000002,68.0,1523.0109586776862,3,0
2010-09-30 21:00:00,1536.9,68.0,1417.677090909091,3,0
2010-09-30 22:00:00,941.9,67.0,1049.9122809917358,3,0
2010-09-30 23:00:00,813.5999999999999,67.0,927.4646666666665,3,0
2010-10-01 00:00:00,729.3,68.0,907.7477851239673,4,0
2010-10-01 01:00:00,701.8,66.0,892.6419449035811,4,0
2010-10-01 02:00:00,776.8,66.0,938.857746556474,4,0
2010-10-01 03:00:00,938.5,65.0,998.1656584022037,4,0
2010-10-01 04:00:00,836.8,65.0,992.0557741046837,4,0
2010-10-01 05:00:00,873.3,64.0,962.5173719008266,4,0
2010-10-01 06:00:00,926.3,65.0,1030.6654820936644,4,0
2010-10-01 07:00:00,1379.1,68.0,1329.982,4,0
2010-10-01 08:00:00,1372.5,72.0,1358.1019889807162,4,0
2010-10-01 09:00:00,1402.5,71.0,1400.0183691460056,4,0
2010-10-01 10:00:00,1468.1,71.0,1448.3753994490357,4,0
2010-10-01 11:00:00,1572.0,75.0,1486.776920110193,4,0
2010-10-01 12:00:00,1614.3,76.0,1510.2481707988986,4,0
2010-10-01 13:00:00,1682.1999999999998,74.0,1518.5724793388426,4,0
2010-10-01 14:00:00,1657.1,73.0,1527.9540220385675,4,0
2010-10-01 15:00:00,1637.1,71.0,1523.909052341598,4,0
2010-10-01 16:00:00,1572.2,70.0,1532.4815261707988,4,0
2010-10-01 17:00:00,1643.8999999999999,70.0,1527.7721157024794,4,0
2010-10-01 18:00:00,1684.1,69.0,1541.4468374655653,4,0
2010-10-01 19:00:00,1589.2999999999997,68.0,1532.3603581267218,4,0
2010-10-01 20:00:00,1580.2000000000003,68.0,1461.6789586776863,4,0
2010-10-01 21:00:00,1462.9,68.0,1359.4930909090908,4,0
2010-10-01 22:00:00,845.2,67.0,997.6842809917357,4,0
2010-10-01 23:00:00,665.3000000000001,67.0,878.9406666666669,4,0
2010-10-02 00:00:00,606.5,67.0,862.5517851239667,5,0
2010-10-02 01:00:00,590.4,66.0,853.7579449035809,5,0
2010-10-02 02:00:00,729.7,67.0,904.2017465564736,5,0
2010-10-02 03:00:00,856.0999999999999,66.0,966.9496584022038,5,0
2010-10-02 04:00:00,835.9,65.0,965.0517741046833,5,0
2010-10-02 05:00:00,829.3,64.0,937.4293719008266,5,0
2010-10-02 06:00:00,882.3,66.0,1006.1374820936637,5,0
2010-10-02 07:00:00,1341.6999999999998,67.0,1307.7740000000001,5,0
2010-10-02 08:00:00,1345.5,71.0,1337.7419889807163,5,0
2010-10-02 09:00:00,1442.8,67.0,1380.2983691460054,5,0
2010-10-02 10:00:00,1545.8999999999999,68.0,1432.123399449036,5,0
2010-10-02 11:00:00,1580.3000000000002,76.0,1474.692920110193,5,0
2010-10-02 12:00:00,1640.1999999999998,80.0,1504.816170798898,5,0
2010-10-02 13:00:00,1728.8999999999999,76.0,1518.2044793388432,5,0
2010-10-02 14:00:00,1754.5,74.0,1530.8860220385677,5,0
2010-10-02 15:00:00,1679.9,71.0,1528.321052341598,5,0
2010-10-02 16:00:00,1635.5,69.0,1539.401526170799,5,0
2010-10-02 17:00:00,1629.6,66.0,1533.2681157024795,5,0
2010-10-02 18:00:00,1671.9,65.0,1547.9748374655646,5,0
2010-10-02 19:00:00,1611.7999999999997,65.0,1537.5163581267216,5,0
2010-10-02 20:00:00,1534.0,64.0,1467.078958677686,5,0
2010-10-02 21:00:00,1453.6,64.0,1362.2810909090906,5,0
2010-10-02 22:00:00,857.9000000000001,64.0,995.1962809917352,5,0
2010-10-02 23:00:00,672.8,63.0,870.8366666666666,5,0
2010-10-03 00:00:00,624.5,63.0,850.531785123967,6,0
2010-10-03 01:00:00,594.2,63.0,835.6899449035811,6,0
2010-10-03 02:00:00,700.8,63.0,879.4097465564739,6,0
2010-10-03 03:00:00,846.0,63.0,932.8336584022038,6,0
2010-10-03 04:00:00,816.1999999999999,62.0,924.0837741046832,6,0
2010-10-03 05:00:00,792.8,62.0,889.9933719008267,6,0
2010-10-03 06:00:00,864.1,63.0,954.7254820936641,6,0
2010-10-03 07:00:00,1263.4,63.0,1251.2180000000003,6,0
2010-10-03 08:00:00,1314.2,64.0,1275.3179889807166,6,0
2010-10-03 09:00:00,1350.5,65.0,1295.2263691460055,6,0
2010-10-03 10:00:00,1454.3000000000002,67.0,1340.3793994490359,6,0
2010-10-03 11:00:00,1517.6999999999998,66.0,1379.0209201101927,6,0
2010-10-03 12:00:00,1550.6,68.0,1408.4161707988983,6,0
2010-10-03 13:00:00,1603.6000000000001,68.0,1421.0724793388429,6,0
2010-10-03 14:00:00,1633.1000000000001,67.0,1433.6220220385676,6,0
2010-10-03 15:00:00,1544.2000000000003,65.0,1430.517052341598,6,0
2010-10-03 16:00:00,1507.0,64.0,1441.885526170799,6,0
2010-10-03 17:00:00,1531.2,63.0,1438.0321157024796,6,0
2010-10-03 18:00:00,1558.2,62.0,1453.1308374655646,6,0
2010-10-03 19:00:00,1471.0,62.0,1442.9523581267217,6,0
2010-10-03 20:00:00,1409.8000000000002,63.0,1374.098958677686,6,0
2010-10-03 21:00:00,841.2,63.0,1267.7490909090907,6,0
2010-10-03 22:00:00,681.8,63.0,899.5242809917356,6,0
2010-10-03 23:00:00,587.3,63.0,771.1326666666669,6,0
2010-10-04 00:00:00,613.8,63.0,742.855785123967,0,0
2010-10-04 01:00:00,593.9,63.0,717.397944903581,0,0
2010-10-04 02:00:00,701.3,62.0,751.7577465564741,0,0
2010-10-04 03:00:00,803.5999999999999,62.0,798.4656584022041,0,0
2010-10-04 04:00:00,813.3000000000001,62.0,784.4597741046832,0,0
2010-10-04 05:00:00,830.1,62.0,748.4293719008264,0,0
2010-10-04 06:00:00,837.4,61.0,811.2934820936641,0,0
2010-10-04 07:00:00,1252.2,62.0,1110.638,0,0
2010-10-04 08:00:00,1275.5,61.0,1136.5859889807164,0,0
2010-10-04 09:00:00,1280.4,61.0,1179.0143691460055,0,0
2010-10-04 10:00:00,1333.5,62.0,1254.0553994490356,0,0
2010-10-04 11:00:00,1325.3,60.0,1299.6729201101928,0,0
2010-10-04 12:00:00,1288.6999999999998,60.0,1330.7641707988982,0,0
2010-10-04 13:00:00,1248.6000000000001,59.0,1342.676479338843,0,0
2010-10-04 14:00:00,1273.8,61.0,1351.9860220385676,0,0
2010-10-04 15:00:00,1254.9,60.0,1346.1490523415978,0,0
2010-10-04 16:00:00,1239.9,61.0,1355.9615261707988,0,0
2010-10-04 17:00:00,1354.1999999999998,61.0,1348.5441157024798,0,0
2010-10-04 18:00:00,1413.1,61.0,1359.610837465565,0,0
2010-10-04 19:00:00,1428.6,61.0,1346.0203581267217,0,0
2010-10-04 20:00:00,1315.2,60.0,1273.3189586776862,0,0
2010-10-04 21:00:00,1280.0,59.0,1164.4850909090908,0,0
2010-10-04 22:00:00,816.6,60.0,795.4082809917354,0,0
2010-10-04 23:00:00,585.6,59.0,668.1846666666663,0,0
2010-10-05 00:00:00,570.7,59.0,645.6517851239666,1,0
2010-10-05 01:00:00,564.6,59.0,629.3019449035812,1,0
2010-10-05 02:00:00,620.0,59.0,675.4257465564735,1,0
2010-10-05 03:00:00,735.8,59.0,735.8216584022039,1,0
2010-10-05 04:00:00,731.9999999999999,57.0,731.5157741046833,1,0
2010-10-05 05:00:00,738.1,59.0,704.1013719008266,1,0
2010-10-05 06:00:00,773.9,59.0,773.2414820936635,1,0
2010-10-05 07:00:00,1140.2,59.0,1074.1860000000001,1,0
2010-10-05 08:00:00,1168.1,61.0,1099.9219889807162,1,0
2010-10-05 09:00:00,1179.6,62.0,1144.6303691460055,1,0
2010-10-05 10:00:00,1242.1,64.0,1199.303399449036,1,0
2010-10-05 11:00:00,1233.7,65.0,1239.7369201101926,1,0
2010-10-05 12:00:00,1239.9,64.0,1272.060170798898,1,0
2010-10-05 13:00:00,1214.3999999999999,63.0,1284.996479338843,1,0
2010-10-05 14:00:00,1212.9,62.0,1295.4060220385675,1,0
2010-10-05 15:00:00,1237.8,61.0,1292.3010523415978,1,0
2010-10-05 16:00:00,1193.1,60.0,1305.2575261707989,1,0
2010-10-05 17:00:00,1302.5,58.0,1300.5441157024793,1,0
2010-10-05 18:00:00,1393.0,57.0,1315.9828374655647,1,0
2010-10-05 19:00:00,1323.5,58.0,1307.1483581267219,1,0
2010-10-05 20:00:00,1267.5,59.0,1239.9949586776856,1,0
2010-10-05 21:00:00,1242.4,60.0,1135.445090909091,1,0
2010-10-05 22:00:00,746.2,60.0,768.0962809917355,1,0
2010-10-05 23:00:00,590.8000000000001,60.0,643.1126666666669,1,0
2010-10-06 00:00:00,599.8,59.0,623.5117851239668,2,0
2010-10-06 01:00:00,547.1,60.0,608.6219449035812,2,0
2010-10-06 02:00:00,618.2,60.0,657.741746556474,2,0
2010-10-06 03:00:00,722.8,58.0,719.5816584022039,2,0
2010-10-06 04:00:00,742.8000000000001,58.0,716.7237741046833,2,0
2010-10-06 05:00:00,724.4,58.0,690.8213719008266,2,0
2010-10-06 06:00:00,791.2,58.0,761.5334820936641,2,0
2010-10-06 07:00:00,1195.6,58.0,1064.5140000000004,2,0
2010-10-06 08:00:00,1194.8,59.0,1094.7579889807162,2,0
2010-10-06 09:00:00,1179.3,60.0,1141.3463691460054,2,0
2010-10-06 10:00:00,1184.5,60.0,1198.915399449036,2,0
2010-10-06 11:00:00,1198.3000000000002,60.0,1242.008920110193,2,0
2010-10-06 12:00:00,1221.6,61.0,1271.3761707988979,2,0
2010-10-06 13:00:00,1202.1,62.0,1281.8644793388428,2,0
2010-10-06 14:00:00,1253.6,61.0,1292.1580220385672,2,0
2010-10-06 15:00:00,1213.0,62.0,1288.265052341598,2,0
2010-10-06 16:00:00,1212.2,64.0,1301.3175261707988,2,0
2010-10-06 17:00:00,1293.5,63.0,1291.0001157024794,2,0
2010-10-06 18:00:00,1380.6,62.0,1306.1228374655643,2,0
2010-10-06 19:00:00,1354.3,59.0,1294.756358126722,2,0
2010-10-06 20:00:00,1275.1000000000001,60.0,1224.7629586776857,2,0
2010-10-06 21:00:00,1241.6999999999998,60.0,1119.449090909091,2,0
2010-10-06 22:00:00,781.0,59.0,756.3122809917354,2,0
2010-10-06 23:00:00,586.9,59.0,638.9846666666667,2,0
2010-10-07 00:00:00,531.0999999999999,59.0,625.5757851239673,3,0
2010-10-07 01:00:00,515.0,59.0,617.4099449035814,3,0
2010-10-07 02:00:00,597.8,59.0,671.0497465564738,3,0
2010-10-07 03:00:00,701.3,59.0,736.3016584022039,3,0
2010-10-07 04:00:00,732.1999999999999,58.0,738.6717741046837,3,0
2010-10-07 05:00:00,595.1,58.0,715.1293719008264,3,0
2010-10-07 06:00:00,769.6,57.0,789.2054820936642,3,0
2010-10-07 07:00:00,1149.6,59.0,1093.9020000000003,3,0
2010-10-07 08:00:00,1179.2,64.0,1123.7299889807164,3,0
2010-10-07 09:00:00,1186.9,66.0,1171.2503691460058,3,0
2010-10-07 10:00:00,1289.5,68.0,1230.6233994490358,3,0
2010-10-07 11:00:00,1332.1000000000001,68.0,1273.2569201101933,3,0
2010-10-07 12:00:00,1341.0,68.0,1302.9521707988981,3,0
2010-10-07 13:00:00,1351.8999999999999,68.0,1316.2644793388429,3,0
2010-10-07 14:00:00,1354.3000000000002,68.0,1327.1740220385673,3,0
2010-10-07 15:00:00,1339.0,67.0,1323.4370523415978,3,0
2010-10-07 16:00:00,1318.1,67.0,1335.9895261707989,3,0
2010-10-07 17:00:00,1371.6,65.0,1329.8081157024794,3,0
2010-10-07 18:00:00,1455.7,64.0,1348.5348374655646,3,0
2010-10-07 19:00:00,1384.8,64.0,1336.3563581267215,3,0
2010-10-07 20:00:00,1295.5,63.0,1266.7349586776863,3,0
2010-10-07 21:00:00,1272.6,63.0,1162.093090909091,3,0
2010-10-07 22:00:00,825.4000000000001,61.0,798.0122809917357,3,0
2010-10-07 23:00:00,610.2,58.0,676.0606666666667,3,0
2010-10-08 00:00:00,535.4000000000001,57.0,658.4637851239668,4,0
2010-10-08 01:00:00,516.9000000000001,56.0,647.7339449035815,4,0
2010-10-08 02:00:00,581.0999999999999,56.0,698.1177465564738,4,0
2010-10-08 03:00:00,684.8,55.0,761.873658402204,4,0
2010-10-08 04:00:00,698.2,55.0,760.7517741046834,4,0
2010-10-08 05:00:00,687.9000000000001,53.0,734.3693719008266,4,0
2010-10-08 06:00:00,730.4000000000001,53.0,804.8094820936637,4,0
2010-10-08 07:00:00,1107.7,57.0,1106.166,4,0
2010-10-08 08:00:00,1142.5,63.0,1135.8739889807161,4,0
2010-10-08 09:00:00,1188.1,66.0,1181.4383691460057,4,0
2010-10-08 10:00:00,1273.5,71.0,1238.115399449036,4,0
2010-10-08 11:00:00,1321.5,71.0,1278.212920110193,4,0
2010-10-08 12:00:00,1370.1000000000001,69.0,1306.8561707988983,4,0
2010-10-08 13:00:00,1407.2000000000003,70.0,1319.5444793388433,4,0
2010-10-08 14:00:00,1422.7000000000003,69.0,1330.9940220385674,4,0
2010-10-08 15:00:00,1402.3,69.0,1330.5850523415977,4,0
2010-10-08 16:00:00,1356.8,67.0,1346.0935261707991,4,0
2010-10-08 17:00:00,1406.5,66.0,1344.0201157024794,4,0
2010-10-08 18:00:00,1442.8999999999999,65.0,1361.6708374655645,4,0
2010-10-08 19:00:00,1376.4,65.0,1352.9283581267218,4,0
2010-10-08 20:00:00,1323.0,62.0,1286.998958677686,4,0
2010-10-08 21:00:00,1244.1,61.0,1187.1730909090913,4,0
2010-10-08 22:00:00,788.8999999999999,62.0,828.7482809917358,4,0
2010-10-08 23:00:00,591.2,61.0,712.5086666666668,4,0
2010-10-09 00:00:00,532.4,60.0,700.3317851239669,5,0
2010-10-09 01:00:00,505.6,59.0,692.8219449035814,5,0
2010-10-09 02:00:00,596.5,60.0,745.1257465564738,5,0
2010-10-09 03:00:00,751.3,58.0,810.5896584022041,5,0
2010-10-09 04:00:00,755.6,57.0,811.1717741046837,5,0
2010-10-09 05:00:00,756.6,55.0,788.5453719008268,5,0
2010-10-09 06:00:00,796.3,56.0,861.4174820936639,5,0
2010-10-09 07:00:00,1154.4,59.0,1167.4220000000003,5,0
2010-10-09 08:00:00,1192.9,66.0,1201.9539889807168,5,0
2010-10-09 09:00:00,1271.8000000000002,70.0,1250.3263691460054,5,0
2010-10-09 10:00:00,1416.1,74.0,1307.4233994490355,5,0
2010-10-09 11:00:00,1448.3,74.0,1348.896920110193,5,0
2010-10-09 12:00:00,1495.0,75.0,1378.7641707988982,5,0
2010-10-09 13:00:00,1516.8,76.0,1391.6924793388432,5,0
2010-10-09 14:00:00,1526.0,75.0,1403.8300220385677,5,0
2010-10-09 15:00:00,1513.4,74.0,1401.7010523415977,5,0
2010-10-09 16:00:00,1462.7000000000003,70.0,1412.6415261707991,5,0
2010-10-09 17:00:00,1539.1,69.0,1406.5241157024793,5,0
2010-10-09 18:00:00,1538.6000000000001,68.0,1421.014837465565,5,0
2010-10-09 19:00:00,1479.8,65.0,1409.7683581267218,5,0
2010-10-09 20:00:00,1435.2,65.0,1342.9549586776861,5,0
2010-10-09 21:00:00,1341.8,66.0,1243.453090909091,5,0
2010-10-09 22:00:00,770.9,65.0,882.5082809917355,5,0
2010-10-09 23:00:00,589.0999999999999,64.0,763.0446666666669,5,0
2010-10-10 00:00:00,544.0,63.0,748.3197851239674,6,0
2010-10-10 01:00:00,508.6,63.0,738.8659449035813,6,0
2010-10-10 02:00:00,602.4000000000001,63.0,790.1617465564743,6,0
2010-10-10 03:00:00,723.7,61.0,852.2096584022038,6,0
2010-10-10 04:00:00,707.9,60.0,850.8197741046833,6,0
2010-10-10 05:00:00,712.9,61.0,825.1533719008263,6,0
2010-10-10 06:00:00,786.0,58.0,893.6414820936639,6,0
2010-10-10 07:00:00,1157.7,62.0,1193.8059999999998,6,0
2010-10-10 08:00:00,1217.5,69.0,1223.0299889807168,6,0
2010-10-10 09:00:00,1330.3,74.0,1244.9143691460054,6,0
2010-10-10 10:00:00,1436.8,76.0,1293.4513994490355,6,0
2010-10-10 11:00:00,1510.3000000000002,78.0,1334.8089201101927,6,0
2010-10-10 12:00:00,1558.1,80.0,1366.7801707988983,6,0
2010-10-10 13:00:00,1593.1,80.0,1381.0964793388428,6,0
2010-10-10 14:00:00,1610.3999999999999,76.0,1395.5140220385674,6,0
2010-10-10 15:00:00,1531.3,73.0,1394.5770523415981,6,0
2010-10-10 16:00:00,1524.5,71.0,1409.349526170799,6,0
2010-10-10 17:00:00,1569.0,70.0,1407.592115702479,6,0
2010-10-10 18:00:00,1561.6,69.0,1424.0988374655644,6,0
2010-10-10 19:00:00,1429.5,67.0,1415.8363581267215,6,0
2010-10-10 20:00:00,1405.8999999999999,67.0,1351.098958677686,6,0
2010-10-10 21:00:00,791.8,66.0,1252.4930909090906,6,0
2010-10-10 22:00:00,654.6,68.0,889.0162809917354,6,0
2010-10-10 23:00:00,568.2,64.0,766.6846666666663,6,0
2010-10-11 00:00:00,594.5,65.0,747.1397851239669,0,0
2010-10-11 01:00:00,554.9000000000001,63.0,731.8659449035811,0,0
2010-10-11 02:00:00,662.4000000000001,63.0,777.2217465564736,0,0
2010-10-11 03:00:00,759.4,64.0,835.8656584022037,0,0
2010-10-11 04:00:00,776.0999999999999,64.0,830.8197741046833,0,0
2010-10-11 05:00:00,774.2,63.0,801.6813719008265,0,0
2010-10-11 06:00:00,792.7,60.0,868.5934820936639,0,0
2010-10-11 07:00:00,1222.0,64.0,1170.3500000000004,0,0
2010-10-11 08:00:00,1272.7,69.0,1201.817988980716,0,0
2010-10-11 09:00:00,1377.3000000000002,75.0,1246.3503691460055,0,0
2010-10-11 10:00:00,1432.0,78.0,1323.251399449036,0,0
2010-10-11 11:00:00,1459.3,78.0,1371.660920110193,0,0
2010-10-11 12:00:00,1499.6000000000001,74.0,1404.0281707988981,0,0
2010-10-11 13:00:00,1510.6999999999998,73.0,1416.684479338843,0,0
2010-10-11 14:00:00,1538.2,72.0,1429.7540220385677,0,0
2010-10-11 15:00:00,1530.6,69.0,1426.3810523415978,0,0
2010-10-11 16:00:00,1451.0,68.0,1441.705526170799,0,0
2010-10-11 17:00:00,1544.0,66.0,1438.5801157024794,0,0
2010-10-11 18:00:00,1552.1000000000001,64.0,1453.9588374655646,0,0
2010-10-11 19:00:00,1492.2999999999997,63.0,1446.4443581267215,0,0
2010-10-11 20:00:00,1411.7000000000003,64.0,1379.9309586776862,0,0
2010-10-11 21:00:00,1328.7,65.0,1277.0010909090909,0,0
2010-10-11 22:00:00,813.6999999999999,64.0,912.6602809917354,0,0
2010-10-11 23:00:00,628.2,64.0,790.6086666666667,0,0
2010-10-12 00:00:00,583.5,64.0,773.8237851239669,1,0
2010-10-12 01:00:00,563.9,64.0,761.3739449035813,1,0
2010-10-12 02:00:00,675.0,64.0,809.561746556474,1,0
2010-10-12 03:00:00,758.5,64.0,869.5176584022042,1,0
2010-10-12 04:00:00,825.6,64.0,864.2517741046836,1,0
2010-10-12 05:00:00,808.2,64.0,837.1213719008268,1,0
2010-10-12 06:00:00,825.8,64.0,904.2654820936639,1,0
2010-10-12 07:00:00,1247.4,64.0,1205.5420000000001,1,0
2010-10-12 08:00:00,1292.6,64.0,1232.5579889807163,1,0
2010-10-12 09:00:00,1324.3999999999999,66.0,1276.698369146006,1,0
2010-10-12 10:00:00,1457.4,68.0,1331.3353994490358,1,0
2010-10-12 11:00:00,1461.5,70.0,1373.240920110193,1,0
2010-10-12 12:00:00,1517.6,70.0,1403.2081707988984,1,0
2010-10-12 13:00:00,1522.8,70.0,1415.788479338843,1,0
2010-10-12 14:00:00,1526.6,69.0,1427.5940220385673,1,0
2010-10-12 15:00:00,1491.2,67.0,1422.793052341598,1,0
2010-10-12 16:00:00,1444.8,65.0,1436.069526170799,1,0
2010-10-12 17:00:00,1520.6999999999998,64.0,1428.7481157024795,1,0
2010-10-12 18:00:00,1532.9,64.0,1442.666837465565,1,0
2010-10-12 19:00:00,1470.8000000000002,64.0,1432.872358126722,1,0
2010-10-12 20:00:00,1363.2,63.0,1363.5989586776864,1,0
2010-10-12 21:00:00,1324.6999999999998,63.0,1259.557090909091,1,0
2010-10-12 22:00:00,794.0,63.0,897.1682809917356,1,0
2010-10-12 23:00:00,624.7,64.0,775.300666666667,1,0
2010-10-13 00:00:00,583.5,63.0,756.9997851239668,2,0
2010-10-13 01:00:00,551.0,63.0,742.7179449035809,2,0
2010-10-13 02:00:00,652.4000000000001,63.0,787.885746556474,2,0
2010-10-13 03:00:00,735.4,62.0,846.3296584022039,2,0
2010-10-13 04:00:00,773.5,61.0,841.2837741046833,2,0
2010-10-13 05:00:00,752.8,62.0,814.2253719008266,2,0
2010-10-13 06:00:00,823.3,62.0,881.3294820936642,2,0
2010-10-13 07:00:00,1223.5,62.0,1182.7100000000003,2,0
2010-10-13 08:00:00,1249.0,62.0,1210.2419889807165,2,0
2010-10-13 09:00:00,1316.5,64.0,1255.1103691460055,2,0
2010-10-13 10:00:00,1453.3000000000002,66.0,1311.4153994490357,2,0
2010-10-13 11:00:00,1491.5,67.0,1354.936920110193,2,0
2010-10-13 12:00:00,1481.9,67.0,1384.980170798898,2,0
2010-10-13 13:00:00,1495.0,67.0,1397.6884793388429,2,0
2010-10-13 14:00:00,1463.2,65.0,1411.4780220385674,2,0
2010-10-13 15:00:00,1441.8000000000002,65.0,1409.1010523415976,2,0
2010-10-13 16:00:00,1410.9,64.0,1425.9895261707986,2,0
2010-10-13 17:00:00,1516.3000000000002,63.0,1422.828115702479,2,0
2010-10-13 18:00:00,1508.6,62.0,1440.2788374655647,2,0
2010-10-13 19:00:00,1454.2,61.0,1431.3003581267217,2,0
2010-10-13 20:00:00,1354.6000000000001,61.0,1363.5829586776858,2,0
2010-10-13 21:00:00,1294.4,61.0,1261.7050909090908,2,0
2010-10-13 22:00:00,831.6999999999999,61.0,897.6282809917357,2,0
2010-10-13 23:00:00,645.4,61.0,773.8446666666669,2,0
2010-10-14 00:00:00,581.9000000000001,61.0,754.147785123967,3,0
2010-10-14 01:00:00,554.2,62.0,740.6379449035815,3,0
2010-10-14 02:00:00,689.1,62.0,787.1377465564735,3,0
2010-10-14 03:00:00,773.4,61.0,847.4656584022039,3,0
2010-10-14 04:00:00,840.7,62.0,844.5237741046831,3,0
2010-10-14 05:00:00,804.7,62.0,817.9813719008263,3,0
2010-10-14 06:00:00,856.1999999999999,62.0,884.9014820936638,3,0
2010-10-14 07:00:00,1241.4,62.0,1189.2580000000003,3,0
2010-10-14 08:00:00,1264.0,64.0,1218.7339889807165,3,0
2010-10-14 09:00:00,1327.0,66.0,1266.2743691460055,3,0
2010-10-14 10:00:00,1403.1999999999998,67.0,1322.843399449036,3,0
2010-10-14 11:00:00,1439.5,67.0,1364.268920110193,3,0
2010-10-14 12:00:00,1477.0,66.0,1393.4961707988982,3,0
2010-10-14 13:00:00,1478.6,65.0,1406.4004793388428,3,0
2010-10-14 14:00:00,1468.6999999999998,64.0,1418.3460220385673,3,0
2010-10-14 15:00:00,1425.5,64.0,1415.0130523415976,3,0
2010-10-14 16:00:00,1414.1000000000001,63.0,1427.097526170799,3,0
2010-10-14 17:00:00,1495.3000000000002,63.0,1420.8321157024793,3,0
2010-10-14 18:00:00,1499.6000000000001,62.0,1434.6588374655648,3,0
2010-10-14 19:00:00,1504.3000000000002,62.0,1424.4163581267217,3,0
2010-10-14 20:00:00,1386.6,62.0,1354.9189586776865,3,0
2010-10-14 21:00:00,1352.6,62.0,1250.0410909090908,3,0
2010-10-14 22:00:00,808.0,62.0,882.3362809917357,3,0
2010-10-14 23:00:00,630.7,63.0,754.8686666666667,3,0
2010-10-15 00:00:00,582.2,63.0,730.4597851239671,4,0
2010-10-15 01:00:00,557.5,62.0,711.5659449035813,4,0
2010-10-15 02:00:00,646.2,62.0,755.3577465564742,4,0
2010-10-15 03:00:00,786.2,62.0,813.9936584022039,4,0
2010-10-15 04:00:00,758.5999999999999,62.0,809.3997741046833,4,0
2010-10-15 05:00:00,794.3,62.0,780.0013719008265,4,0
2010-10-15 06:00:00,817.5,62.0,848.2894820936638,4,0
2010-10-15 07:00:00,1242.7,63.0,1150.1540000000002,4,0
2010-10-15 08:00:00,1237.4,63.0,1178.3619889807162,4,0
2010-10-15 09:00:00,1267.0,64.0,1223.0783691460056,4,0
2010-10-15 10:00:00,1323.0,64.0,1275.8913994490358,4,0
2010-10-15 11:00:00,1297.3,64.0,1317.580920110193,4,0
2010-10-15 12:00:00,1307.1999999999998,65.0,1346.8041707988984,4,0
2010-10-15 13:00:00,1339.1,65.0,1359.476479338843,4,0
2010-10-15 14:00:00,1384.6,65.0,1370.6340220385673,4,0
2010-10-15 15:00:00,1388.6999999999998,65.0,1366.9050523415976,4,0
2010-10-15 16:00:00,1356.5,64.0,1379.541526170799,4,0
2010-10-15 17:00:00,1427.1,63.0,1375.1881157024795,4,0
2010-10-15 18:00:00,1512.8000000000002,63.0,1390.790837465565,4,0
2010-10-15 19:00:00,1433.0,63.0,1380.4683581267218,4,0
2010-10-15 20:00:00,1405.0,63.0,1310.402958677686,4,0
2010-10-15 21:00:00,1314.0,63.0,1207.093090909091,4,0
2010-10-15 22:00:00,772.3,63.0,841.5762809917358,4,0
2010-10-15 23:00:00,613.6,63.0,718.1006666666667,4,0
2010-10-16 00:00:00,567.4,63.0,700.1437851239666,5,0
2010-10-16 01:00:00,552.0,63.0,687.5299449035813,5,0
2010-10-16 02:00:00,629.8,63.0,734.869746556474,5,0
2010-10-16 03:00:00,733.4000000000001,63.0,793.7056584022039,5,0
2010-10-16 04:00:00,785.1999999999999,63.0,789.0237741046833,5,0
2010-10-16 05:00:00,760.0000000000001,62.0,762.2093719008263,5,0
2010-10-16 06:00:00,851.5,62.0,831.4574820936643,5,0
2010-10-16 07:00:00,1202.0,62.0,1131.8539999999998,5,0
2010-10-16 08:00:00,1224.5,63.0,1161.5179889807166,5,0
2010-10-16 09:00:00,1279.6,63.0,1206.3223691460055,5,0
2010-10-16 10:00:00,1317.7,64.0,1263.4033994490355,5,0
2010-10-16 11:00:00,1316.9,64.0,1307.6649201101932,5,0
2010-10-16 12:00:00,1326.3,64.0,1338.1081707988983,5,0
2010-10-16 13:00:00,1326.3000000000002,63.0,1351.9484793388428,5,0
2010-10-16 14:00:00,1333.8,64.0,1364.9500220385676,5,0
2010-10-16 15:00:00,1309.6,64.0,1363.8010523415978,5,0
2010-10-16 16:00:00,1317.5,64.0,1378.1815261707989,5,0
2010-10-16 17:00:00,1434.1,63.0,1374.9121157024797,5,0
2010-10-16 18:00:00,1468.6,63.0,1389.4268374655649,5,0
2010-10-16 19:00:00,1409.5,63.0,1377.2723581267219,5,0
2010-10-16 20:00:00,1370.1000000000001,62.0,1308.2549586776859,5,0
2010-10-16 21:00:00,1334.6,62.0,1203.3730909090907,5,0
2010-10-16 22:00:00,840.4,62.0,835.8682809917357,5,0
2010-10-16 23:00:00,642.2,62.0,710.7646666666667,5,0
2010-10-17 00:00:00,580.8,62.0,690.9197851239671,6,0
2010-10-17 01:00:00,566.4000000000001,62.0,676.8699449035807,6,0
2010-10-17 02:00:00,670.4,62.0,723.5737465564739,6,0
2010-10-17 03:00:00,781.5,62.0,783.8376584022037,6,0
2010-10-17 04:00:00,776.0,62.0,780.6957741046831,6,0
2010-10-17 05:00:00,813.7,62.0,754.2773719008263,6,0
2010-10-17 06:00:00,790.0,62.0,822.2374820936639,6,0
2010-10-17 07:00:00,1190.2,62.0,1122.614,6,0
2010-10-17 08:00:00,1210.0,62.0,1151.1379889807165,6,0
2010-10-17 09:00:00,1227.4,62.0,1175.3583691460055,6,0
2010-10-17 10:00:00,1280.6,62.0,1223.6553994490362,6,0
2010-10-17 11:00:00,1270.9,62.0,1261.572920110193,6,0
2010-10-17 12:00:00,1298.7,62.0,1289.8641707988982,6,0
2010-10-17 13:00:00,1309.5,63.0,1301.3964793388432,6,0
2010-10-17 14:00:00,1305.1,62.0,1312.7180220385676,6,0
2010-10-17 15:00:00,1294.5,62.0,1307.673052341598,6,0
2010-10-17 16:00:00,1276.9,61.0,1318.6615261707989,6,0
2010-10-17 17:00:00,1405.0,61.0,1312.8281157024794,6,0
2010-10-17 18:00:00,1443.3999999999999,61.0,1324.4708374655647,6,0
2010-10-17 19:00:00,1364.8,61.0,1314.9763581267218,6,0
2010-10-17 20:00:00,1318.1,62.0,1246.2029586776862,6,0
2010-10-17 21:00:00,785.1000000000001,62.0,1142.5930909090905,6,0
2010-10-17 22:00:00,641.4,62.0,778.4682809917354,6,0
2010-10-17 23:00:00,551.7,62.0,655.9366666666667,6,0
2010-10-18 00:00:00,555.5999999999999,61.0,636.4997851239666,0,0
2010-10-18 01:00:00,522.0999999999999,61.0,622.9939449035817,0,0
2010-10-18 02:00:00,642.8,61.0,668.9417465564736,0,0
2010-10-18 03:00:00,724.6999999999999,61.0,729.7936584022038,0,0
2010-10-18 04:00:00,739.3000000000001,61.0,726.3037741046833,0,0
2010-10-18 05:00:00,740.4000000000001,61.0,701.2053719008264,0,0
2010-10-18 06:00:00,771.9,61.0,770.4494820936638,0,0
2010-10-18 07:00:00,1195.2,62.0,1073.81,0,0
2010-10-18 08:00:00,1204.3,62.0,1104.6899889807162,0,0
2010-10-18 09:00:00,1244.7,63.0,1151.0303691460053,0,0
2010-10-18 10:00:00,1312.9,64.0,1232.7513994490357,0,0
2010-10-18 11:00:00,1298.1,65.0,1295.204920110193,0,0
2010-10-18 12:00:00,1262.8999999999999,65.0,1342.292170798898,0,0
2010-10-18 13:00:00,1295.5,64.0,1369.920479338843,0,0
2010-10-18 14:00:00,1269.4,64.0,1394.746022038567,0,0
2010-10-18 15:00:00,1280.5,64.0,1402.2130523415974,0,0
2010-10-18 16:00:00,1253.1,64.0,1426.757526170799,0,0
2010-10-18 17:00:00,1397.4,63.0,1433.50011570248,0,0
2010-10-18 18:00:00,1446.4,63.0,1459.9308374655648,0,0
2010-10-18 19:00:00,1414.2000000000003,63.0,1451.404358126722,0,0
2010-10-18 20:00:00,1332.3000000000002,63.0,1383.2749586776858,0,0
2010-10-18 21:00:00,1286.1,63.0,1280.6970909090908,0,0
2010-10-18 22:00:00,927.5,63.0,914.9202809917356,0,0
2010-10-18 23:00:00,966.0999999999999,63.0,790.7566666666671,0,0
2010-10-19 00:00:00,935.0,63.0,771.0077851239669,1,0
2010-10-19 01:00:00,899.3,62.0,759.4339449035815,1,0
2010-10-19 02:00:00,936.0999999999999,61.0,806.5537465564742,1,0
2010-10-19 03:00:00,1009.9000000000001,60.0,868.173658402204,1,0
2010-10-19 04:00:00,1021.4,60.0,865.3837741046834,1,0
2010-10-19 05:00:00,1018.1,60.0,841.9533719008265,1,0
2010-10-19 06:00:00,1068.3,60.0,910.4774820936645,1,0
2010-10-19 07:00:00,1201.3000000000002,61.0,1212.19,1,0
2010-10-19 08:00:00,1225.4,62.0,1239.6299889807162,1,0
2010-10-19 09:00:00,1264.8000000000002,64.0,1284.6943691460056,1,0
2010-10-19 10:00:00,1288.9,64.0,1340.7913994490357,1,0
2010-10-19 11:00:00,1289.6,65.0,1378.180920110193,1,0
2010-10-19 12:00:00,1282.3,65.0,1393.6001707988985,1,0
2010-10-19 13:00:00,1308.0,67.0,1393.016479338843,1,0
2010-10-19 14:00:00,1284.7,72.0,1390.3980220385674,1,0
2010-10-19 15:00:00,1264.0,70.0,1375.8890523415976,1,0
2010-10-19 16:00:00,1256.6,64.0,1379.4055261707986,1,0
2010-10-19 17:00:00,1415.3000000000002,63.0,1363.4801157024795,1,0
2010-10-19 18:00:00,1420.7999999999997,63.0,1368.3508374655648,1,0
2010-10-19 19:00:00,1376.0,63.0,1348.5563581267215,1,0
2010-10-19 20:00:00,1295.7,63.0,1280.094958677686,1,0
2010-10-19 21:00:00,1268.4,63.0,1174.305090909091,1,0
2010-10-19 22:00:00,787.9,62.0,805.5162809917356,1,0
2010-10-19 23:00:00,625.6,62.0,681.1646666666661,1,0
2010-10-20 00:00:00,557.7,63.0,660.4997851239668,2,0
2010-10-20 01:00:00,573.4,63.0,645.4779449035811,2,0
2010-10-20 02:00:00,627.2,63.0,691.2977465564738,2,0
2010-10-20 03:00:00,753.8000000000001,63.0,751.8216584022041,2,0
2010-10-20 04:00:00,780.9,62.0,749.2757741046833,2,0
2010-10-20 05:00:00,733.5,62.0,725.2213719008265,2,0
2010-10-20 06:00:00,807.0,62.0,794.1254820936633,2,0
2010-10-20 07:00:00,1216.0,61.0,1096.73,2,0
2010-10-20 08:00:00,1223.1999999999998,61.0,1126.5379889807161,2,0
2010-10-20 09:00:00,1205.6,62.0,1173.3263691460056,2,0
2010-10-20 10:00:00,1233.7,63.0,1229.927399449036,2,0
2010-10-20 11:00:00,1260.9,63.0,1272.708920110193,2,0
2010-10-20 12:00:00,1250.9,63.0,1301.984170798898,2,0
2010-10-20 13:00:00,1241.2,62.0,1316.112479338843,2,0
2010-10-20 14:00:00,1264.7,63.0,1326.742022038567,2,0
2010-10-20 15:00:00,1251.9,64.0,1323.849052341598,2,0
2010-10-20 16:00:00,1246.2,64.0,1337.0935261707984,2,0
2010-10-20 17:00:00,1403.1999999999998,63.0,1331.3521157024793,2,0
2010-10-20 18:00:00,1448.2000000000003,63.0,1347.942837465565,2,0
2010-10-20 19:00:00,1372.7000000000003,63.0,1337.8123581267216,2,0
2010-10-20 20:00:00,1316.7,63.0,1270.214958677686,2,0
2010-10-20 21:00:00,1274.9,63.0,1165.6370909090908,2,0
2010-10-20 22:00:00,782.8,63.0,799.3642809917355,2,0
2010-10-20 23:00:00,620.8,63.0,676.7606666666668,2,0
2010-10-21 00:00:00,563.6,63.0,657.3917851239673,3,0
2010-10-21 01:00:00,563.9000000000001,63.0,644.1059449035813,3,0
2010-10-21 02:00:00,632.5,63.0,692.7977465564741,3,0
2010-10-21 03:00:00,735.3,61.0,755.1536584022037,3,0
2010-10-21 04:00:00,768.0,62.0,752.5957741046834,3,0
2010-10-21 05:00:00,747.6000000000001,62.0,728.8733719008266,3,0
2010-10-21 06:00:00,815.4,62.0,796.6534820936636,3,0
2010-10-21 07:00:00,1196.3000000000002,62.0,1099.3780000000002,3,0
2010-10-21 08:00:00,1259.5,63.0,1129.4339889807163,3,0
2010-10-21 09:00:00,1233.7,63.0,1174.9743691460055,3,0
2010-10-21 10:00:00,1237.4,64.0,1232.5313994490361,3,0
2010-10-21 11:00:00,1249.4,64.0,1275.5769201101925,3,0
2010-10-21 12:00:00,1254.6,64.0,1304.8881707988983,3,0
2010-10-21 13:00:00,1253.2,65.0,1318.164479338843,3,0
2010-10-21 14:00:00,1269.7,65.0,1328.9940220385674,3,0
2010-10-21 15:00:00,1277.7,64.0,1327.3050523415977,3,0
2010-10-21 16:00:00,1233.8,63.0,1341.4775261707987,3,0
2010-10-21 17:00:00,1401.1,62.0,1337.3761157024792,3,0
2010-10-21 18:00:00,1407.9999999999998,62.0,1354.0988374655649,3,0
2010-10-21 19:00:00,1403.1,62.0,1341.9803581267217,3,0
2010-10-21 20:00:00,1319.6,62.0,1273.5069586776858,3,0
2010-10-21 21:00:00,1264.7,62.0,1165.837090909091,3,0
2010-10-21 22:00:00,813.2,62.0,799.0122809917355,3,0
2010-10-21 23:00:00,622.3,62.0,676.4046666666666,3,0
2010-10-22 00:00:00,559.7,62.0,660.0237851239672,4,0
2010-10-22 01:00:00,548.5,62.0,648.6539449035811,4,0
2010-10-22 02:00:00,628.0,62.0,698.3817465564741,4,0
2010-10-22 03:00:00,770.6999999999999,62.0,762.1816584022038,4,0
2010-10-22 04:00:00,772.7,62.0,759.3797741046831,4,0
2010-10-22 05:00:00,775.7,61.0,735.7413719008263,4,0
2010-10-22 06:00:00,832.8,60.0,802.781482093664,4,0
2010-10-22 07:00:00,1155.0,61.0,1105.526,4,0
2010-10-22 08:00:00,1217.9,63.0,1134.2179889807164,4,0
2010-10-22 09:00:00,1192.6999999999998,63.0,1179.3023691460055,4,0
2010-10-22 10:00:00,1251.7,67.0,1235.7793994490355,4,0
2010-10-22 11:00:00,1253.0,65.0,1278.620920110193,4,0
2010-10-22 12:00:00,1317.8,65.0,1308.924170798898,4,0
2010-10-22 13:00:00,1304.8,66.0,1321.9724793388432,4,0
2010-10-22 14:00:00,1307.6,67.0,1332.8660220385673,4,0
2010-10-22 15:00:00,1318.8,65.0,1329.2170523415975,4,0
2010-10-22 16:00:00,1253.5,64.0,1340.957526170799,4,0
2010-10-22 17:00:00,1390.8,63.0,1335.0721157024796,4,0
2010-10-22 18:00:00,1387.4,62.0,1349.2868374655645,4,0
2010-10-22 19:00:00,1363.4,62.0,1338.1803581267216,4,0
2010-10-22 20:00:00,1315.8999999999999,62.0,1269.8709586776858,4,0
2010-10-22 21:00:00,1256.1999999999998,61.0,1165.7810909090906,4,0
2010-10-22 22:00:00,776.0,60.0,800.6922809917357,4,0
2010-10-22 23:00:00,647.5999999999999,60.0,679.8966666666663,4,0
2010-10-23 00:00:00,586.0,61.0,664.291785123967,5,0
2010-10-23 01:00:00,538.9,61.0,653.1699449035816,5,0
2010-10-23 02:00:00,614.1999999999999,61.0,703.5537465564742,5,0
2010-10-23 03:00:00,717.2,61.0,767.7456584022038,5,0
2010-10-23 04:00:00,747.3,61.0,766.8837741046837,5,0
2010-10-23 05:00:00,735.8000000000001,61.0,745.0053719008266,5,0
2010-10-23 06:00:00,798.2,61.0,814.4694820936638,5,0
2010-10-23 07:00:00,1197.7,61.0,1120.558,5,0
2010-10-23 08:00:00,1180.7,61.0,1153.6499889807162,5,0
2010-10-23 09:00:00,1240.6,64.0,1200.6063691460056,5,0
2010-10-23 10:00:00,1254.1,65.0,1258.6553994490362,5,0
2010-10-23 11:00:00,1312.6,67.0,1301.3449201101928,5,0
2010-10-23 12:00:00,1340.8000000000002,67.0,1329.7921707988983,5,0
2010-10-23 13:00:00,1374.1999999999998,66.0,1341.716479338843,5,0
2010-10-23 14:00:00,1375.6000000000001,66.0,1352.8500220385672,5,0
2010-10-23 15:00:00,1366.5,65.0,1349.9050523415979,5,0
2010-10-23 16:00:00,1343.1,64.0,1362.393526170799,5,0
2010-10-23 17:00:00,1454.5,63.0,1356.8161157024797,5,0
2010-10-23 18:00:00,1437.7000000000003,63.0,1369.5988374655644,5,0
2010-10-23 19:00:00,1426.3999999999999,62.0,1356.8523581267216,5,0
2010-10-23 20:00:00,1386.2,62.0,1286.7189586776858,5,0
2010-10-23 21:00:00,1299.3000000000002,59.0,1181.501090909091,5,0
2010-10-23 22:00:00,806.8000000000001,59.0,815.9642809917359,5,0
2010-10-23 23:00:00,606.6,58.0,695.4726666666668,5,0
2010-10-24 00:00:00,564.9,59.0,677.4397851239664,6,0
2010-10-24 01:00:00,537.0999999999999,58.0,664.2739449035814,6,0
2010-10-24 02:00:00,610.6,57.0,711.9417465564743,6,0
2010-10-24 03:00:00,721.0,58.0,771.961658402204,6,0
2010-10-24 04:00:00,712.5,58.0,769.0877741046836,6,0
2010-10-24 05:00:00,718.1,57.0,744.385371900827,6,0
2010-10-24 06:00:00,722.5,56.0,811.405482093664,6,0
2010-10-24 07:00:00,1122.1,57.0,1113.6220000000003,6,0
2010-10-24 08:00:00,1177.8,61.0,1142.0099889807166,6,0
2010-10-24 09:00:00,1175.2,63.0,1167.3503691460055,6,0
2010-10-24 10:00:00,1290.8,66.0,1217.863399449036,6,0
2010-10-24 11:00:00,1322.6000000000001,67.0,1258.408920110193,6,0
2010-10-24 12:00:00,1339.7,66.0,1289.7041707988985,6,0
2010-10-24 13:00:00,1346.1,67.0,1303.9644793388434,6,0
2010-10-24 14:00:00,1377.1,65.0,1316.8980220385674,6,0
2010-10-24 15:00:00,1330.2,64.0,1316.3330523415977,6,0
2010-10-24 16:00:00,1340.5,63.0,1331.913526170799,6,0
2010-10-24 17:00:00,1473.5,62.0,1329.7721157024794,6,0
2010-10-24 18:00:00,1440.3000000000002,62.0,1349.7828374655646,6,0
2010-10-24 19:00:00,1379.8999999999999,62.0,1344.0563581267218,6,0
2010-10-24 20:00:00,1331.6,63.0,1279.6589586776863,6,0
2010-10-24 21:00:00,829.2,63.0,1178.9170909090908,6,0
2010-10-24 22:00:00,661.5,63.0,817.6922809917357,6,0
2010-10-24 23:00:00,583.8,64.0,695.8086666666663,6,0
2010-10-25 00:00:00,595.0999999999999,63.0,676.0477851239673,0,0
2010-10-25 01:00:00,574.4,62.0,662.0619449035817,0,0
2010-10-25 02:00:00,653.8,62.0,708.1137465564741,0,0
2010-10-25 03:00:00,776.9000000000001,62.0,766.5696584022039,0,0
2010-10-25 04:00:00,793.5999999999999,63.0,763.0797741046833,0,0
2010-10-25 05:00:00,769.1999999999999,63.0,735.6933719008267,0,0
2010-10-25 06:00:00,885.5,63.0,799.6694820936641,0,0
2010-10-25 07:00:00,1221.9,63.0,1099.474,0,0
2010-10-25 08:00:00,1245.6,66.0,1127.2219889807166,0,0
2010-10-25 09:00:00,1284.1999999999998,70.0,1171.1623691460059,0,0
2010-10-25 10:00:00,1333.2000000000003,70.0,1250.3273994490357,0,0
2010-10-25 11:00:00,1324.5,72.0,1303.5089201101935,0,0
2010-10-25 12:00:00,1306.5,73.0,1339.8001707988983,0,0
2010-10-25 13:00:00,1324.5,72.0,1356.624479338843,0,0
2010-10-25 14:00:00,1308.6,73.0,1370.1100220385679,0,0
2010-10-25 15:00:00,1292.6,70.0,1366.1490523415978,0,0
2010-10-25 16:00:00,1288.8000000000002,71.0,1377.4975261707991,0,0
2010-10-25 17:00:00,1403.8000000000002,69.0,1370.5161157024795,0,0
2010-10-25 18:00:00,1383.1999999999998,68.0,1384.7268374655646,0,0
2010-10-25 19:00:00,1322.1999999999998,67.0,1367.7043581267217,0,0
2010-10-25 20:00:00,1269.1000000000001,67.0,1295.0069586776863,0,0
2010-10-25 21:00:00,1239.6,67.0,1187.4890909090907,0,0
2010-10-25 22:00:00,907.7,65.0,818.9482809917354,0,0
2010-10-25 23:00:00,754.4,63.0,693.8966666666665,0,0
2010-10-26 00:00:00,697.2,61.0,674.3637851239671,1,0
2010-10-26 01:00:00,668.7,59.0,662.2459449035814,1,0
2010-10-26 02:00:00,704.9000000000001,56.0,710.7137465564733,1,0
2010-10-26 03:00:00,735.1999999999999,56.0,773.3016584022039,1,0
2010-10-26 04:00:00,743.7,53.0,771.6997741046835,1,0
2010-10-26 05:00:00,729.3,56.0,746.1333719008261,1,0
2010-10-26 06:00:00,791.5999999999999,56.0,812.7094820936638,1,0
2010-10-26 07:00:00,1102.5,58.0,1114.8580000000002,1,0
2010-10-26 08:00:00,1137.9,62.0,1143.2099889807162,1,0
2010-10-26 09:00:00,1182.6,64.0,1189.5343691460057,1,0
2010-10-26 10:00:00,1259.3000000000002,66.0,1247.1113994490358,1,0
2010-10-26 11:00:00,1287.6999999999998,67.0,1286.828920110193,1,0
2010-10-26 12:00:00,1314.1,67.0,1315.0841707988977,1,0
2010-10-26 13:00:00,1338.0,67.0,1326.5244793388429,1,0
2010-10-26 14:00:00,1347.4,67.0,1333.5540220385674,1,0
2010-10-26 15:00:00,1327.3999999999999,68.0,1325.5810523415978,1,0
2010-10-26 16:00:00,1298.4,68.0,1336.2575261707989,1,0
2010-10-26 17:00:00,1397.6,70.0,1329.8321157024793,1,0
2010-10-26 18:00:00,1378.5,67.0,1344.2388374655643,1,0
2010-10-26 19:00:00,1323.7,66.0,1331.6363581267217,1,0
2010-10-26 20:00:00,1226.5,66.0,1264.3949586776862,1,0
2010-10-26 21:00:00,1236.7,65.0,1159.841090909091,1,0
2010-10-26 22:00:00,778.4,63.0,795.3442809917356,1,0
2010-10-26 23:00:00,664.0,62.0,672.6686666666667,1,0
2010-10-27 00:00:00,666.9000000000001,58.0,655.2357851239672,2,0
2010-10-27 01:00:00,636.2,58.0,642.7699449035813,2,0
2010-10-27 02:00:00,637.8,57.0,689.8977465564737,2,0
2010-10-27 03:00:00,686.0,56.0,751.4336584022042,2,0
2010-10-27 04:00:00,685.2,54.0,750.2557741046835,2,0
2010-10-27 05:00:00,693.3000000000001,53.0,725.7973719008265,2,0
2010-10-27 06:00:00,756.5999999999999,54.0,793.685482093664,2,0
2010-10-27 07:00:00,1119.1,57.0,1095.578,2,0
2010-10-27 08:00:00,1154.8999999999999,65.0,1124.4099889807162,2,0
2010-10-27 09:00:00,1149.0,69.0,1170.8263691460054,2,0
2010-10-27 10:00:00,1258.8000000000002,74.0,1227.111399449036,2,0
2010-10-27 11:00:00,1273.1999999999998,79.0,1273.7009201101928,2,0
2010-10-27 12:00:00,1329.8,81.0,1306.4041707988983,2,0
2010-10-27 13:00:00,1336.9,83.0,1319.440479338843,2,0
2010-10-27 14:00:00,1327.3999999999999,80.0,1328.3660220385673,2,0
2010-10-27 15:00:00,1339.9,81.0,1322.9250523415976,2,0
2010-10-27 16:00:00,1343.8,81.0,1334.809526170799,2,0
2010-10-27 17:00:00,1434.9,77.0,1330.2041157024796,2,0
2010-10-27 18:00:00,1405.1,73.0,1345.9868374655648,2,0
2010-10-27 19:00:00,1312.6,71.0,1333.8243581267218,2,0
2010-10-27 20:00:00,1240.0,70.0,1264.094958677686,2,0
2010-10-27 21:00:00,1196.4,69.0,1160.5210909090908,2,0
2010-10-27 22:00:00,743.2,66.0,799.0602809917357,2,0
2010-10-27 23:00:00,706.5,67.0,678.3526666666669,2,0
2010-10-28 00:00:00,687.7,66.0,662.4317851239671,3,0
2010-10-28 01:00:00,645.8,64.0,650.8579449035813,3,0
2010-10-28 02:00:00,652.7,64.0,700.741746556474,3,0
2010-10-28 03:00:00,682.1999999999999,62.0,764.7416584022037,3,0
2010-10-28 04:00:00,666.2,64.0,764.6957741046831,3,0
2010-10-28 05:00:00,680.3,61.0,738.7853719008266,3,0
2010-10-28 06:00:00,755.0,61.0,806.8734820936643,3,0
2010-10-28 07:00:00,1095.1000000000001,65.0,1111.0099999999998,3,0
2010-10-28 08:00:00,1109.3,71.0,1144.7299889807164,3,0
2010-10-28 09:00:00,1190.5,75.0,1192.3383691460056,3,0
2010-10-28 10:00:00,1301.1,78.0,1250.403399449036,3,0
2010-10-28 11:00:00,1321.9,80.0,1298.448920110193,3,0
2010-10-28 12:00:00,1353.1,83.0,1329.4281707988982,3,0
2010-10-28 13:00:00,1374.9,79.0,1341.6404793388429,3,0
2010-10-28 14:00:00,1395.1999999999998,77.0,1349.7820220385674,3,0
2010-10-28 15:00:00,1381.4999999999998,76.0,1343.8970523415976,3,0
2010-10-28 16:00:00,1384.6,74.0,1356.0655261707989,3,0
2010-10-28 17:00:00,1444.0,72.0,1352.1881157024795,3,0
2010-10-28 18:00:00,1447.4,69.0,1367.6388374655648,3,0
2010-10-28 19:00:00,1395.3000000000002,66.0,1356.0163581267216,3,0
2010-10-28 20:00:00,1351.1000000000001,63.0,1287.846958677686,3,0
2010-10-28 21:00:00,1239.6999999999998,63.0,1186.3010909090908,3,0
2010-10-28 22:00:00,747.4,61.0,822.5282809917358,3,0
2010-10-28 23:00:00,707.7,60.0,700.7246666666665,3,0
2010-10-29 00:00:00,687.1000000000001,57.0,682.9637851239672,4,0
2010-10-29 01:00:00,646.0,55.0,671.1299449035814,4,0
2010-10-29 02:00:00,642.7,57.0,718.3937465564738,4,0
2010-10-29 03:00:00,686.0,58.0,778.433658402204,4,0
2010-10-29 04:00:00,669.5,54.0,773.3757741046834,4,0
2010-10-29 05:00:00,679.5,56.0,744.6213719008266,4,0
2010-10-29 06:00:00,733.6999999999999,54.0,810.6414820936641,4,0
2010-10-29 07:00:00,1107.0,57.0,1110.618,4,0
2010-10-29 08:00:00,1124.3,63.0,1139.1139889807166,4,0
2010-10-29 09:00:00,1195.6,71.0,1182.4503691460056,4,0
2010-10-29 10:00:00,1284.8,75.0,1242.087399449036,4,0
2010-10-29 11:00:00,1336.8,77.0,1290.536920110193,4,0
2010-10-29 12:00:00,1355.8000000000002,73.0,1323.0401707988983,4,0
2010-10-29 13:00:00,1391.6999999999998,73.0,1337.824479338843,4,0
2010-10-29 14:00:00,1367.6999999999998,69.0,1348.7740220385672,4,0
2010-10-29 15:00:00,1350.3,68.0,1345.7130523415976,4,0
2010-10-29 16:00:00,1300.9,68.0,1360.793526170799,4,0
2010-10-29 17:00:00,1413.7,66.0,1359.5841157024793,4,0
2010-10-29 18:00:00,1404.8,64.0,1378.666837465565,4,0
2010-10-29 19:00:00,1333.6,63.0,1368.2283581267213,4,0
2010-10-29 20:00:00,1303.2,62.0,1300.194958677686,4,0
2010-10-29 21:00:00,1244.0,60.0,1197.5530909090912,4,0
2010-10-29 22:00:00,830.0,59.0,832.7122809917355,4,0
2010-10-29 23:00:00,722.0,58.0,709.2206666666668,4,0
2010-10-30 00:00:00,726.4,59.0,690.2837851239669,5,0
2010-10-30 01:00:00,709.6999999999999,60.0,675.6059449035811,5,0
2010-10-30 02:00:00,713.0999999999999,59.0,720.6257465564743,5,0
2010-10-30 03:00:00,746.6,59.0,781.229658402204,5,0
2010-10-30 04:00:00,746.1,56.0,777.4317741046834,5,0
2010-10-30 05:00:00,749.5,57.0,751.6933719008265,5,0
2010-10-30 06:00:00,823.6999999999999,56.0,818.8694820936639,5,0
2010-10-30 07:00:00,1115.3,56.0,1122.374,5,0
2010-10-30 08:00:00,1139.6,59.0,1156.5819889807165,5,0
2010-10-30 09:00:00,1183.1999999999998,61.0,1202.8143691460057,5,0
2010-10-30 10:00:00,1263.1999999999998,63.0,1261.743399449036,5,0
2010-10-30 11:00:00,1278.3,65.0,1306.6089201101927,5,0
2010-10-30 12:00:00,1341.3,64.0,1337.8921707988982,5,0
2010-10-30 13:00:00,1323.3000000000002,64.0,1349.5684793388432,5,0
2010-10-30 14:00:00,1328.4,64.0,1356.0500220385675,5,0
2010-10-30 15:00:00,1336.8999999999999,64.0,1346.5450523415977,5,0
2010-10-30 16:00:00,1301.1999999999998,63.0,1356.3735261707986,5,0
2010-10-30 17:00:00,1405.4,62.0,1349.9121157024792,5,0
2010-10-30 18:00:00,1403.4,61.0,1363.5668374655643,5,0
2010-10-30 19:00:00,1379.1999999999998,61.0,1348.0683581267217,5,0
2010-10-30 20:00:00,1384.3,60.0,1277.7949586776858,5,0
2010-10-30 21:00:00,1268.5,58.0,1172.4090909090908,5,0
2010-10-30 22:00:00,816.6,59.0,804.0162809917354,5,0
2010-10-30 23:00:00,715.0,58.0,678.5886666666665,5,0
2010-10-31 00:00:00,710.1999999999999,56.0,658.8837851239671,6,0
2010-10-31 01:00:00,671.3,55.0,644.6259449035811,6,0
2010-10-31 02:00:00,665.1,54.0,693.309746556474,6,0
2010-10-31 03:00:00,655.9,53.0,755.1536584022035,6,0
2010-10-31 04:00:00,675.4000000000001,54.0,752.4917741046834,6,0
2010-10-31 05:00:00,694.8,52.0,725.5333719008266,6,0
2010-10-31 06:00:00,758.0,52.0,792.0174820936641,6,0
2010-10-31 07:00:00,1078.8,53.0,1093.4099999999999,6,0
2010-10-31 08:00:00,1091.8999999999999,57.0,1120.9459889807167,6,0
2010-10-31 09:00:00,1129.8999999999999,60.0,1146.0223691460053,6,0
2010-10-31 10:00:00,1162.0,63.0,1199.4993994490355,6,0
2010-10-31 11:00:00,1208.3,64.0,1244.6889201101928,6,0
2010-10-31 12:00:00,1263.6,65.0,1276.4681707988984,6,0
2010-10-31 13:00:00,1319.3,65.0,1289.6884793388426,6,0
2010-10-31 14:00:00,1351.6,64.0,1299.3900220385676,6,0
2010-10-31 15:00:00,1328.6000000000001,65.0,1294.125052341598,6,0
2010-10-31 16:00:00,1316.1999999999998,64.0,1307.909526170799,6,0
2010-10-31 17:00:00,1375.2,62.0,1305.6401157024793,6,0
2010-10-31 18:00:00,1377.8000000000002,61.0,1321.4108374655648,6,0
2010-10-31 19:00:00,1325.0,61.0,1309.3243581267218,6,0
2010-10-31 20:00:00,1263.1,59.0,1242.130958677686,6,0
2010-10-31 21:00:00,820.7,58.0,1141.6450909090904,6,0
2010-10-31 22:00:00,704.8,56.0,781.6082809917357,6,0
2010-10-31 23:00:00,709.7,56.0,667.6646666666668,6,0
2010-11-01 00:00:00,715.5999999999999,55.0,656.0797851239668,0,0
2010-11-01 01:00:00,693.7,55.0,651.1259449035811,0,0
2010-11-01 02:00:00,707.2,54.0,704.0897465564738,0,0
2010-11-01 03:00:00,713.9000000000001,54.0,769.7416584022037,0,0
2010-11-01 04:00:00,683.6,52.0,771.5517741046833,0,0
2010-11-01 05:00:00,728.9000000000001,52.0,749.4573719008264,0,0
2010-11-01 06:00:00,756.1999999999999,54.0,821.941482093664,0,0
2010-11-01 07:00:00,1098.3999999999999,55.0,1127.954,0,0
2010-11-01 08:00:00,1132.4,62.0,1162.5699889807165,0,0
2010-11-01 09:00:00,1204.7,67.0,1209.0223691460053,0,0
2010-11-01 10:00:00,1317.6,73.0,1285.2153994490363,0,0
2010-11-01 11:00:00,1394.1999999999998,74.0,1336.1689201101926,0,0
2010-11-01 12:00:00,1396.6,73.0,1368.616170798898,0,0
2010-11-01 13:00:00,1474.2,71.0,1383.120479338843,0,0
2010-11-01 14:00:00,1454.6000000000001,72.0,1394.7620220385675,0,0
2010-11-01 15:00:00,1447.0,74.0,1388.8730523415982,0,0
2010-11-01 16:00:00,1419.7,69.0,1402.2815261707988,0,0
2010-11-01 17:00:00,1511.8,67.0,1399.9681157024793,0,0
2010-11-01 18:00:00,1497.6000000000001,65.0,1416.0708374655646,0,0
2010-11-01 19:00:00,1414.9,64.0,1405.9043581267217,0,0
2010-11-01 20:00:00,1385.9,64.0,1340.1469586776857,0,0
2010-11-01 21:00:00,1233.9,65.0,1242.4050909090909,0,0
2010-11-01 22:00:00,824.9,62.0,882.8642809917353,0,0
2010-11-01 23:00:00,742.0,61.0,766.3686666666667,0,0
2010-11-02 00:00:00,727.0,61.0,752.523785123967,1,0
2010-11-02 01:00:00,731.2,62.0,743.3619449035812,1,0
2010-11-02 02:00:00,778.1,61.0,792.7937465564737,1,0
2010-11-02 03:00:00,740.4,57.0,856.5256584022038,1,0
2010-11-02 04:00:00,732.1999999999999,58.0,856.3277741046834,1,0
2010-11-02 05:00:00,736.0,60.0,831.1773719008269,1,0
2010-11-02 06:00:00,798.5999999999999,57.0,898.8934820936643,1,0
2010-11-02 07:00:00,1144.6,61.0,1202.346,1,0
2010-11-02 08:00:00,1187.9,69.0,1232.7899889807163,1,0
2010-11-02 09:00:00,1313.8,77.0,1277.0863691460054,1,0
2010-11-02 10:00:00,1404.8000000000002,82.0,1339.175399449036,1,0
2010-11-02 11:00:00,1486.0,85.0,1388.3569201101927,1,0
2010-11-02 12:00:00,1526.0,86.0,1422.976170798898,1,0
2010-11-02 13:00:00,1502.0,87.0,1440.1244793388432,1,0
2010-11-02 14:00:00,1521.1999999999998,83.0,1451.6180220385672,1,0
2010-11-02 15:00:00,1502.0000000000002,83.0,1445.8490523415978,1,0
2010-11-02 16:00:00,1487.9,85.0,1460.253526170799,1,0
2010-11-02 17:00:00,1538.9,75.0,1458.7441157024796,1,0
2010-11-02 18:00:00,1515.0,72.0,1477.8748374655647,1,0
2010-11-02 19:00:00,1470.6999999999998,68.0,1468.1883581267218,1,0
2010-11-02 20:00:00,1371.5,68.0,1403.1669586776861,1,0
2010-11-02 21:00:00,1302.8,68.0,1305.293090909091,1,0
2010-11-02 22:00:00,885.5,68.0,944.6202809917354,1,0
2010-11-02 23:00:00,817.8000000000001,67.0,826.5006666666673,1,0
2010-11-03 00:00:00,813.6,67.0,809.8917851239671,2,0
2010-11-03 01:00:00,808.7,65.0,799.925944903581,2,0
2010-11-03 02:00:00,811.9000000000001,68.0,853.0017465564742,2,0
2010-11-03 03:00:00,814.3,63.0,917.3776584022039,2,0
2010-11-03 04:00:00,783.6,69.0,916.3517741046833,2,0
2010-11-03 05:00:00,804.7,64.0,891.8053719008266,2,0
2010-11-03 06:00:00,881.4,63.0,960.8934820936643,2,0
2010-11-03 07:00:00,1199.0,64.0,1266.714,2,0
2010-11-03 08:00:00,1252.5,72.0,1298.0019889807163,2,0
2010-11-03 09:00:00,1366.0,80.0,1347.1583691460055,2,0
2010-11-03 10:00:00,1485.6,87.0,1406.983399449036,2,0
2010-11-03 11:00:00,1532.6,92.0,1455.4809201101928,2,0
2010-11-03 12:00:00,1548.6999999999998,95.0,1487.8521707988984,2,0
2010-11-03 13:00:00,1611.3,91.0,1501.2724793388431,2,0
2010-11-03 14:00:00,1640.1,85.0,1509.9980220385678,2,0
2010-11-03 15:00:00,1584.7,88.0,1502.5130523415978,2,0
2010-11-03 16:00:00,1522.2,88.0,1514.761526170799,2,0
2010-11-03 17:00:00,1622.2,83.0,1504.1521157024795,2,0
2010-11-03 18:00:00,1576.4,74.0,1519.2588374655652,2,0
2010-11-03 19:00:00,1547.3000000000002,73.0,1509.5883581267217,2,0
2010-11-03 20:00:00,1448.3999999999999,69.0,1445.5029586776864,2,0
2010-11-03 21:00:00,1409.8999999999999,74.0,1348.6370909090908,2,0
2010-11-03 22:00:00,897.8000000000001,74.0,988.6522809917358,2,0
2010-11-03 23:00:00,861.3,78.0,871.9046666666663,2,0
2010-11-04 00:00:00,833.2,79.0,857.1237851239671,3,0
2010-11-04 01:00:00,802.1,74.0,847.9379449035812,3,0
2010-11-04 02:00:00,820.2,76.0,898.1137465564741,3,0
2010-11-04 03:00:00,805.2,75.0,961.5896584022039,3,0
2010-11-04 04:00:00,803.6,72.0,960.6037741046835,3,0
2010-11-04 05:00:00,628.6,72.0,937.1733719008265,3,0
2010-11-04 06:00:00,849.5,66.0,1005.1574820936639,3,0
2010-11-04 07:00:00,1282.1999999999998,72.0,1310.082,3,0
2010-11-04 08:00:00,1330.3,81.0,1342.2859889807162,3,0
2010-11-04 09:00:00,1455.8000000000002,84.0,1388.8783691460055,3,0
2010-11-04 10:00:00,1555.0000000000002,89.0,1444.131399449036,3,0
2010-11-04 11:00:00,1647.7,93.0,1489.664920110193,3,0
2010-11-04 12:00:00,1641.0,95.0,1520.172170798898,3,0
2010-11-04 13:00:00,1653.5,94.0,1532.3524793388433,3,0
2010-11-04 14:00:00,1676.9,94.0,1541.0820220385676,3,0
2010-11-04 15:00:00,1681.1,92.0,1532.7410523415979,3,0
2010-11-04 16:00:00,1605.9,87.0,1543.417526170799,3,0
2010-11-04 17:00:00,1684.4,84.0,1538.2441157024796,3,0
2010-11-04 18:00:00,1632.1000000000001,80.0,1562.378837465565,3,0
2010-11-04 19:00:00,1586.2999999999997,72.0,1550.7443581267214,3,0
2010-11-04 20:00:00,1547.9,74.0,1483.230958677686,3,0
2010-11-04 21:00:00,1422.6999999999998,76.0,1380.997090909091,3,0
2010-11-04 22:00:00,890.5999999999999,72.0,1015.0562809917358,3,0
2010-11-04 23:00:00,799.5,72.0,891.9526666666666,3,0
2010-11-05 00:00:00,830.0999999999999,69.0,869.1957851239672,4,0
2010-11-05 01:00:00,790.6999999999999,70.0,853.5139449035814,4,0
2010-11-05 02:00:00,813.7,67.0,897.129746556474,4,0
2010-11-05 03:00:00,792.1,69.0,954.9136584022035,4,0
2010-11-05 04:00:00,755.2,69.0,946.1797741046832,4,0
2010-11-05 05:00:00,784.5,68.0,916.8053719008266,4,0
2010-11-05 06:00:00,899.0999999999999,68.0,980.0934820936641,4,0
2010-11-05 07:00:00,1201.2,70.0,1280.2540000000004,4,0
2010-11-05 08:00:00,1327.8000000000002,75.0,1306.2779889807164,4,0
2010-11-05 09:00:00,1399.3999999999999,79.0,1346.3583691460053,4,0
2010-11-05 10:00:00,1495.9,82.0,1398.035399449036,4,0
2010-11-05 11:00:00,1558.1999999999998,84.0,1441.3009201101927,4,0
2010-11-05 12:00:00,1556.7,84.0,1471.444170798898,4,0
2010-11-05 13:00:00,1583.4,83.0,1482.3244793388433,4,0
2010-11-05 14:00:00,1555.1,79.0,1489.4540220385675,4,0
2010-11-05 15:00:00,1575.6,77.0,1480.9090523415978,4,0
2010-11-05 16:00:00,1508.6,78.0,1492.8215261707987,4,0
2010-11-05 17:00:00,1619.5,77.0,1488.8761157024792,4,0
2010-11-05 18:00:00,1576.8999999999999,72.0,1499.306837465565,4,0
2010-11-05 19:00:00,1522.9,70.0,1483.6843581267217,4,0
2010-11-05 20:00:00,1432.4,70.0,1413.210958677686,4,0
2010-11-05 21:00:00,1359.4,68.0,1306.169090909091,4,0
2010-11-05 22:00:00,814.0,66.0,938.5962809917355,4,0
2010-11-05 23:00:00,735.6,66.0,813.6326666666669,4,0
2010-11-06 00:00:00,759.2,67.0,791.367785123967,5,0
2010-11-06 01:00:00,755.0999999999999,66.0,771.5259449035811,5,0
2010-11-06 02:00:00,762.3,63.0,813.077746556474,5,0
2010-11-06 03:00:00,780.5,65.0,867.9656584022039,5,0
2010-11-06 04:00:00,773.0,64.0,857.6837741046834,5,0
2010-11-06 05:00:00,766.8000000000001,64.0,825.8413719008264,5,0
2010-11-06 06:00:00,712.4000000000001,62.0,887.1694820936643,5,0
2010-11-06 07:00:00,1151.1,62.0,1184.862,5,0
2010-11-06 08:00:00,1172.8000000000002,63.0,1211.9379889807165,5,0
2010-11-06 09:00:00,1276.7,66.0,1255.006369146006,5,0
2010-11-06 10:00:00,1398.7,69.0,1310.6713994490356,5,0
2010-11-06 11:00:00,1452.6,65.0,1357.932920110193,5,0
2010-11-06 12:00:00,1479.5,64.0,1392.7561707988982,5,0
2010-11-06 13:00:00,1395.1,65.0,1407.0204793388432,5,0
2010-11-06 14:00:00,1433.3999999999999,64.0,1416.4300220385676,5,0
2010-11-06 15:00:00,1381.4,63.0,1409.1450523415979,5,0
2010-11-06 16:00:00,1364.4,63.0,1420.821526170799,5,0
2010-11-06 17:00:00,1460.5,62.0,1414.7201157024792,5,0
2010-11-06 18:00:00,1463.0,61.0,1429.9668374655648,5,0
2010-11-06 19:00:00,1406.0,62.0,1423.2363581267216,5,0
2010-11-06 20:00:00,1395.3000000000002,62.0,1356.2989586776862,5,0
2010-11-06 21:00:00,1318.6000000000001,60.0,1256.1850909090906,5,0
2010-11-06 22:00:00,850.4,60.0,891.8842809917357,5,0
2010-11-06 23:00:00,758.9000000000001,58.0,767.7806666666665,5,0
2010-11-07 00:00:00,812.3,57.0,745.1557851239668,6,0
2010-11-07 01:00:00,768.8,56.0,726.3459449035811,6,0
2010-11-07 02:00:00,783.7,55.0,771.7377465564741,6,0
2010-11-07 03:00:00,760.5999999999999,53.0,828.701658402204,6,0
2010-11-07 04:00:00,755.4999999999999,54.0,829.2997741046834,6,0
2010-11-07 05:00:00,730.7,54.0,801.3053719008266,6,0
2010-11-07 06:00:00,815.0999999999999,55.0,867.0214820936637,6,0
2010-11-07 07:00:00,1186.7,59.0,1166.2579999999996,6,0
2010-11-07 08:00:00,1211.1000000000001,62.0,1194.4019889807162,6,0
2010-11-07 09:00:00,1294.8999999999999,65.0,1220.4943691460053,6,0
2010-11-07 10:00:00,1357.8000000000002,66.0,1275.2633994490361,6,0
2010-11-07 11:00:00,1376.9,65.0,1322.600920110193,6,0
2010-11-07 12:00:00,1364.9,65.0,1355.0041707988983,6,0
2010-11-07 13:00:00,1343.6999999999998,65.0,1366.272479338843,6,0
2010-11-07 14:00:00,1341.1,63.0,1374.5220220385672,6,0
2010-11-07 15:00:00,1311.6,62.0,1366.777052341598,6,0
2010-11-07 16:00:00,1442.2,61.0,1378.601526170799,6,0
2010-11-07 17:00:00,1412.4999999999998,61.0,1373.4121157024792,6,0
2010-11-07 18:00:00,1413.7,61.0,1389.8668374655645,6,0
2010-11-07 19:00:00,1330.7,60.0,1378.5683581267217,6,0
2010-11-07 20:00:00,1305.1000000000001,60.0,1311.1109586776856,6,0
2010-11-07 21:00:00,857.0999999999999,60.0,1206.673090909091,6,0
2010-11-07 22:00:00,787.2,61.0,839.1562809917357,6,0
2010-11-07 23:00:00,797.2,59.0,714.3606666666665,6,0
2010-11-08 00:00:00,775.0999999999999,58.0,692.8797851239667,0,0
2010-11-08 01:00:00,747.0,58.0,676.3339449035811,0,0
2010-11-08 02:00:00,768.4,58.0,721.2977465564741,0,0
2010-11-08 03:00:00,770.5,58.0,780.3296584022037,0,0
2010-11-08 04:00:00,739.3,58.0,780.2637741046833,0,0
2010-11-08 05:00:00,735.9999999999999,58.0,745.7933719008266,0,0
2010-11-08 06:00:00,809.1999999999999,57.0,810.1294820936637,0,0
2010-11-08 07:00:00,1175.2,59.0,1111.2340000000002,0,0
2010-11-08 08:00:00,1233.7,61.0,1141.1779889807165,0,0
2010-11-08 09:00:00,1225.1,65.0,1185.1583691460055,0,0
2010-11-08 10:00:00,1295.6,67.0,1257.391399449036,0,0
2010-11-08 11:00:00,1318.7,65.0,1302.0969201101927,0,0
2010-11-08 12:00:00,1317.8000000000002,69.0,1328.9841707988985,0,0
2010-11-08 13:00:00,1285.7,68.0,1338.0924793388433,0,0
2010-11-08 14:00:00,1279.0,67.0,1344.2460220385678,0,0
2010-11-08 15:00:00,1271.0,64.0,1333.7250523415973,0,0
2010-11-08 16:00:00,1355.8,62.0,1342.4495261707987,0,0
2010-11-08 17:00:00,1328.4,60.0,1334.764115702479,0,0
2010-11-08 18:00:00,1331.2,60.0,1346.8588374655646,0,0
2010-11-08 19:00:00,1328.1000000000001,59.0,1332.452358126722,0,0
2010-11-08 20:00:00,1274.8000000000002,59.0,1260.7029586776862,0,0
2010-11-08 21:00:00,1214.1,59.0,1151.457090909091,0,0
2010-11-08 22:00:00,762.3,58.0,782.6122809917356,0,0
2010-11-08 23:00:00,668.2,58.0,657.5766666666666,0,0
2010-11-09 00:00:00,675.5,57.0,636.3317851239669,1,0
2010-11-09 01:00:00,655.8,57.0,621.3619449035814,1,0
2010-11-09 02:00:00,694.2,57.0,667.677746556474,1,0
2010-11-09 03:00:00,685.8,54.0,728.8696584022039,1,0
2010-11-09 04:00:00,671.6999999999999,53.0,730.7677741046832,1,0
2010-11-09 05:00:00,657.4,53.0,699.1333719008265,1,0
2010-11-09 06:00:00,705.5,51.0,766.3974820936637,1,0
2010-11-09 07:00:00,1091.6,58.0,1069.0979999999997,1,0
2010-11-09 08:00:00,1114.9,61.0,1099.4779889807164,1,0
2010-11-09 09:00:00,1127.5,64.0,1143.718369146006,1,0
2010-11-09 10:00:00,1192.6,66.0,1201.8393994490357,1,0
2010-11-09 11:00:00,1250.5,65.0,1248.3689201101931,1,0
2010-11-09 12:00:00,1265.5,64.0,1281.7361707988982,1,0
2010-11-09 13:00:00,1278.0,63.0,1296.2644793388426,1,0
2010-11-09 14:00:00,1254.8,63.0,1307.086022038567,1,0
2010-11-09 15:00:00,1262.8999999999999,62.0,1300.6890523415977,1,0
2010-11-09 16:00:00,1364.3000000000002,60.0,1313.253526170799,1,0
2010-11-09 17:00:00,1312.9,60.0,1308.2881157024794,1,0
2010-11-09 18:00:00,1320.3000000000002,57.0,1325.0388374655645,1,0
2010-11-09 19:00:00,1285.5,57.0,1313.7563581267214,1,0
2010-11-09 20:00:00,1283.1000000000001,54.0,1245.6589586776859,1,0
2010-11-09 21:00:00,1190.3000000000002,54.0,1141.5130909090908,1,0
2010-11-09 22:00:00,766.5,54.0,776.0202809917355,1,0
2010-11-09 23:00:00,688.9,51.0,653.6846666666665,1,0
2010-11-10 00:00:00,708.5,51.0,632.3717851239671,2,0
2010-11-10 01:00:00,691.7,50.0,617.0979449035813,2,0
2010-11-10 02:00:00,719.7,50.0,663.1017465564737,2,0
2010-11-10 03:00:00,714.7,49.0,725.2976584022038,2,0
2010-11-10 04:00:00,683.0,48.0,726.755774104683,2,0
2010-11-10 05:00:00,657.8,46.0,695.1773719008264,2,0
2010-11-10 06:00:00,743.3,48.0,764.289482093664,2,0
2010-11-10 07:00:00,1066.0,54.0,1069.1700000000003,2,0
2010-11-10 08:00:00,1122.6,59.0,1101.2979889807161,2,0
2010-11-10 09:00:00,1136.2,60.0,1146.1583691460055,2,0
2010-11-10 10:00:00,1178.8,62.0,1206.9793994490358,2,0
2010-11-10 11:00:00,1215.0,63.0,1255.200920110193,2,0
2010-11-10 12:00:00,1195.6000000000001,62.0,1289.504170798898,2,0
2010-11-10 13:00:00,1218.1,62.0,1304.324479338843,2,0
2010-11-10 14:00:00,1239.3,63.0,1315.2100220385678,2,0
2010-11-10 15:00:00,1263.8,61.0,1309.7970523415977,2,0
2010-11-10 16:00:00,1345.2,60.0,1322.641526170799,2,0
2010-11-10 17:00:00,1322.8,60.0,1318.6641157024792,2,0
2010-11-10 18:00:00,1351.0,62.0,1336.1548374655645,2,0
2010-11-10 19:00:00,1329.1,61.0,1325.8723581267213,2,0
2010-11-10 20:00:00,1284.2,60.0,1260.0269586776858,2,0
2010-11-10 21:00:00,1214.1,60.0,1157.129090909091,2,0
2010-11-10 22:00:00,810.2,58.0,793.1682809917352,2,0
2010-11-10 23:00:00,735.4,55.0,672.4286666666667,2,0
2010-11-11 00:00:00,752.6000000000001,53.0,655.839785123967,3,0
2010-11-11 01:00:00,732.0,53.0,646.8019449035814,3,0
2010-11-11 02:00:00,757.2,52.0,696.5257465564739,3,0
2010-11-11 03:00:00,764.8,50.0,761.4936584022039,3,0
2010-11-11 04:00:00,718.9,54.0,764.9037741046834,3,0
2010-11-11 05:00:00,693.8,54.0,736.6653719008267,3,0
2010-11-11 06:00:00,762.2,60.0,805.681482093664,3,0
2010-11-11 07:00:00,1128.8,64.0,1108.5499999999997,3,0
2010-11-11 08:00:00,1153.3,67.0,1139.2139889807163,3,0
2010-11-11 09:00:00,1175.1,69.0,1183.5343691460055,3,0
2010-11-11 10:00:00,1225.8000000000002,71.0,1241.5393994490357,3,0
2010-11-11 11:00:00,1241.1,72.0,1286.6569201101931,3,0
2010-11-11 12:00:00,1278.2,74.0,1317.8721707988982,3,0
2010-11-11 13:00:00,1304.1,74.0,1329.344479338843,3,0
2010-11-11 14:00:00,1272.4,74.0,1336.1620220385676,3,0
2010-11-11 15:00:00,1317.6,73.0,1327.3810523415978,3,0
2010-11-11 16:00:00,1394.8999999999999,70.0,1336.3255261707986,3,0
2010-11-11 17:00:00,1387.2,68.0,1329.7121157024794,3,0
2010-11-11 18:00:00,1358.5,68.0,1344.3588374655646,3,0
2010-11-11 19:00:00,1309.5,67.0,1331.0643581267218,3,0
2010-11-11 20:00:00,1291.2,67.0,1261.090958677686,3,0
2010-11-11 21:00:00,1201.7,64.0,1156.2450909090905,3,0
2010-11-11 22:00:00,763.5999999999999,60.0,789.4042809917355,3,0
2010-11-11 23:00:00,701.4999999999999,61.0,667.0766666666666,3,0
2010-11-12 00:00:00,721.9,58.0,650.4957851239672,4,0
2010-11-12 01:00:00,692.3999999999999,59.0,638.3859449035813,4,0
2010-11-12 02:00:00,695.8000000000001,53.0,687.117746556474,4,0
2010-11-12 03:00:00,718.1,51.0,750.7016584022037,4,0
2010-11-12 04:00:00,671.5,50.0,752.1917741046832,4,0
2010-11-12 05:00:00,663.8,50.0,721.9453719008264,4,0
2010-11-12 06:00:00,727.0999999999999,50.0,788.0494820936642,4,0
2010-11-12 07:00:00,1072.4,57.0,1090.79,4,0
2010-11-12 08:00:00,1112.9,64.0,1120.7339889807167,4,0
2010-11-12 09:00:00,1157.1000000000001,70.0,1164.5623691460057,4,0
2010-11-12 10:00:00,1192.6999999999998,73.0,1223.0233994490359,4,0
2010-11-12 11:00:00,1248.4,74.0,1269.288920110193,4,0
2010-11-12 12:00:00,1304.5,70.0,1301.340170798898,4,0
2010-11-12 13:00:00,1309.9,71.0,1313.864479338843,4,0
2010-11-12 14:00:00,1333.6,68.0,1322.4420220385678,4,0
2010-11-12 15:00:00,1316.1,69.0,1316.1770523415976,4,0
2010-11-12 16:00:00,1400.7,65.0,1327.7015261707986,4,0
2010-11-12 17:00:00,1386.7000000000003,62.0,1323.7401157024792,4,0
2010-11-12 18:00:00,1350.1,60.0,1339.8748374655647,4,0
2010-11-12 19:00:00,1313.8000000000002,57.0,1328.492358126722,4,0
2010-11-12 20:00:00,1253.6,56.0,1261.2949586776858,4,0
2010-11-12 21:00:00,1196.4,56.0,1158.449090909091,4,0
2010-11-12 22:00:00,762.6,56.0,795.1242809917358,4,0
2010-11-12 23:00:00,683.6,55.0,678.1126666666669,4,0
2010-11-13 00:00:00,708.8999999999999,54.0,663.607785123967,5,0
2010-11-13 01:00:00,688.0,54.0,654.8819449035809,5,0
2010-11-13 02:00:00,700.1999999999999,53.0,706.4337465564736,5,0
2010-11-13 03:00:00,719.6,52.0,769.9576584022038,5,0
2010-11-13 04:00:00,689.3,53.0,772.2837741046831,5,0
2010-11-13 05:00:00,682.7,50.0,741.8933719008265,5,0
2010-11-13 06:00:00,734.3000000000001,51.0,809.9174820936639,5,0
2010-11-13 07:00:00,1085.1,62.0,1115.286,5,0
2010-11-13 08:00:00,1125.8999999999999,66.0,1148.1219889807164,5,0
2010-11-13 09:00:00,1166.7,69.0,1195.3063691460052,5,0
2010-11-13 10:00:00,1262.6,71.0,1254.367399449036,5,0
2010-11-13 11:00:00,1348.2,74.0,1301.5449201101933,5,0
2010-11-13 12:00:00,1363.6999999999998,75.0,1334.6121707988982,5,0
2010-11-13 13:00:00,1420.8,72.0,1347.176479338843,5,0
2010-11-13 14:00:00,1409.9,72.0,1356.6100220385674,5,0
2010-11-13 15:00:00,1375.8,70.0,1349.6250523415977,5,0
2010-11-13 16:00:00,1420.1,68.0,1360.741526170799,5,0
2010-11-13 17:00:00,1388.9,64.0,1355.1281157024791,5,0
2010-11-13 18:00:00,1397.6,61.0,1368.9148374655647,5,0
2010-11-13 19:00:00,1371.1000000000001,68.0,1356.7523581267212,5,0
2010-11-13 20:00:00,1330.2,67.0,1290.8109586776864,5,0
2010-11-13 21:00:00,1242.7,62.0,1189.153090909091,5,0
2010-11-13 22:00:00,772.3,61.0,826.9402809917356,5,0
2010-11-13 23:00:00,705.4000000000001,58.0,707.6886666666669,5,0
2010-11-14 00:00:00,716.4,60.0,690.2717851239668,6,0
2010-11-14 01:00:00,676.0,62.0,679.5099449035811,6,0
2010-11-14 02:00:00,717.1999999999999,57.0,724.713746556474,6,0
2010-11-14 03:00:00,706.0,57.0,785.4816584022037,6,0
2010-11-14 04:00:00,680.6,55.0,786.0517741046829,6,0
2010-11-14 05:00:00,659.1999999999999,54.0,755.8093719008265,6,0
2010-11-14 06:00:00,694.5,54.0,823.7014820936638,6,0
2010-11-14 07:00:00,1072.8,62.0,1126.858,6,0
2010-11-14 08:00:00,1170.0,69.0,1155.6699889807162,6,0
2010-11-14 09:00:00,1209.4,73.0,1182.8303691460053,6,0
2010-11-14 10:00:00,1300.0,74.0,1238.6033994490358,6,0
2010-11-14 11:00:00,1362.1,75.0,1285.8369201101925,6,0
2010-11-14 12:00:00,1390.7,75.0,1319.2241707988983,6,0
2010-11-14 13:00:00,1429.1,72.0,1333.592479338843,6,0
2010-11-14 14:00:00,1362.1,71.0,1344.0740220385674,6,0
2010-11-14 15:00:00,1383.1999999999998,69.0,1338.3970523415976,6,0
2010-11-14 16:00:00,1435.9,66.0,1351.5055261707987,6,0
2010-11-14 17:00:00,1412.0,64.0,1348.9881157024793,6,0
2010-11-14 18:00:00,1396.5,62.0,1368.0628374655648,6,0
2010-11-14 19:00:00,1363.3,61.0,1359.5363581267218,6,0
2010-11-14 20:00:00,1286.8999999999999,61.0,1293.7949586776863,6,0
2010-11-14 21:00:00,818.7,58.0,1190.8210909090906,6,0
2010-11-14 22:00:00,736.4,58.0,826.7042809917352,6,0
2010-11-14 23:00:00,716.5,57.0,704.4966666666667,6,0
2010-11-15 00:00:00,746.2,57.0,685.059785123967,0,0
2010-11-15 01:00:00,728.6,59.0,669.6579449035812,0,0
2010-11-15 02:00:00,731.4000000000001,55.0,713.2457465564739,0,0
2010-11-15 03:00:00,755.6999999999999,55.0,774.7656584022038,0,0
2010-11-15 04:00:00,716.8,55.0,775.0237741046833,0,0
2010-11-15 05:00:00,727.9,53.0,743.9413719008265,0,0
2010-11-15 06:00:00,803.1999999999999,55.0,812.2574820936641,0,0
2010-11-15 07:00:00,1123.9,61.0,1116.4419999999998,0,0
2010-11-15 08:00:00,1162.7000000000003,67.0,1146.4579889807164,0,0
2010-11-15 09:00:00,1220.6,70.0,1192.6783691460055,0,0
2010-11-15 10:00:00,1295.1,73.0,1268.0713994490357,0,0
2010-11-15 11:00:00,1325.6000000000001,74.0,1316.928920110193,0,0
2010-11-15 12:00:00,1354.1,71.0,1349.1001707988985,0,0
2010-11-15 13:00:00,1340.1,69.0,1361.6924793388428,0,0
2010-11-15 14:00:00,1330.0,68.0,1369.7180220385676,0,0
2010-11-15 15:00:00,1354.2,68.0,1362.5410523415978,0,0
2010-11-15 16:00:00,1435.5,65.0,1373.0015261707988,0,0
2010-11-15 17:00:00,1406.8000000000002,63.0,1367.5361157024795,0,0
2010-11-15 18:00:00,1430.1999999999998,62.0,1381.9828374655644,0,0
2010-11-15 19:00:00,1387.8999999999999,59.0,1369.3563581267215,0,0
2010-11-15 20:00:00,1309.1999999999998,58.0,1301.9549586776861,0,0
2010-11-15 21:00:00,1251.9,58.0,1196.8650909090902,0,0
2010-11-15 22:00:00,802.9,58.0,829.7202809917355,0,0
2010-11-15 23:00:00,721.1999999999999,54.0,705.3926666666666,0,0
2010-11-16 00:00:00,726.9000000000001,55.0,687.3797851239669,1,0
2010-11-16 01:00:00,714.0,54.0,671.849944903581,1,0
2010-11-16 02:00:00,722.5999999999999,52.0,718.4137465564736,1,0
2010-11-16 03:00:00,732.4,51.0,780.4176584022036,1,0
2010-11-16 04:00:00,700.3,53.0,780.451774104683,1,0
2010-11-16 05:00:00,690.3999999999999,50.0,748.1053719008261,1,0
2010-11-16 06:00:00,756.2,52.0,813.8014820936637,1,0
2010-11-16 07:00:00,1130.1000000000001,58.0,1115.7420000000002,1,0
2010-11-16 08:00:00,1172.3,60.0,1144.6499889807164,1,0
2010-11-16 09:00:00,1160.4,61.0,1190.1663691460053,1,0
2010-11-16 10:00:00,1230.6,63.0,1249.1233994490358,1,0
2010-11-16 11:00:00,1267.7,64.0,1296.3849201101928,1,0
2010-11-16 12:00:00,1353.2,64.0,1329.096170798898,1,0
2010-11-16 13:00:00,1300.3,64.0,1342.740479338843,1,0
2010-11-16 14:00:00,1315.4,62.0,1352.494022038568,1,0
2010-11-16 15:00:00,1334.1999999999998,61.0,1346.613052341598,1,0
2010-11-16 16:00:00,1400.9,59.0,1358.0655261707986,1,0
2010-11-16 17:00:00,1374.8,59.0,1353.9681157024793,1,0
2010-11-16 18:00:00,1359.5,59.0,1370.4468374655648,1,0
2010-11-16 19:00:00,1365.5,59.0,1359.4043581267215,1,0
2010-11-16 20:00:00,1306.1,59.0,1290.746958677686,1,0
2010-11-16 21:00:00,1256.6,58.0,1186.8170909090902,1,0
2010-11-16 22:00:00,825.1999999999999,59.0,823.3122809917352,1,0
2010-11-16 23:00:00,747.8,58.0,702.7966666666666,1,0
2010-11-17 00:00:00,745.1,58.0,687.6117851239667,2,0
2010-11-17 01:00:00,721.0,58.0,674.1499449035816,2,0
2010-11-17 02:00:00,751.2,58.0,724.1937465564736,2,0
2010-11-17 03:00:00,756.0,56.0,787.0216584022037,2,0
2010-11-17 04:00:00,701.8,55.0,789.5677741046829,2,0
2010-11-17 05:00:00,708.1,54.0,761.1213719008264,2,0
2010-11-17 06:00:00,769.5,53.0,831.173482093664,2,0
2010-11-17 07:00:00,1122.7,57.0,1135.5500000000002,2,0
2010-11-17 08:00:00,1147.1,61.0,1165.6939889807163,2,0
2010-11-17 09:00:00,1199.0,63.0,1211.618369146005,2,0
2010-11-17 10:00:00,1261.4,63.0,1270.4433994490357,2,0
2010-11-17 11:00:00,1298.5,63.0,1317.4969201101928,2,0
2010-11-17 12:00:00,1366.0,63.0,1349.5921707988978,2,0
2010-11-17 13:00:00,1351.1000000000001,63.0,1363.608479338843,2,0
2010-11-17 14:00:00,1362.6000000000001,62.0,1373.5380220385669,2,0
2010-11-17 15:00:00,1340.1999999999998,62.0,1366.9330523415977,2,0
2010-11-17 16:00:00,1443.6999999999998,60.0,1378.293526170799,2,0
2010-11-17 17:00:00,1437.6999999999998,60.0,1374.4481157024798,2,0
2010-11-17 18:00:00,1436.4,59.0,1391.3588374655646,2,0
2010-11-17 19:00:00,1355.6999999999998,58.0,1380.776358126722,2,0
2010-11-17 20:00:00,1314.6,56.0,1312.614958677686,2,0
2010-11-17 21:00:00,1263.7,56.0,1208.2690909090904,2,0
2010-11-17 22:00:00,826.6,56.0,842.5242809917354,2,0
2010-11-17 23:00:00,764.9000000000001,54.0,720.752666666667,2,0
2010-11-18 00:00:00,756.3000000000001,54.0,709.3637851239666,3,0
2010-11-18 01:00:00,748.5,53.0,694.453944903581,3,0
2010-11-18 02:00:00,762.6,53.0,738.7977465564741,3,0
2010-11-18 03:00:00,766.5000000000001,54.0,800.297658402204,3,0
2010-11-18 04:00:00,723.1000000000001,52.0,801.3197741046829,3,0
2010-11-18 05:00:00,715.9000000000001,51.0,769.5973719008263,3,0
2010-11-18 06:00:00,798.0,53.0,835.4374820936641,3,0
2010-11-18 07:00:00,1147.5,56.0,1137.7859999999998,3,0
2010-11-18 08:00:00,1152.1,58.0,1170.1979889807162,3,0
2010-11-18 09:00:00,1163.4,61.0,1216.5583691460056,3,0
2010-11-18 10:00:00,1244.0,64.0,1275.1113994490354,3,0
2010-11-18 11:00:00,1297.9,62.0,1320.9329201101923,3,0
2010-11-18 12:00:00,1491.6999999999998,63.0,1351.8721707988982,3,0
2010-11-18 13:00:00,1327.6999999999998,62.0,1364.848479338843,3,0
2010-11-18 14:00:00,1270.8999999999999,62.0,1372.8660220385673,3,0
2010-11-18 15:00:00,1354.2,59.0,1365.1850523415978,3,0
2010-11-18 16:00:00,1411.6,58.0,1375.6655261707986,3,0
2010-11-18 17:00:00,1398.6,58.0,1370.3521157024793,3,0
2010-11-18 18:00:00,1394.0,58.0,1384.422837465565,3,0
2010-11-18 19:00:00,1381.8999999999999,58.0,1371.6523581267213,3,0
2010-11-18 20:00:00,1361.5,57.0,1301.7749586776858,3,0
2010-11-18 21:00:00,1283.1,57.0,1197.5730909090908,3,0
2010-11-18 22:00:00,826.9000000000001,57.0,832.8442809917353,3,0
2010-11-18 23:00:00,735.5,57.0,713.2446666666663,3,0
2010-11-19 00:00:00,744.5,58.0,690.3957851239666,4,0
2010-11-19 01:00:00,733.6999999999999,57.0,665.2779449035806,4,0
2010-11-19 02:00:00,742.3,58.0,707.5577465564736,4,0
2010-11-19 03:00:00,751.0,58.0,769.1496584022038,4,0
2010-11-19 04:00:00,711.5999999999999,58.0,767.995774104683,4,0
2010-11-19 05:00:00,700.5,58.0,736.3533719008263,4,0
2010-11-19 06:00:00,734.8,58.0,802.7774820936634,4,0
2010-11-19 07:00:00,1121.3,59.0,1105.0659999999998,4,0
2010-11-19 08:00:00,1134.0,59.0,1134.829988980716,4,0
2010-11-19 09:00:00,1172.0,59.0,1177.8463691460051,4,0
2010-11-19 10:00:00,1233.8,59.0,1235.3233994490358,4,0
2010-11-19 11:00:00,1334.8000000000002,60.0,1281.356920110193,4,0
2010-11-19 12:00:00,1204.6,60.0,1314.0721707988978,4,0
2010-11-19 13:00:00,1198.2,59.0,1327.3604793388429,4,0
2010-11-19 14:00:00,1195.8999999999999,59.0,1336.8980220385674,4,0
2010-11-19 15:00:00,1264.8000000000002,59.0,1330.2810523415978,4,0
2010-11-19 16:00:00,1371.2,58.0,1341.8375261707988,4,0
2010-11-19 17:00:00,1368.5,58.0,1338.5081157024792,4,0
2010-11-19 18:00:00,1369.5,58.0,1356.5308374655647,4,0
2010-11-19 19:00:00,1338.0,58.0,1347.0643581267213,4,0
2010-11-19 20:00:00,1321.5,58.0,1278.5309586776857,4,0
2010-11-19 21:00:00,1246.4,58.0,1174.601090909091,4,0
2010-11-19 22:00:00,819.4,58.0,807.2962809917356,4,0
2010-11-19 23:00:00,741.1,57.0,682.2966666666666,4,0
2010-11-20 00:00:00,759.5,57.0,658.7557851239671,5,0
2010-11-20 01:00:00,729.7,58.0,646.2859449035814,5,0
2010-11-20 02:00:00,765.5,56.0,696.9297465564741,5,0
2010-11-20 03:00:00,757.3,56.0,764.1576584022039,5,0
2010-11-20 04:00:00,723.0,55.0,768.6197741046833,5,0
2010-11-20 05:00:00,738.6,55.0,740.0013719008265,5,0
2010-11-20 06:00:00,818.1999999999999,55.0,808.8014820936639,5,0
2010-11-20 07:00:00,1140.6999999999998,56.0,1113.2540000000004,5,0
2010-11-20 08:00:00,1141.4,58.0,1146.0459889807162,5,0
2010-11-20 09:00:00,1160.7,60.0,1191.9703691460056,5,0
2010-11-20 10:00:00,1178.0,61.0,1250.5113994490362,5,0
2010-11-20 11:00:00,1189.6,62.0,1295.7369201101924,5,0
2010-11-20 12:00:00,1224.2,61.0,1327.336170798898,5,0
2010-11-20 13:00:00,1227.3000000000002,61.0,1340.036479338843,5,0
2010-11-20 14:00:00,1275.5,60.0,1348.8020220385674,5,0
2010-11-20 15:00:00,1330.7,59.0,1341.3370523415979,5,0
2010-11-20 16:00:00,1422.2,58.0,1352.4495261707987,5,0
2010-11-20 17:00:00,1403.6999999999998,58.0,1348.2921157024794,5,0
2010-11-20 18:00:00,1398.8,57.0,1363.538837465565,5,0
2010-11-20 19:00:00,1367.6,56.0,1349.9643581267217,5,0
2010-11-20 20:00:00,1353.3,52.0,1280.170958677686,5,0
2010-11-20 21:00:00,1279.1,50.0,1175.513090909091,5,0
2010-11-20 22:00:00,809.3,49.0,808.4562809917354,5,0
2010-11-20 23:00:00,713.4000000000001,50.0,685.1406666666669,5,0
2010-11-21 00:00:00,737.2,48.0,666.7357851239674,6,0
2010-11-21 01:00:00,730.0,49.0,653.2539449035812,6,0
2010-11-21 02:00:00,742.2,50.0,700.5537465564742,6,0
2010-11-21 03:00:00,759.3,50.0,762.721658402204,6,0
2010-11-21 04:00:00,718.2,56.0,762.111774104683,6,0
2010-11-21 05:00:00,729.3000000000001,53.0,728.7813719008265,6,0
2010-11-21 06:00:00,786.9,53.0,794.1694820936636,6,0
2010-11-21 07:00:00,1121.4,52.0,1095.3260000000002,6,0
2010-11-21 08:00:00,1129.3,54.0,1123.4219889807166,6,0
2010-11-21 09:00:00,1149.9,57.0,1148.3143691460057,6,0
2010-11-21 10:00:00,1172.9,58.0,1200.8233994490356,6,0
2010-11-21 11:00:00,1175.9,59.0,1246.124920110193,6,0
2010-11-21 12:00:00,1207.4,58.0,1277.9241707988979,6,0
2010-11-21 13:00:00,1221.6,59.0,1290.7564793388428,6,0
2010-11-21 14:00:00,1221.0,58.0,1298.7700220385677,6,0
2010-11-21 15:00:00,1283.8,58.0,1290.2490523415975,6,0
2010-11-21 16:00:00,1361.3,57.0,1300.6815261707989,6,0
2010-11-21 17:00:00,1336.9,56.0,1295.3921157024795,6,0
2010-11-21 18:00:00,1348.7,54.0,1312.4108374655648,6,0
2010-11-21 19:00:00,1314.5,51.0,1305.0043581267219,6,0
2010-11-21 20:00:00,1265.5,50.0,1235.114958677686,6,0
2010-11-21 21:00:00,785.1,50.0,1129.5810909090908,6,0
2010-11-21 22:00:00,691.1999999999999,49.0,762.4922809917352,6,0
2010-11-21 23:00:00,705.2,49.0,638.8726666666666,6,0
2010-11-22 00:00:00,714.5,45.0,619.359785123967,0,0
2010-11-22 01:00:00,711.0,45.0,605.0299449035813,0,0
2010-11-22 02:00:00,723.7,45.0,651.1577465564737,0,0
2010-11-22 03:00:00,709.5999999999999,44.0,714.2536584022039,0,0
2010-11-22 04:00:00,703.2,44.0,714.7997741046834,0,0
2010-11-22 05:00:00,696.2,42.0,684.5213719008267,0,0
2010-11-22 06:00:00,821.9,44.0,752.6254820936638,0,0
2010-11-22 07:00:00,1244.3,49.0,1055.67,0,0
2010-11-22 08:00:00,1107.6,54.0,1086.5979889807163,0,0
2010-11-22 09:00:00,1115.9,56.0,1131.7983691460056,0,0
2010-11-22 10:00:00,1161.3,58.0,1206.319399449036,0,0
2010-11-22 11:00:00,1163.2,58.0,1255.780920110193,0,0
2010-11-22 12:00:00,1166.0,58.0,1287.936170798898,0,0
2010-11-22 13:00:00,1183.6,58.0,1301.056479338843,0,0
2010-11-22 14:00:00,1186.0,59.0,1309.8100220385672,0,0
2010-11-22 15:00:00,1252.5,58.0,1302.2210523415977,0,0
2010-11-22 16:00:00,1343.3,57.0,1313.8535261707991,0,0
2010-11-22 17:00:00,1352.3,56.0,1308.9161157024791,0,0
2010-11-22 18:00:00,1349.8,56.0,1324.5508374655647,0,0
2010-11-22 19:00:00,1311.6,53.0,1311.2843581267218,0,0
2010-11-22 20:00:00,1283.2,52.0,1237.3829586776856,0,0
2010-11-22 21:00:00,1205.0,50.0,1133.889090909091,0,0
2010-11-22 22:00:00,747.5,49.0,768.4442809917357,0,0
2010-11-22 23:00:00,691.1,48.0,645.7606666666666,0,0
2010-11-23 00:00:00,715.2,47.0,627.8997851239665,1,0
2010-11-23 01:00:00,695.5,46.0,615.213944903581,1,0
2010-11-23 02:00:00,723.2,46.0,663.1137465564741,1,0
2010-11-23 03:00:00,714.4,47.0,727.5456584022038,1,0
2010-11-23 04:00:00,683.5,48.0,730.2077741046833,1,0
2010-11-23 05:00:00,690.0,48.0,701.1013719008266,1,0
2010-11-23 06:00:00,754.2,48.0,769.0974820936638,1,0
2010-11-23 07:00:00,1132.8,52.0,1073.634,1,0
2010-11-23 08:00:00,1130.2,54.0,1105.8699889807165,1,0
2010-11-23 09:00:00,1145.2,58.0,1151.1223691460052,1,0
2010-11-23 10:00:00,1168.4,59.0,1211.6993994490358,1,0
2010-11-23 11:00:00,1175.0,58.0,1260.436920110193,1,0
2010-11-23 12:00:00,1194.6,58.0,1294.7921707988983,1,0
2010-11-23 13:00:00,1183.3000000000002,58.0,1309.756479338843,1,0
2010-11-23 14:00:00,1192.3000000000002,58.0,1320.9020220385678,1,0
2010-11-23 15:00:00,1250.9,58.0,1315.0730523415978,1,0
2010-11-23 16:00:00,1364.8999999999999,56.0,1328.4815261707988,1,0
2010-11-23 17:00:00,1363.6,56.0,1326.2801157024792,1,0
2010-11-23 18:00:00,1362.5,56.0,1344.326837465565,1,0
2010-11-23 19:00:00,1350.0,56.0,1333.176358126722,1,0
2010-11-23 20:00:00,1313.0,54.0,1263.2949586776863,1,0
2010-11-23 21:00:00,1224.0,55.0,1159.2530909090908,1,0
2010-11-23 22:00:00,818.8,55.0,792.5202809917357,1,0
2010-11-23 23:00:00,729.3000000000001,54.0,668.4446666666668,1,0
2010-11-24 00:00:00,756.1,53.0,649.1157851239673,2,1
2010-11-24 01:00:00,742.3,51.0,635.2619449035815,2,1
2010-11-24 02:00:00,767.5,50.0,682.673746556474,2,1
2010-11-24 03:00:00,757.9000000000001,50.0,746.5616584022036,2,1
2010-11-24 04:00:00,732.7,47.0,748.5517741046833,2,1
2010-11-24 05:00:00,738.7,49.0,717.8613719008264,2,1
2010-11-24 06:00:00,808.3,49.0,784.8614820936639,2,1
2010-11-24 07:00:00,1118.0,51.0,1088.4460000000001,2,1
2010-11-24 08:00:00,1119.2,52.0,1118.7099889807162,2,1
2010-11-24 09:00:00,1154.1,56.0,1164.2063691460055,2,1
2010-11-24 10:00:00,1165.5,56.0,1225.3993994490359,2,1
2010-11-24 11:00:00,1147.3,58.0,1273.2089201101933,2,1
2010-11-24 12:00:00,1169.7,60.0,1308.084170798898,2,1
2010-11-24 13:00:00,1182.7,57.0,1323.328479338843,2,1
2010-11-24 14:00:00,1179.8000000000002,57.0,1333.8300220385677,2,1
2010-11-24 15:00:00,1243.6,55.0,1329.0290523415977,2,1
2010-11-24 16:00:00,1346.5,54.0,1343.5215261707988,2,1
2010-11-24 17:00:00,1345.6000000000001,53.0,1340.9721157024792,2,1
2010-11-24 18:00:00,1348.9,51.0,1348.1508374655646,2,1
2010-11-24 19:00:00,1338.9,51.0,1313.3883581267216,2,1
2010-11-24 20:00:00,1302.1,49.0,1222.0029586776861,2,1
2010-11-24 21:00:00,1259.8999999999999,50.0,1096.1330909090907,2,1
2010-11-24 22:00:00,853.2,49.0,705.2922809917352,2,1
2010-11-24 23:00:00,777.4000000000001,49.0,556.6326666666664,2,1
2010-11-25 00:00:00,807.3,46.0,513.1197851239673,3,0
2010-11-25 01:00:00,790.1999999999999,47.0,473.98994490358126,3,0
2010-11-25 02:00:00,798.1999999999999,46.0,495.5377465564731,3,0
2010-11-25 03:00:00,827.9000000000001,45.0,532.6576584022041,3,0
2010-11-25 04:00:00,803.3,45.0,509.8037741046831,3,0
2010-11-25 05:00:00,779.1999999999999,41.0,454.33737190082616,3,0
2010-11-25 06:00:00,585.3,41.0,496.6334820936638,3,0
2010-11-25 07:00:00,581.8,49.0,775.3580000000003,3,0
2010-11-25 08:00:00,566.8,56.0,782.421988980716,3,0
2010-11-25 09:00:00,597.4,59.0,805.9343691460053,3,0
2010-11-25 10:00:00,571.7,60.0,860.731399449036,3,0
2010-11-25 11:00:00,529.8,61.0,910.6289201101927,3,0
2010-11-25 12:00:00,537.4000000000001,59.0,943.9401707988977,3,0
2010-11-25 13:00:00,525.9,60.0,960.1044793388428,3,0
2010-11-25 14:00:00,532.6,59.0,976.8900220385676,3,0
2010-11-25 15:00:00,561.9000000000001,59.0,988.8450523415979,3,0
2010-11-25 16:00:00,718.0999999999999,57.0,1019.5215261707988,3,0
2010-11-25 17:00:00,707.8,52.0,1034.0281157024792,3,0
2010-11-25 18:00:00,713.3,54.0,1060.2788374655645,3,0
2010-11-25 19:00:00,703.8,53.0,1055.0803581267214,3,0
2010-11-25 20:00:00,710.9999999999999,52.0,1006.8949586776857,3,0
2010-11-25 21:00:00,699.4,54.0,925.2610909090909,3,0
2010-11-25 22:00:00,729.2,50.0,581.1042809917354,3,0
2010-11-25 23:00:00,864.0,47.0,482.3006666666664,3,0
2010-11-26 00:00:00,816.3,48.0,490.5477851239666,4,0
2010-11-26 01:00:00,864.4,48.0,505.6699449035812,4,0
2010-11-26 02:00:00,1003.2,46.0,582.3657465564738,4,0
2010-11-26 03:00:00,1277.5,47.0,673.9376584022041,4,0
2010-11-26 04:00:00,1277.9,46.0,703.6837741046834,4,0
2010-11-26 05:00:00,1276.1999999999998,44.0,699.1133719008268,4,0
2010-11-26 06:00:00,1102.6000000000001,45.0,792.9614820936638,4,0
2010-11-26 07:00:00,1097.9,52.0,1121.6179999999997,4,0
2010-11-26 08:00:00,1110.6,57.0,1177.045988980716,4,0
2010-11-26 09:00:00,1150.9,62.0,1245.0863691460054,4,0
2010-11-26 10:00:00,1182.1,65.0,1324.0993994490354,4,0
2010-11-26 11:00:00,1182.4,68.0,1371.7969201101928,4,0
2010-11-26 12:00:00,1213.9,64.0,1397.1401707988985,4,0
2010-11-26 13:00:00,1249.9,62.0,1405.992479338843,4,0
2010-11-26 14:00:00,1254.5,61.0,1407.7580220385676,4,0
2010-11-26 15:00:00,1276.0,60.0,1387.9650523415978,4,0
2010-11-26 16:00:00,1351.4,58.0,1376.4855261707987,4,0
2010-11-26 17:00:00,1351.8,55.0,1348.5721157024796,4,0
2010-11-26 18:00:00,1364.3,51.0,1345.7548374655648,4,0
2010-11-26 19:00:00,1316.5,51.0,1320.6803581267218,4,0
2010-11-26 20:00:00,1285.0,50.0,1251.5429586776859,4,0
2010-11-26 21:00:00,1221.5,50.0,1146.8610909090905,4,0
2010-11-26 22:00:00,774.0999999999999,48.0,779.7482809917356,4,0
2010-11-26 23:00:00,685.0,46.0,655.7686666666666,4,0
2010-11-27 00:00:00,703.7,44.0,636.1277851239668,5,0
2010-11-27 01:00:00,690.6,45.0,621.5579449035811,5,0
2010-11-27 02:00:00,701.8999999999999,42.0,666.9777465564744,5,0
2010-11-27 03:00:00,688.8,43.0,729.5696584022037,5,0
2010-11-27 04:00:00,673.5999999999999,40.0,731.4357741046831,5,0
2010-11-27 05:00:00,690.3,40.0,701.6293719008264,5,0
2010-11-27 06:00:00,872.9,40.0,769.3494820936642,5,0
2010-11-27 07:00:00,1118.3,48.0,1071.694,5,0
2010-11-27 08:00:00,1102.9,53.0,1103.7459889807162,5,0
2010-11-27 09:00:00,1118.5,56.0,1149.4303691460057,5,0
2010-11-27 10:00:00,1161.7,57.0,1208.0473994490358,5,0
2010-11-27 11:00:00,1163.4,56.0,1254.680920110193,5,0
2010-11-27 12:00:00,1169.3,58.0,1288.116170798898,5,0
2010-11-27 13:00:00,1184.1,59.0,1302.288479338843,5,0
2010-11-27 14:00:00,1196.6,57.0,1311.3340220385676,5,0
2010-11-27 15:00:00,1273.4,56.0,1304.7170523415978,5,0
2010-11-27 16:00:00,1368.5,54.0,1318.2295261707986,5,0
2010-11-27 17:00:00,1354.2,55.0,1316.2201157024792,5,0
2010-11-27 18:00:00,1355.1,56.0,1337.342837465565,5,0
2010-11-27 19:00:00,1309.6999999999998,52.0,1321.9523581267215,5,0
2010-11-27 20:00:00,1313.3000000000002,53.0,1252.9149586776857,5,0
2010-11-27 21:00:00,1236.6,53.0,1147.8770909090906,5,0
2010-11-27 22:00:00,786.3,52.0,781.4202809917354,5,0
2010-11-27 23:00:00,703.3,48.0,657.4806666666666,5,0
2010-11-28 00:00:00,727.0,49.0,638.243785123967,6,0
2010-11-28 01:00:00,711.0,49.0,624.4379449035812,6,0
2010-11-28 02:00:00,710.1,48.0,672.7897465564733,6,0
2010-11-28 03:00:00,716.8999999999999,46.0,736.0736584022038,6,0
2010-11-28 04:00:00,709.7,46.0,736.4717741046829,6,0
2010-11-28 05:00:00,733.6,45.0,704.2813719008265,6,0
2010-11-28 06:00:00,885.5,45.0,770.0254820936639,6,0
2010-11-28 07:00:00,1130.7,49.0,1072.022,6,0
2010-11-28 08:00:00,1125.8,54.0,1100.709988980716,6,0
2010-11-28 09:00:00,1101.9,56.0,1128.0823691460055,6,0
2010-11-28 10:00:00,1145.7,58.0,1182.607399449036,6,0
2010-11-28 11:00:00,1144.0,58.0,1228.8529201101928,6,0
2010-11-28 12:00:00,1160.4,55.0,1261.8681707988978,6,0
2010-11-28 13:00:00,1158.6,56.0,1274.9884793388426,6,0
2010-11-28 14:00:00,1204.1,56.0,1283.8620220385674,6,0
2010-11-28 15:00:00,1232.8000000000002,56.0,1277.6570523415976,6,0
2010-11-28 16:00:00,1329.1999999999998,53.0,1289.6415261707991,6,0
2010-11-28 17:00:00,1311.7,52.0,1286.0041157024793,6,0
2010-11-28 18:00:00,1308.1,51.0,1300.7668374655645,6,0
2010-11-28 19:00:00,1291.8,51.0,1283.7323581267217,6,0
2010-11-28 20:00:00,1222.4,51.0,1213.802958677686,6,0
2010-11-28 21:00:00,807.1,49.0,1107.969090909091,6,0
2010-11-28 22:00:00,699.0999999999999,50.0,740.9162809917354,6,0
2010-11-28 23:00:00,705.8,50.0,617.0086666666668,6,0
2010-11-29 00:00:00,734.8,50.0,597.615785123967,0,0
2010-11-29 01:00:00,707.9999999999999,50.0,583.0819449035812,0,0
2010-11-29 02:00:00,726.2,50.0,629.301746556474,0,0
2010-11-29 03:00:00,735.4000000000001,49.0,690.6096584022041,0,0
2010-11-29 04:00:00,699.6000000000001,50.0,691.555774104683,0,0
2010-11-29 05:00:00,729.0,49.0,660.1213719008268,0,0
2010-11-29 06:00:00,769.8,48.0,727.0694820936641,0,0
2010-11-29 07:00:00,1102.2,51.0,1029.9779999999998,0,0
2010-11-29 08:00:00,1115.9,56.0,1060.4419889807161,0,0
2010-11-29 09:00:00,1104.9,58.0,1107.0063691460055,0,0
2010-11-29 10:00:00,1114.2,58.0,1180.3913994490358,0,0
2010-11-29 11:00:00,1128.8,66.0,1227.9769201101926,0,0
2010-11-29 12:00:00,1137.1,64.0,1259.024170798898,0,0
2010-11-29 13:00:00,1131.5,59.0,1270.032479338843,0,0
2010-11-29 14:00:00,1125.3,58.0,1276.8420220385676,0,0
2010-11-29 15:00:00,1190.9,57.0,1267.149052341598,0,0
2010-11-29 16:00:00,1302.3,56.0,1277.2215261707988,0,0
2010-11-29 17:00:00,1291.3000000000002,53.0,1272.1601157024793,0,0
2010-11-29 18:00:00,1295.7,52.0,1287.1908374655645,0,0
2010-11-29 19:00:00,1267.6000000000001,53.0,1275.4083581267216,0,0
2010-11-29 20:00:00,1248.9,50.0,1205.994958677686,0,0
2010-11-29 21:00:00,1196.0,48.0,1100.2650909090905,0,0
2010-11-29 22:00:00,741.0999999999999,45.0,734.1242809917354,0,0
2010-11-29 23:00:00,652.1,46.0,612.1606666666664,0,0
2010-11-30 00:00:00,688.1,43.0,593.9397851239669,1,0
2010-11-30 01:00:00,663.0,44.0,580.8739449035813,1,0
2010-11-30 02:00:00,671.6,40.0,629.7017465564741,1,0
2010-11-30 03:00:00,664.3,40.0,695.7776584022038,1,0
2010-11-30 04:00:00,670.3000000000001,45.0,698.5597741046831,1,0
2010-11-30 05:00:00,683.3,46.0,669.2173719008268,1,0
2010-11-30 06:00:00,771.9000000000001,44.0,736.645482093664,1,0
2010-11-30 07:00:00,1117.8000000000002,48.0,1039.9539999999995,1,0
2010-11-30 08:00:00,1100.3000000000002,53.0,1071.4859889807165,1,0
2010-11-30 09:00:00,1097.6,59.0,1116.6143691460052,1,0
2010-11-30 10:00:00,1140.0,63.0,1173.8233994490356,1,0
2010-11-30 11:00:00,1145.9,64.0,1219.7009201101928,1,0
2010-11-30 12:00:00,1151.2000000000003,67.0,1252.020170798898,1,0
2010-11-30 13:00:00,1144.9,65.0,1265.1804793388428,1,0
2010-11-30 14:00:00,1163.4,62.0,1274.0940220385673,1,0
2010-11-30 15:00:00,1231.3000000000002,61.0,1267.0450523415982,1,0
2010-11-30 16:00:00,1306.3,57.0,1279.4615261707986,1,0
2010-11-30 17:00:00,1316.6999999999998,57.0,1269.184115702479,1,0
2010-11-30 18:00:00,1287.3,56.0,1284.342837465565,1,0
2010-11-30 19:00:00,1265.2,54.0,1270.9163581267217,1,0
2010-11-30 20:00:00,1251.3999999999999,56.0,1201.522958677686,1,0
2010-11-30 21:00:00,1186.6,56.0,1097.0970909090909,1,0
2010-11-30 22:00:00,725.6,55.0,731.3882809917354,1,0
2010-11-30 23:00:00,651.4,52.0,608.4526666666668,1,0
2010-12-01 00:00:00,666.2,54.0,590.1077851239671,2,0
2010-12-01 01:00:00,670.1,50.0,577.7699449035808,2,0
2010-12-01 02:00:00,679.2,47.0,628.5657465564739,2,0
2010-12-01 03:00:00,675.8000000000001,45.0,694.0256584022038,2,0
2010-12-01 04:00:00,657.8,45.0,695.899774104683,2,0
2010-12-01 05:00:00,523.5999999999999,45.0,665.0333719008264,2,0
2010-12-01 06:00:00,729.4,44.0,731.8414820936638,2,0
2010-12-01 07:00:00,1078.8,52.0,1035.5819999999999,2,0
2010-12-01 08:00:00,1116.4,59.0,1066.713988980716,2,0
2010-12-01 09:00:00,1114.6,63.0,1110.7383691460054,2,0
2010-12-01 10:00:00,1143.5,64.0,1170.315399449036,2,0
2010-12-01 11:00:00,1147.4,65.0,1218.2409201101927,2,0
2010-12-01 12:00:00,1165.2,65.0,1252.1521707988982,2,0
2010-12-01 13:00:00,1177.2,65.0,1266.628479338843,2,0
2010-12-01 14:00:00,1226.0,63.0,1276.4820220385677,2,0
2010-12-01 15:00:00,1254.0,62.0,1270.2890523415979,2,0
2010-12-01 16:00:00,1324.0,59.0,1283.181526170799,2,0
2010-12-01 17:00:00,1282.6,55.0,1279.9201157024795,2,0
2010-12-01 18:00:00,1297.2,54.0,1303.3788374655649,2,0
2010-12-01 19:00:00,1267.6,54.0,1291.7083581267214,2,0
2010-12-01 20:00:00,1239.0,52.0,1223.426958677686,2,0
2010-12-01 21:00:00,1161.5,50.0,1118.3250909090907,2,0
2010-12-01 22:00:00,775.4,50.0,751.9242809917346,2,0
2010-12-01 23:00:00,687.0999999999999,51.0,630.3366666666668,2,0
2010-12-02 00:00:00,705.3,52.0,615.5557851239666,3,0
2010-12-02 01:00:00,681.0999999999999,50.0,605.2859449035814,3,0
2010-12-02 02:00:00,709.8,50.0,654.0857465564739,3,0
2010-12-02 03:00:00,704.8,50.0,717.7656584022034,3,0
2010-12-02 04:00:00,681.2,47.0,719.8957741046829,3,0
2010-12-02 05:00:00,686.5,49.0,690.6493719008266,3,0
2010-12-02 06:00:00,777.2,48.0,759.7334820936637,3,0
2010-12-02 07:00:00,1080.1999999999998,55.0,1064.1019999999999,3,0
2010-12-02 08:00:00,1105.2,60.0,1096.7179889807157,3,0
2010-12-02 09:00:00,1113.8000000000002,66.0,1142.358369146005,3,0
2010-12-02 10:00:00,1143.1999999999998,66.0,1201.9753994490359,3,0
2010-12-02 11:00:00,1184.6,66.0,1247.1409201101926,3,0
2010-12-02 12:00:00,1255.8,66.0,1278.896170798898,3,0
2010-12-02 13:00:00,1242.9,65.0,1291.876479338843,3,0
2010-12-02 14:00:00,1208.4,65.0,1300.482022038567,3,0
2010-12-02 15:00:00,1272.1,62.0,1292.1370523415976,3,0
2010-12-02 16:00:00,1353.1,59.0,1303.2575261707989,3,0
2010-12-02 17:00:00,1340.8000000000002,58.0,1298.7841157024793,3,0
2010-12-02 18:00:00,1320.0,56.0,1312.8348374655648,3,0
2010-12-02 19:00:00,1293.2,54.0,1299.3803581267218,3,0
2010-12-02 20:00:00,1278.5,53.0,1231.0429586776859,3,0
2010-12-02 21:00:00,1189.5,52.0,1126.6290909090908,3,0
2010-12-02 22:00:00,751.3,50.0,760.2762809917353,3,0
2010-12-02 23:00:00,667.9,52.0,638.9846666666667,3,0
2010-12-03 00:00:00,687.0999999999999,51.0,620.9197851239669,4,0
2010-12-03 01:00:00,682.8,49.0,606.897944903581,4,0
2010-12-03 02:00:00,689.5999999999999,49.0,653.8697465564737,4,0
2010-12-03 03:00:00,681.5999999999999,48.0,719.2896584022039,4,0
2010-12-03 04:00:00,665.9,48.0,721.0037741046831,4,0
2010-12-03 05:00:00,679.5999999999999,48.0,691.2973719008263,4,0
2010-12-03 06:00:00,704.9,49.0,758.3054820936643,4,0
2010-12-03 07:00:00,1083.4,51.0,1062.2740000000001,4,0
2010-12-03 08:00:00,1105.1999999999998,56.0,1094.833988980716,4,0
2010-12-03 09:00:00,1119.8,63.0,1140.2383691460057,4,0
2010-12-03 10:00:00,1143.6,67.0,1198.6953994490357,4,0
2010-12-03 11:00:00,1191.7,68.0,1245.2409201101927,4,0
2010-12-03 12:00:00,1210.9,63.0,1278.3041707988982,4,0
2010-12-03 13:00:00,1239.7000000000003,61.0,1291.9444793388427,4,0
2010-12-03 14:00:00,1228.4,59.0,1300.5820220385676,4,0
2010-12-03 15:00:00,1298.0,58.0,1293.4050523415979,4,0
2010-12-03 16:00:00,1360.8,57.0,1305.9455261707985,4,0
2010-12-03 17:00:00,1358.4,55.0,1302.8761157024792,4,0
2010-12-03 18:00:00,1326.3,54.0,1319.6628374655652,4,0
2010-12-03 19:00:00,1306.0,53.0,1310.1963581267216,4,0
2010-12-03 20:00:00,1302.7,52.0,1241.3389586776862,4,0
2010-12-03 21:00:00,1223.1,52.0,1136.6490909090908,4,0
2010-12-03 22:00:00,750.3000000000001,52.0,769.1842809917352,4,0
2010-12-03 23:00:00,678.3,52.0,645.4646666666663,4,0
2010-12-04 00:00:00,700.5999999999999,50.0,624.6237851239664,5,0
2010-12-04 01:00:00,681.0999999999999,51.0,610.7259449035812,5,0
2010-12-04 02:00:00,692.0999999999999,52.0,657.2177465564739,5,0
2010-12-04 03:00:00,690.6,50.0,720.5656584022036,5,0
2010-12-04 04:00:00,678.1999999999999,52.0,720.8677741046833,5,0
2010-12-04 05:00:00,699.4000000000001,50.0,690.3573719008265,5,0
2010-12-04 06:00:00,766.4000000000001,51.0,757.9814820936638,5,0
2010-12-04 07:00:00,1110.8,52.0,1062.9299999999998,5,0
2010-12-04 08:00:00,1095.4,54.0,1095.753988980716,5,0
2010-12-04 09:00:00,1112.8999999999999,59.0,1140.7263691460055,5,0
2010-12-04 10:00:00,1121.8000000000002,60.0,1200.919399449036,5,0
2010-12-04 11:00:00,1131.3999999999999,60.0,1249.3649201101925,5,0
2010-12-04 12:00:00,1148.6,62.0,1284.016170798898,5,0
2010-12-04 13:00:00,1197.9,62.0,1298.9764793388426,5,0
2010-12-04 14:00:00,1213.2,59.0,1309.8020220385674,5,0
2010-12-04 15:00:00,1266.2,58.0,1305.3410523415973,5,0
2010-12-04 16:00:00,1351.4,57.0,1319.237526170799,5,0
2010-12-04 17:00:00,1346.0,57.0,1317.2081157024795,5,0
2010-12-04 18:00:00,1359.3,57.0,1333.6868374655646,5,0
2010-12-04 19:00:00,1336.8,56.0,1322.2603581267215,5,0
2010-12-04 20:00:00,1322.1,56.0,1252.7189586776854,5,0
2010-12-04 21:00:00,1236.5,54.0,1148.485090909091,5,0
2010-12-04 22:00:00,827.3,54.0,782.9922809917355,5,0
2010-12-04 23:00:00,724.8,54.0,661.7646666666667,5,0
2010-12-05 00:00:00,750.7,54.0,645.9397851239671,6,0
2010-12-05 01:00:00,727.5999999999999,54.0,635.3459449035811,6,0
2010-12-05 02:00:00,745.1,54.0,684.425746556474,6,0
2010-12-05 03:00:00,761.0000000000001,53.0,749.1456584022037,6,0
2010-12-05 04:00:00,721.0999999999999,50.0,752.2117741046836,6,0
2010-12-05 05:00:00,737.7,50.0,722.6173719008267,6,0
2010-12-05 06:00:00,778.5,48.0,791.7054820936639,6,0
2010-12-05 07:00:00,1123.3000000000002,52.0,1093.73,6,0
2010-12-05 08:00:00,1105.7,56.0,1122.689988980716,6,0
2010-12-05 09:00:00,1114.5,60.0,1149.6623691460056,6,0
2010-12-05 10:00:00,1164.1999999999998,64.0,1204.1193994490359,6,0
2010-12-05 11:00:00,1171.9,65.0,1248.6329201101926,6,0
2010-12-05 12:00:00,1213.7,67.0,1280.8761707988979,6,0
2010-12-05 13:00:00,1218.2,67.0,1293.1804793388428,6,0
2010-12-05 14:00:00,1236.1000000000001,62.0,1301.1460220385675,6,0
2010-12-05 15:00:00,1285.2999999999997,60.0,1292.901052341598,6,0
2010-12-05 16:00:00,1388.7,60.0,1304.1135261707989,6,0
2010-12-05 17:00:00,1359.5,59.0,1299.9241157024794,6,0
2010-12-05 18:00:00,1383.5,56.0,1313.3228374655646,6,0
2010-12-05 19:00:00,1296.6999999999998,56.0,1301.964358126722,6,0
2010-12-05 20:00:00,1256.3,51.0,1233.402958677686,6,0
2010-12-05 21:00:00,805.9,52.0,1130.6210909090912,6,0
2010-12-05 22:00:00,697.3,51.0,765.4802809917355,6,0
2010-12-05 23:00:00,703.5,52.0,645.0406666666668,6,0
2010-12-06 00:00:00,737.0,52.0,629.2877851239671,0,0
2010-12-06 01:00:00,711.3,51.0,617.2579449035811,0,0
2010-12-06 02:00:00,720.1,52.0,665.9417465564736,0,0
2010-12-06 03:00:00,719.4000000000001,51.0,730.2136584022035,0,0
2010-12-06 04:00:00,724.4,50.0,731.0357741046835,0,0
2010-12-06 05:00:00,726.5999999999999,51.0,700.0933719008266,0,0
2010-12-06 06:00:00,739.8,49.0,767.7934820936641,0,0
2010-12-06 07:00:00,1137.1000000000001,52.0,1070.2299999999998,0,0
2010-12-06 08:00:00,1142.6999999999998,54.0,1102.3739889807164,0,0
2010-12-06 09:00:00,1161.1000000000001,57.0,1147.7783691460058,0,0
2010-12-06 10:00:00,1174.6,60.0,1221.8673994490355,0,0
2010-12-06 11:00:00,1234.0,63.0,1271.4809201101928,0,0
2010-12-06 12:00:00,1256.0,62.0,1303.924170798898,0,0
2010-12-06 13:00:00,1247.4,64.0,1316.576479338843,0,0
2010-12-06 14:00:00,1246.5,64.0,1325.2780220385675,0,0
2010-12-06 15:00:00,1297.0,63.0,1318.0970523415974,0,0
2010-12-06 16:00:00,1351.7,59.0,1330.2735261707985,0,0
2010-12-06 17:00:00,1363.1,57.0,1326.1161157024794,0,0
2010-12-06 18:00:00,1362.3000000000002,54.0,1341.0108374655651,0,0
2010-12-06 19:00:00,1331.2,54.0,1330.2963581267215,0,0
2010-12-06 20:00:00,1295.8000000000002,53.0,1261.0669586776858,0,0
2010-12-06 21:00:00,1200.9,52.0,1155.7730909090908,0,0
2010-12-06 22:00:00,757.4999999999999,51.0,788.5042809917356,0,0
2010-12-06 23:00:00,701.0,51.0,667.2566666666664,0,0
2010-12-07 00:00:00,720.7,49.0,650.0077851239669,1,0
2010-12-07 01:00:00,706.3,49.0,638.9539449035813,1,0
2010-12-07 02:00:00,722.1999999999999,47.0,689.741746556474,1,0
2010-12-07 03:00:00,721.0,47.0,755.0176584022036,1,0
2010-12-07 04:00:00,706.9000000000001,47.0,756.5397741046834,1,0
2010-12-07 05:00:00,730.7,48.0,726.7773719008266,1,0
2010-12-07 06:00:00,766.1,49.0,794.4374820936639,1,0
2010-12-07 07:00:00,1114.5,54.0,1097.554,1,0
2010-12-07 08:00:00,1139.8,58.0,1128.129988980716,1,0
2010-12-07 09:00:00,1135.3,62.0,1173.5823691460057,1,0
2010-12-07 10:00:00,1168.0,66.0,1232.467399449036,1,0
2010-12-07 11:00:00,1224.2,71.0,1279.1489201101929,1,0
2010-12-07 12:00:00,1280.7,64.0,1311.440170798898,1,0
2010-12-07 13:00:00,1314.1,67.0,1323.9444793388432,1,0
2010-12-07 14:00:00,1328.3,64.0,1331.9540220385675,1,0
2010-12-07 15:00:00,1332.5,63.0,1324.0130523415978,1,0
2010-12-07 16:00:00,1380.9,60.0,1334.993526170799,1,0
2010-12-07 17:00:00,1355.6000000000001,56.0,1329.8241157024795,1,0
2010-12-07 18:00:00,1364.9,55.0,1343.2108374655645,1,0
2010-12-07 19:00:00,1327.0,56.0,1330.3043581267218,1,0
2010-12-07 20:00:00,1291.1,54.0,1261.058958677686,1,0
2010-12-07 21:00:00,1241.6000000000001,52.0,1155.2370909090914,1,0
2010-12-07 22:00:00,772.4000000000001,53.0,789.1762809917357,1,0
2010-12-07 23:00:00,687.9,52.0,668.1726666666664,1,0
2010-12-08 00:00:00,714.4,50.0,650.0837851239667,2,0
2010-12-08 01:00:00,686.3000000000001,53.0,636.3939449035811,2,0
2010-12-08 02:00:00,699.9000000000001,50.0,681.7417465564738,2,0
2010-12-08 03:00:00,704.1,48.0,742.961658402204,2,0
2010-12-08 04:00:00,678.6,47.0,743.3437741046835,2,0
2010-12-08 05:00:00,687.9,48.0,712.3013719008269,2,0
2010-12-08 06:00:00,732.5,50.0,779.6414820936639,2,0
2010-12-08 07:00:00,1086.0,53.0,1082.238,2,0
2010-12-08 08:00:00,1116.8,61.0,1113.0419889807163,2,0
2010-12-08 09:00:00,1119.2,62.0,1157.2903691460053,2,0
2010-12-08 10:00:00,1172.4,65.0,1215.7993994490357,2,0
2010-12-08 11:00:00,1223.6999999999998,65.0,1263.7849201101926,2,0
2010-12-08 12:00:00,1249.9,66.0,1298.2641707988985,2,0
2010-12-08 13:00:00,1272.9,65.0,1312.7804793388432,2,0
2010-12-08 14:00:00,1259.0,64.0,1323.3140220385676,2,0
2010-12-08 15:00:00,1312.9,64.0,1317.8770523415976,2,0
2010-12-08 16:00:00,1387.8999999999999,60.0,1331.0055261707987,2,0
2010-12-08 17:00:00,1352.8,57.0,1328.7201157024792,2,0
2010-12-08 18:00:00,1349.4,54.0,1345.8148374655643,2,0
2010-12-08 19:00:00,1316.6,54.0,1334.9603581267218,2,0
2010-12-08 20:00:00,1292.6,54.0,1266.9109586776854,2,0
2010-12-08 21:00:00,1206.8000000000002,52.0,1161.9130909090904,2,0
2010-12-08 22:00:00,803.7,52.0,796.2562809917354,2,0
2010-12-08 23:00:00,735.4,51.0,674.1406666666667,2,0
2010-12-09 00:00:00,755.9999999999999,52.0,655.7677851239671,3,0
2010-12-09 01:00:00,730.3,52.0,642.5339449035814,3,0
2010-12-09 02:00:00,743.0,50.0,692.233746556474,3,0
2010-12-09 03:00:00,744.4,49.0,756.6696584022038,3,0
2010-12-09 04:00:00,715.4000000000001,49.0,758.0997741046831,3,0
2010-12-09 05:00:00,731.7,49.0,728.2853719008264,3,0
2010-12-09 06:00:00,782.3999999999999,50.0,797.5254820936636,3,0
2010-12-09 07:00:00,1103.6999999999998,54.0,1102.7379999999998,3,0
2010-12-09 08:00:00,1118.2,59.0,1135.6819889807161,3,0
2010-12-09 09:00:00,1116.8,62.0,1181.0183691460056,3,0
2010-12-09 10:00:00,1166.3999999999999,62.0,1240.2593994490355,3,0
2010-12-09 11:00:00,1200.3000000000002,64.0,1285.6249201101928,3,0
2010-12-09 12:00:00,1242.3,62.0,1317.184170798898,3,0
2010-12-09 13:00:00,1253.5,62.0,1329.1644793388427,3,0
2010-12-09 14:00:00,1326.6,61.0,1336.9540220385675,3,0
2010-12-09 15:00:00,1324.0,61.0,1328.8930523415977,3,0
2010-12-09 16:00:00,1394.5,58.0,1339.6295261707985,3,0
2010-12-09 17:00:00,1390.5,56.0,1335.1401157024793,3,0
2010-12-09 18:00:00,1394.1,56.0,1348.1388374655644,3,0
2010-12-09 19:00:00,1366.5,55.0,1335.5003581267213,3,0
2010-12-09 20:00:00,1335.7,55.0,1266.690958677686,3,0
2010-12-09 21:00:00,1235.5,55.0,1162.4570909090905,3,0
2010-12-09 22:00:00,787.2,54.0,797.8082809917357,3,0
2010-12-09 23:00:00,701.2,53.0,676.9126666666662,3,0
2010-12-10 00:00:00,730.5,54.0,659.6597851239669,4,0
2010-12-10 01:00:00,708.5,53.0,647.6539449035809,4,0
2010-12-10 02:00:00,718.4,52.0,698.0337465564735,4,0
2010-12-10 03:00:00,721.9,53.0,760.3576584022037,4,0
2010-12-10 04:00:00,695.9,49.0,761.7397741046836,4,0
2010-12-10 05:00:00,713.4,50.0,731.4213719008263,4,0
2010-12-10 06:00:00,723.8,50.0,799.2214820936638,4,0
2010-12-10 07:00:00,1109.0,50.0,1103.3220000000001,4,0
2010-12-10 08:00:00,1116.9,52.0,1133.765988980716,4,0
2010-12-10 09:00:00,1137.3000000000002,54.0,1178.3103691460055,4,0
2010-12-10 10:00:00,1189.2,58.0,1237.231399449036,4,0
2010-12-10 11:00:00,1224.8,57.0,1283.8249201101928,4,0
2010-12-10 12:00:00,1246.9,57.0,1316.776170798898,4,0
2010-12-10 13:00:00,1276.6,61.0,1330.4284793388426,4,0
2010-12-10 14:00:00,1324.2,59.0,1339.3980220385674,4,0
2010-12-10 15:00:00,1338.8,63.0,1332.1450523415976,4,0
2010-12-10 16:00:00,1404.4,60.0,1343.589526170799,4,0
2010-12-10 17:00:00,1384.5,59.0,1340.1041157024797,4,0
2010-12-10 18:00:00,1395.8,62.0,1355.2988374655647,4,0
2010-12-10 19:00:00,1383.3999999999999,56.0,1345.9483581267214,4,0
2010-12-10 20:00:00,1323.1,71.0,1277.326958677686,4,0
2010-12-10 21:00:00,1258.8000000000002,67.0,1174.5730909090908,4,0
2010-12-10 22:00:00,807.9,69.0,810.9522809917353,4,0
2010-12-10 23:00:00,715.4,59.0,693.6326666666664,4,0
2010-12-11 00:00:00,731.0999999999999,56.0,680.2557851239669,5,0
2010-12-11 01:00:00,724.8,56.0,671.8539449035814,5,0
2010-12-11 02:00:00,726.1,55.0,724.4617465564738,5,0
2010-12-11 03:00:00,717.5,52.0,791.0656584022042,5,0
2010-12-11 04:00:00,691.0999999999999,52.0,794.5517741046833,5,0
2010-12-11 05:00:00,719.0,51.0,766.5613719008269,5,0
2010-12-11 06:00:00,760.3999999999999,51.0,836.9334820936638,5,0
2010-12-11 07:00:00,1132.6,54.0,1142.5139999999997,5,0
2010-12-11 08:00:00,1126.9,57.0,1173.0859889807161,5,0
2010-12-11 09:00:00,1173.0,63.0,1218.7183691460054,5,0
2010-12-11 10:00:00,1235.4,65.0,1277.3193994490355,5,0
2010-12-11 11:00:00,1337.0,65.0,1320.1169201101927,5,0
2010-12-11 12:00:00,1368.3,67.0,1352.4801707988984,5,0
2010-12-11 13:00:00,1371.3,65.0,1365.2164793388429,5,0
2010-12-11 14:00:00,1403.0,69.0,1373.5100220385675,5,0
2010-12-11 15:00:00,1443.4,70.0,1366.3170523415977,5,0
2010-12-11 16:00:00,1471.8,65.0,1378.2935261707987,5,0
2010-12-11 17:00:00,1452.6,64.0,1374.6881157024795,5,0
2010-12-11 18:00:00,1454.1,67.0,1387.4588374655646,5,0
2010-12-11 19:00:00,1422.1,68.0,1374.6683581267216,5,0
2010-12-11 20:00:00,1343.2,68.0,1307.494958677686,5,0
2010-12-11 21:00:00,1273.3999999999999,64.0,1207.9970909090905,5,0
2010-12-11 22:00:00,823.1999999999999,61.0,847.5122809917355,5,0
2010-12-11 23:00:00,641.2,69.0,731.2846666666667,5,0
2010-12-12 00:00:00,730.5999999999999,68.0,718.347785123967,6,0
2010-12-12 01:00:00,702.5,61.0,709.8979449035812,6,0
2010-12-12 02:00:00,725.5,60.0,763.2977465564743,6,0
2010-12-12 03:00:00,726.7,59.0,831.2856584022038,6,0
2010-12-12 04:00:00,700.0,59.0,833.0037741046831,6,0
2010-12-12 05:00:00,711.2,58.0,804.3933719008265,6,0
2010-12-12 06:00:00,705.4000000000001,60.0,873.4574820936641,6,0
2010-12-12 07:00:00,1083.2,69.0,1177.3940000000002,6,0
2010-12-12 08:00:00,1186.7,75.0,1208.0139889807167,6,0
2010-12-12 09:00:00,1264.4,80.0,1253.4423691460058,6,0
2010-12-12 10:00:00,1349.5,82.0,1311.8433994490358,6,0
2010-12-12 11:00:00,1410.5,84.0,1359.508920110193,6,0
2010-12-12 12:00:00,1491.5,83.0,1397.288170798898,6,0
2010-12-12 13:00:00,1491.5,78.0,1412.880479338843,6,0
2010-12-12 14:00:00,1517.5,78.0,1423.3700220385676,6,0
2010-12-12 15:00:00,1556.7999999999997,76.0,1417.3090523415974,6,0
2010-12-12 16:00:00,1532.2,73.0,1429.9375261707987,6,0
2010-12-12 17:00:00,1504.5,67.0,1426.860115702479,6,0
2010-12-12 18:00:00,1489.5,70.0,1442.2028374655652,6,0
2010-12-12 19:00:00,1439.3,65.0,1433.7003581267215,6,0
2010-12-12 20:00:00,1383.1000000000001,65.0,1368.3509586776859,6,0
2010-12-12 21:00:00,1288.4,65.0,1264.4290909090905,6,0
2010-12-12 22:00:00,832.8,67.0,898.048280991736,6,0
2010-12-12 23:00:00,778.1999999999999,67.0,774.5206666666666,6,0
2010-12-13 00:00:00,791.8000000000001,66.0,754.8837851239671,0,0
2010-12-13 01:00:00,773.4000000000001,65.0,736.8859449035813,0,0
2010-12-13 02:00:00,758.0999999999999,61.0,779.8697465564735,0,0
2010-12-13 03:00:00,754.3999999999999,65.0,836.8496584022039,0,0
2010-12-13 04:00:00,725.5,61.0,830.6357741046829,0,0
2010-12-13 05:00:00,733.3,60.0,795.4773719008266,0,0
2010-12-13 06:00:00,761.9000000000001,62.0,858.8894820936639,0,0
2010-12-13 07:00:00,1135.4,62.0,1157.098,0,0
2010-12-13 08:00:00,1182.8999999999999,72.0,1183.0419889807163,0,0
2010-12-13 09:00:00,1213.6,76.0,1225.2463691460057,0,0
2010-12-13 10:00:00,1293.5,78.0,1297.1113994490356,0,0
2010-12-13 11:00:00,1342.1,77.0,1343.6489201101929,0,0
2010-12-13 12:00:00,1397.5,70.0,1372.9601707988977,0,0
2010-12-13 13:00:00,1376.0,67.0,1382.580479338843,0,0
2010-12-13 14:00:00,1377.3,68.0,1387.9900220385675,0,0
2010-12-13 15:00:00,1396.1,68.0,1378.9010523415977,0,0
2010-12-13 16:00:00,1447.3,64.0,1388.565526170799,0,0
2010-12-13 17:00:00,1401.1999999999998,60.0,1383.1641157024792,0,0
2010-12-13 18:00:00,1400.1000000000001,58.0,1397.2148374655644,0,0
2010-12-13 19:00:00,1331.5,56.0,1384.8083581267215,0,0
2010-12-13 20:00:00,1283.4,54.0,1314.4349586776862,0,0
2010-12-13 21:00:00,1247.6999999999998,53.0,1206.3650909090907,0,0
2010-12-13 22:00:00,1184.4,53.0,835.4962809917354,0,0
2010-12-13 23:00:00,759.6,52.0,706.8966666666668,0,0
2010-12-14 00:00:00,717.1,52.0,681.7597851239668,1,0
2010-12-14 01:00:00,685.3,52.0,659.7339449035812,1,0
2010-12-14 02:00:00,702.0,52.0,700.9257465564738,1,0
2010-12-14 03:00:00,711.3,52.0,757.7896584022039,1,0
2010-12-14 04:00:00,679.1,52.0,754.2357741046833,1,0
2010-12-14 05:00:00,700.6999999999999,52.0,720.6133719008268,1,0
2010-12-14 06:00:00,751.7,52.0,786.0974820936638,1,0
2010-12-14 07:00:00,1094.3,53.0,1087.2899999999997,1,0
2010-12-14 08:00:00,1109.5,53.0,1118.185988980716,1,0
2010-12-14 09:00:00,1106.1,55.0,1164.8903691460055,1,0
2010-12-14 10:00:00,1130.5,56.0,1238.8513994490356,1,0
2010-12-14 11:00:00,1159.3,57.0,1271.1289201101931,1,0
2010-12-14 12:00:00,1191.6,57.0,1301.208170798898,1,0
2010-12-14 13:00:00,1181.3,57.0,1314.3764793388432,1,0
2010-12-14 14:00:00,1217.0,57.0,1324.3060220385673,1,0
2010-12-14 15:00:00,1253.0,56.0,1317.5010523415976,1,0
2010-12-14 16:00:00,1353.1,55.0,1328.9735261707988,1,0
2010-12-14 17:00:00,1354.6999999999998,55.0,1325.6081157024792,1,0
2010-12-14 18:00:00,1348.6,54.0,1340.8348374655643,1,0
2010-12-14 19:00:00,1316.7,55.0,1328.5843581267213,1,0
2010-12-14 20:00:00,1299.3999999999999,55.0,1259.710958677686,1,0
2010-12-14 21:00:00,1260.5,55.0,1154.509090909091,1,0
2010-12-14 22:00:00,1196.1000000000001,55.0,788.8602809917352,1,0
2010-12-14 23:00:00,754.7,56.0,666.9766666666667,1,0
2010-12-15 00:00:00,717.7,56.0,648.031785123967,2,0
2010-12-15 01:00:00,699.3,55.0,633.561944903581,2,0
2010-12-15 02:00:00,726.9,55.0,680.9457465564738,2,0
2010-12-15 03:00:00,712.3,54.0,743.7976584022038,2,0
2010-12-15 04:00:00,681.2,54.0,745.8917741046835,2,0
2010-12-15 05:00:00,705.2,53.0,715.3133719008266,2,0
2010-12-15 06:00:00,748.5,53.0,782.7934820936641,2,0
2010-12-15 07:00:00,1088.0,53.0,1086.3220000000001,2,0
2010-12-15 08:00:00,1105.9,54.0,1118.6939889807165,2,0
2010-12-15 09:00:00,1104.3999999999999,54.0,1164.5063691460057,2,0
2010-12-15 10:00:00,1153.5,56.0,1237.839399449036,2,0
2010-12-15 11:00:00,1164.1999999999998,57.0,1269.876920110193,2,0
2010-12-15 12:00:00,1163.6,58.0,1299.9081707988985,2,0
2010-12-15 13:00:00,1164.3,59.0,1312.7124793388425,2,0
2010-12-15 14:00:00,1177.1,58.0,1321.0940220385673,2,0
2010-12-15 15:00:00,1242.4,58.0,1312.6290523415978,2,0
2010-12-15 16:00:00,1351.2,57.0,1323.9055261707983,2,0
2010-12-15 17:00:00,1336.6,57.0,1320.360115702479,2,0
2010-12-15 18:00:00,1352.0,56.0,1335.3588374655646,2,0
2010-12-15 19:00:00,1323.6,56.0,1324.0443581267216,2,0
2010-12-15 20:00:00,1321.5,56.0,1256.1469586776861,2,0
2010-12-15 21:00:00,1254.1999999999998,56.0,1152.2970909090905,2,0
2010-12-15 22:00:00,1193.2,56.0,787.2922809917357,2,0
2010-12-15 23:00:00,760.4,56.0,664.9166666666667,2,0
2010-12-16 00:00:00,711.5999999999999,56.0,646.2557851239669,3,0
2010-12-16 01:00:00,690.8,56.0,633.741944903581,3,0
2010-12-16 02:00:00,702.1999999999999,55.0,681.9297465564737,3,0
2010-12-16 03:00:00,695.6999999999999,55.0,746.3536584022038,3,0
2010-12-16 04:00:00,677.3,54.0,748.3637741046832,3,0
2010-12-16 05:00:00,702.8,54.0,717.4573719008264,3,0
2010-12-16 06:00:00,747.3000000000001,53.0,785.5134820936637,3,0
2010-12-16 07:00:00,1108.2,54.0,1089.462,3,0
2010-12-16 08:00:00,1124.0,56.0,1121.725988980716,3,0
2010-12-16 09:00:00,1134.6,57.0,1168.1583691460055,3,0
2010-12-16 10:00:00,1167.9,58.0,1242.5513994490361,3,0
2010-12-16 11:00:00,1174.9,60.0,1276.172920110193,3,0
2010-12-16 12:00:00,1175.6000000000001,60.0,1308.200170798898,3,0
2010-12-16 13:00:00,1185.2,59.0,1323.156479338843,3,0
2010-12-16 14:00:00,1180.2,60.0,1333.6980220385676,3,0
2010-12-16 15:00:00,1241.8000000000002,58.0,1328.161052341598,3,0
2010-12-16 16:00:00,1338.5,56.0,1341.981526170799,3,0
2010-12-16 17:00:00,1326.5,55.0,1340.4161157024796,3,0
2010-12-16 18:00:00,1348.3,55.0,1356.4268374655649,3,0
2010-12-16 19:00:00,1337.5,54.0,1345.3363581267215,3,0
2010-12-16 20:00:00,1325.7,54.0,1275.9429586776855,3,0
2010-12-16 21:00:00,1291.8,55.0,1170.7130909090909,3,0
2010-12-16 22:00:00,1213.4,54.0,803.5362809917353,3,0
2010-12-16 23:00:00,797.1,54.0,679.5846666666669,3,0
2010-12-17 00:00:00,767.2,53.0,660.099785123967,4,0
2010-12-17 01:00:00,738.5,53.0,645.5779449035813,4,0
2010-12-17 02:00:00,747.7,54.0,691.6817465564736,4,0
2010-12-17 03:00:00,744.2,54.0,754.4056584022037,4,0
2010-12-17 04:00:00,724.3,54.0,756.2037741046831,4,0
2010-12-17 05:00:00,748.4,54.0,726.4453719008267,4,0
2010-12-17 06:00:00,770.1999999999999,54.0,794.9054820936637,4,0
2010-12-17 07:00:00,1112.6,54.0,1098.7740000000003,4,0
2010-12-17 08:00:00,1106.8,52.0,1131.1739889807163,4,0
2010-12-17 09:00:00,1118.2,52.0,1176.194369146005,4,0
2010-12-17 10:00:00,1143.8,53.0,1249.3353994490358,4,0
2010-12-17 11:00:00,1149.9,54.0,1281.4889201101928,4,0
2010-12-17 12:00:00,1165.7,55.0,1311.1001707988983,4,0
2010-12-17 13:00:00,1147.0,55.0,1323.212479338843,4,0
2010-12-17 14:00:00,1149.0,54.0,1330.9100220385671,4,0
2010-12-17 15:00:00,1202.4,55.0,1323.169052341598,4,0
2010-12-17 16:00:00,1332.6,55.0,1334.937526170799,4,0
2010-12-17 17:00:00,1342.5,55.0,1331.2841157024795,4,0
2010-12-17 18:00:00,1348.3,55.0,1347.1108374655646,4,0
2010-12-17 19:00:00,1331.8,56.0,1336.012358126722,4,0
2010-12-17 20:00:00,1343.0,56.0,1268.1629586776858,4,0
2010-12-17 21:00:00,1260.6999999999998,56.0,1165.4170909090908,4,0
2010-12-17 22:00:00,1219.7,56.0,800.0962809917355,4,0
2010-12-17 23:00:00,780.6,56.0,678.6766666666667,4,0
2010-12-18 00:00:00,743.5,57.0,663.339785123967,5,0
2010-12-18 01:00:00,723.0,57.0,652.577944903581,5,0
2010-12-18 02:00:00,724.3000000000001,57.0,703.6497465564742,5,0
2010-12-18 03:00:00,734.5999999999999,57.0,773.8976584022039,5,0
2010-12-18 04:00:00,721.5,57.0,780.8557741046832,5,0
2010-12-18 05:00:00,743.1999999999999,57.0,754.0213719008265,5,0
2010-12-18 06:00:00,811.2,57.0,823.3974820936639,5,0
2010-12-18 07:00:00,1135.3000000000002,58.0,1128.762,5,0
2010-12-18 08:00:00,1149.8,58.0,1161.813988980716,5,0
2010-12-18 09:00:00,1163.1,58.0,1209.6423691460054,5,0
2010-12-18 10:00:00,1173.8,58.0,1286.1033994490356,5,0
2010-12-18 11:00:00,1189.1,60.0,1319.6929201101927,5,0
2010-12-18 12:00:00,1244.4,59.0,1352.1521707988982,5,0
2010-12-18 13:00:00,1231.1,59.0,1366.3364793388428,5,0
2010-12-18 14:00:00,1235.0,58.0,1375.5260220385676,5,0
2010-12-18 15:00:00,1359.3,59.0,1369.749052341598,5,0
2010-12-18 16:00:00,1422.2,58.0,1381.4495261707987,5,0
2010-12-18 17:00:00,1409.7000000000003,58.0,1377.2921157024794,5,0
2010-12-18 18:00:00,1387.2,57.0,1392.5668374655647,5,0
2010-12-18 19:00:00,1369.2,58.0,1379.7803581267217,5,0
2010-12-18 20:00:00,1353.6,57.0,1312.306958677686,5,0
2010-12-18 21:00:00,1348.1999999999998,57.0,1208.4290909090907,5,0
2010-12-18 22:00:00,1271.6,57.0,842.6402809917354,5,0
2010-12-18 23:00:00,822.8,57.0,722.5246666666665,5,0
2010-12-19 00:00:00,798.2,57.0,705.9557851239667,6,0
2010-12-19 01:00:00,751.1,57.0,692.1459449035813,6,0
2010-12-19 02:00:00,746.1,57.0,740.3097465564733,6,0
2010-12-19 03:00:00,760.3,57.0,806.949658402204,6,0
2010-12-19 04:00:00,710.2,57.0,807.9557741046831,6,0
2010-12-19 05:00:00,727.8,59.0,778.3973719008264,6,0
2010-12-19 06:00:00,792.2,59.0,846.7494820936638,6,0
2010-12-19 07:00:00,1134.1,59.0,1151.3180000000002,6,0
2010-12-19 08:00:00,1181.9,59.0,1184.9259889807163,6,0
2010-12-19 09:00:00,1177.8,59.0,1231.8503691460057,6,0
2010-12-19 10:00:00,1207.0,60.0,1304.0913994490363,6,0
2010-12-19 11:00:00,1251.6999999999998,60.0,1336.5049201101926,6,0
2010-12-19 12:00:00,1252.8,60.0,1366.2361707988982,6,0
2010-12-19 13:00:00,1233.6000000000001,59.0,1378.220479338843,6,0
2010-12-19 14:00:00,1246.4,59.0,1387.1300220385674,6,0
2010-12-19 15:00:00,1355.1000000000001,59.0,1380.4770523415978,6,0
2010-12-19 16:00:00,1430.3,59.0,1390.8375261707988,6,0
2010-12-19 17:00:00,1431.2,58.0,1387.9121157024792,6,0
2010-12-19 18:00:00,1428.8,58.0,1403.6548374655645,6,0
2010-12-19 19:00:00,1388.2,58.0,1391.6603581267216,6,0
2010-12-19 20:00:00,1404.9,57.0,1323.2629586776857,6,0
2010-12-19 21:00:00,1336.1999999999998,57.0,1216.8610909090912,6,0
2010-12-19 22:00:00,1253.6,57.0,849.4202809917354,6,0
2010-12-19 23:00:00,845.3,57.0,725.4886666666666,6,0
2010-12-20 00:00:00,772.2,57.0,703.6357851239668,0,0
2010-12-20 01:00:00,750.8000000000001,57.0,687.5859449035813,0,0
2010-12-20 02:00:00,767.2,57.0,734.1017465564742,0,0
2010-12-20 03:00:00,760.2,57.0,795.8976584022039,0,0
2010-12-20 04:00:00,702.4000000000001,57.0,795.2397741046836,0,0
2010-12-20 05:00:00,747.3,57.0,763.2813719008267,0,0
2010-12-20 06:00:00,788.5,55.0,827.9374820936639,0,0
2010-12-20 07:00:00,1134.9,55.0,1130.8420000000003,0,0
2010-12-20 08:00:00,1157.6,55.0,1161.9939889807163,0,0
2010-12-20 09:00:00,1146.8,54.0,1204.8543691460054,0,0
2010-12-20 10:00:00,1180.4,55.0,1276.415399449036,0,0
2010-12-20 11:00:00,1189.5,55.0,1309.3489201101927,0,0
2010-12-20 12:00:00,1183.3,55.0,1339.684170798898,0,0
2010-12-20 13:00:00,1186.0,56.0,1352.2484793388433,0,0
2010-12-20 14:00:00,1207.7,56.0,1361.4260220385672,0,0
2010-12-20 15:00:00,1245.4,59.0,1353.957052341598,0,0
2010-12-20 16:00:00,1384.5,58.0,1365.089526170799,0,0
2010-12-20 17:00:00,1379.2999999999997,55.0,1362.9121157024797,0,0
2010-12-20 18:00:00,1357.9,55.0,1379.3148374655648,0,0
2010-12-20 19:00:00,1388.2,55.0,1366.988358126722,0,0
2010-12-20 20:00:00,1362.5,55.0,1297.9109586776858,0,0
2010-12-20 21:00:00,1285.9,55.0,1191.413090909091,0,0
2010-12-20 22:00:00,1224.6,55.0,825.3842809917353,0,0
2010-12-20 23:00:00,840.3,54.0,703.0126666666667,0,0
2010-12-21 00:00:00,809.8,53.0,684.5477851239671,1,0
2010-12-21 01:00:00,739.3,53.0,671.1139449035811,1,0
2010-12-21 02:00:00,773.6,53.0,721.033746556474,1,0
2010-12-21 03:00:00,760.9000000000001,53.0,785.0376584022038,1,0
2010-12-21 04:00:00,721.6,52.0,788.4917741046834,1,0
2010-12-21 05:00:00,758.2,52.0,757.6693719008266,1,0
2010-12-21 06:00:00,824.5,53.0,827.329482093664,1,0
2010-12-21 07:00:00,1122.9,52.0,1132.5980000000002,1,0
2010-12-21 08:00:00,1141.4,53.0,1161.7179889807162,1,0
2010-12-21 09:00:00,1120.1,54.0,1206.398369146006,1,0
2010-12-21 10:00:00,1184.7,53.0,1280.3313994490354,1,0
2010-12-21 11:00:00,1201.9,56.0,1312.900920110193,1,0
2010-12-21 12:00:00,1205.8,56.0,1342.4601707988982,1,0
2010-12-21 13:00:00,1181.9,57.0,1353.444479338843,1,0
2010-12-21 14:00:00,1245.2,56.0,1361.9740220385675,1,0
2010-12-21 15:00:00,1261.9,56.0,1353.037052341598,1,0
2010-12-21 16:00:00,1377.6,56.0,1364.7615261707988,1,0
2010-12-21 17:00:00,1361.9,56.0,1360.4241157024794,1,0
2010-12-21 18:00:00,1431.1000000000001,57.0,1375.3348374655648,1,0
2010-12-21 19:00:00,1376.3999999999999,56.0,1363.1083581267217,1,0
2010-12-21 20:00:00,1311.7,56.0,1295.2989586776862,1,0
2010-12-21 21:00:00,1289.0,56.0,1190.937090909091,1,0
2010-12-21 22:00:00,1233.6,56.0,826.4162809917354,1,0
2010-12-21 23:00:00,802.2,56.0,702.6326666666669,1,0
2010-12-22 00:00:00,785.3999999999999,56.0,683.8837851239666,2,0
2010-12-22 01:00:00,737.4000000000001,57.0,669.1419449035814,2,0
2010-12-22 02:00:00,745.9000000000001,58.0,717.2417465564738,2,0
2010-12-22 03:00:00,730.6,58.0,778.2176584022038,2,0
2010-12-22 04:00:00,737.0999999999999,58.0,780.6757741046833,2,0
2010-12-22 05:00:00,723.4000000000001,58.0,750.4053719008265,2,0
2010-12-22 06:00:00,798.1000000000001,57.0,819.6374820936637,2,0
2010-12-22 07:00:00,1161.4,57.0,1121.7419999999997,2,0
2010-12-22 08:00:00,1161.1,56.0,1153.9019889807162,2,0
2010-12-22 09:00:00,1157.3,59.0,1200.7583691460054,2,0
2010-12-22 10:00:00,1195.7,59.0,1274.123399449036,2,0
2010-12-22 11:00:00,1170.8999999999999,62.0,1305.836920110193,2,0
2010-12-22 12:00:00,1211.1,61.0,1334.9401707988982,2,0
2010-12-22 13:00:00,1171.7,59.0,1345.2764793388433,2,0
2010-12-22 14:00:00,1195.6,58.0,1352.2100220385673,2,0
2010-12-22 15:00:00,1223.7,53.0,1343.2570523415977,2,0
2010-12-22 16:00:00,1369.1999999999998,53.0,1353.5455261707991,2,0
2010-12-22 17:00:00,1368.8000000000002,54.0,1347.9121157024797,2,0
2010-12-22 18:00:00,1403.0,54.0,1363.2988374655647,2,0
2010-12-22 19:00:00,1370.5,54.0,1350.0603581267217,2,0
2010-12-22 20:00:00,1375.8999999999999,54.0,1279.922958677686,2,0
2010-12-22 21:00:00,1292.6,54.0,1174.641090909091,2,0
2010-12-22 22:00:00,1222.5,54.0,809.5842809917358,2,0
2010-12-22 23:00:00,789.8,53.0,686.9086666666667,2,0
2010-12-23 00:00:00,735.9,52.0,669.1037851239669,3,0
2010-12-23 01:00:00,696.8,52.0,655.7019449035811,3,0
2010-12-23 02:00:00,704.1,52.0,705.3417465564739,3,0
2010-12-23 03:00:00,702.5,52.0,770.893658402204,3,0
2010-12-23 04:00:00,670.9,53.0,775.0877741046836,3,0
2010-12-23 05:00:00,706.5,53.0,745.3773719008267,3,0
2010-12-23 06:00:00,775.2,54.0,813.8134820936637,3,0
2010-12-23 07:00:00,1109.7,55.0,1118.0700000000004,3,0
2010-12-23 08:00:00,1141.3999999999999,57.0,1148.2459889807167,3,0
2010-12-23 09:00:00,1154.0,59.0,1191.8543691460052,3,0
2010-12-23 10:00:00,1219.5,61.0,1265.291399449036,3,0
2010-12-23 11:00:00,1209.6000000000001,62.0,1296.180920110193,3,0
2010-12-23 12:00:00,1203.7,58.0,1324.5321707988985,3,0
2010-12-23 13:00:00,1210.5,58.0,1336.7924793388431,3,0
2010-12-23 14:00:00,1223.9,59.0,1345.4780220385678,3,0
2010-12-23 15:00:00,1288.5,58.0,1338.5930523415977,3,0
2010-12-23 16:00:00,1374.4,57.0,1351.4175261707992,3,0
2010-12-23 17:00:00,1374.4,56.0,1351.2681157024795,3,0
2010-12-23 18:00:00,1390.0,56.0,1380.7428374655647,3,0
2010-12-23 19:00:00,1396.2,56.0,1368.0283581267217,3,0
2010-12-23 20:00:00,1320.4,54.0,1298.8349586776858,3,0
2010-12-23 21:00:00,1275.6,52.0,1193.773090909091,3,0
2010-12-23 22:00:00,1227.8999999999999,52.0,827.7962809917356,3,0
2010-12-23 23:00:00,758.1,52.0,705.4286666666669,3,0
2010-12-24 00:00:00,704.6999999999999,51.0,689.5117851239672,4,1
2010-12-24 01:00:00,695.4000000000001,49.0,679.4419449035811,4,1
2010-12-24 02:00:00,707.3,49.0,730.3617465564744,4,1
2010-12-24 03:00:00,712.4,48.0,795.6136584022038,4,1
2010-12-24 04:00:00,706.1999999999999,48.0,797.3837741046834,4,1
2010-12-24 05:00:00,777.4,47.0,766.0373719008263,4,1
2010-12-24 06:00:00,1110.5,47.0,815.6854820936637,4,1
2010-12-24 07:00:00,1099.9,51.0,1098.4660000000001,4,1
2010-12-24 08:00:00,1113.3,55.0,1106.4059889807168,4,1
2010-12-24 09:00:00,1139.8,59.0,1132.2583691460056,4,1
2010-12-24 10:00:00,1193.1999999999998,61.0,1187.7993994490355,4,1
2010-12-24 11:00:00,1241.1,62.0,1217.8729201101928,4,1
2010-12-24 12:00:00,1289.6000000000001,61.0,1249.732170798898,4,1
2010-12-24 13:00:00,1286.3999999999999,62.0,1265.4324793388428,4,1
2010-12-24 14:00:00,1294.7,61.0,1273.8180220385675,4,1
2010-12-24 15:00:00,1309.3000000000002,61.0,1266.361052341598,4,1
2010-12-24 16:00:00,1378.6000000000001,58.0,1278.329526170799,4,1
2010-12-24 17:00:00,1338.6999999999998,56.0,1273.360115702479,4,1
2010-12-24 18:00:00,925.9000000000001,54.0,1277.4468374655646,4,1
2010-12-24 19:00:00,846.3,52.0,1228.7563581267214,4,1
2010-12-24 20:00:00,790.1999999999999,52.0,1137.1829586776857,4,1
2010-12-24 21:00:00,776.2,52.0,1009.0450909090904,4,1
2010-12-24 22:00:00,763.5,53.0,617.7242809917352,4,1
2010-12-24 23:00:00,743.0999999999999,51.0,468.52066666666633,4,1
2010-12-25 00:00:00,760.6999999999999,50.0,421.83578512396707,5,0
2010-12-25 01:00:00,750.2,50.0,378.7139449035811,5,0
2010-12-25 02:00:00,698.4,49.0,396.8057465564735,5,0
2010-12-25 03:00:00,701.3,48.0,429.80165840220394,5,0
2010-12-25 04:00:00,694.7,49.0,404.7277741046832,5,0
2010-12-25 05:00:00,692.2,47.0,348.56537190082634,5,0
2010-12-25 06:00:00,546.7,48.0,391.64548209366365,5,0
2010-12-25 07:00:00,535.8,51.0,687.6940000000002,5,0
2010-12-25 08:00:00,544.0,52.0,714.7659889807162,5,0
2010-12-25 09:00:00,534.8000000000001,54.0,759.2503691460054,5,0
2010-12-25 10:00:00,545.4,57.0,832.9873994490358,5,0
2010-12-25 11:00:00,543.9000000000001,59.0,881.2969201101927,5,0
2010-12-25 12:00:00,551.9,59.0,913.7481707988977,5,0
2010-12-25 13:00:00,546.0,57.0,927.9764793388429,5,0
2010-12-25 14:00:00,549.9000000000001,58.0,939.6500220385678,5,0
2010-12-25 15:00:00,573.7,57.0,938.1010523415978,5,0
2010-12-25 16:00:00,728.3000000000001,57.0,956.225526170799,5,0
2010-12-25 17:00:00,722.5,56.0,961.6961157024793,5,0
2010-12-25 18:00:00,726.0,56.0,991.8108374655644,5,0
2010-12-25 19:00:00,713.9000000000001,52.0,988.1003581267212,5,0
2010-12-25 20:00:00,718.6,52.0,940.910958677686,5,0
2010-12-25 21:00:00,711.8,52.0,857.8930909090908,5,0
2010-12-25 22:00:00,719.0,52.0,513.7122809917355,5,0
2010-12-25 23:00:00,734.6,52.0,413.63266666666664,5,0
2010-12-26 00:00:00,760.5,53.0,418.28778512396684,6,0
2010-12-26 01:00:00,769.4000000000001,52.0,429.9979449035812,6,0
2010-12-26 02:00:00,835.4,51.0,502.28574655647395,6,0
2010-12-26 03:00:00,840.0999999999999,50.0,590.9056584022042,6,0
2010-12-26 04:00:00,837.5,50.0,619.5077741046832,6,0
2010-12-26 05:00:00,941.7,50.0,613.2493719008268,6,0
2010-12-26 06:00:00,1112.2,48.0,704.4734820936638,6,0
2010-12-26 07:00:00,1096.5,51.0,1031.4979999999996,6,0
2010-12-26 08:00:00,1089.5,55.0,1086.0339889807162,6,0
2010-12-26 09:00:00,1093.5,58.0,1152.6303691460057,6,0
2010-12-26 10:00:00,1118.9,60.0,1229.8033994490359,6,0
2010-12-26 11:00:00,1124.2,63.0,1278.512920110193,6,0
2010-12-26 12:00:00,1138.2,63.0,1309.0361707988984,6,0
2010-12-26 13:00:00,1179.1,62.0,1320.0364793388428,6,0
2010-12-26 14:00:00,1164.4,61.0,1325.8460220385668,6,0
2010-12-26 15:00:00,1219.5,59.0,1312.8010523415978,6,0
2010-12-26 16:00:00,1334.6000000000001,57.0,1318.9255261707988,6,0
2010-12-26 17:00:00,1319.8000000000002,56.0,1309.668115702479,6,0
2010-12-26 18:00:00,1313.4,57.0,1316.6788374655648,6,0
2010-12-26 19:00:00,1288.4,54.0,1290.564358126722,6,0
2010-12-26 20:00:00,1272.8000000000002,54.0,1221.4709586776862,6,0
2010-12-26 21:00:00,1193.0,55.0,1116.5770909090909,6,0
2010-12-26 22:00:00,740.5,55.0,750.6962809917354,6,0
2010-12-26 23:00:00,700.1,55.0,628.0966666666668,6,0
2010-12-27 00:00:00,703.8,51.0,610.9597851239671,0,0
2010-12-27 01:00:00,688.5,49.0,598.7779449035809,0,0
2010-12-27 02:00:00,708.0,50.0,647.501746556474,0,0
2010-12-27 03:00:00,689.7,50.0,711.7416584022039,0,0
2010-12-27 04:00:00,676.3,51.0,713.4277741046831,0,0
2010-12-27 05:00:00,716.3,46.0,682.1253719008265,0,0
2010-12-27 06:00:00,784.0999999999999,45.0,749.6134820936641,0,0
2010-12-27 07:00:00,1101.9,48.0,1052.982,0,0
2010-12-27 08:00:00,1102.6,55.0,1082.2299889807164,0,0
2010-12-27 09:00:00,1092.1,59.0,1125.9143691460056,0,0
2010-12-27 10:00:00,1135.1,62.0,1183.5953994490358,0,0
2010-12-27 11:00:00,1134.6999999999998,61.0,1230.5689201101932,0,0
2010-12-27 12:00:00,1173.7,62.0,1262.0601707988978,0,0
2010-12-27 13:00:00,1168.1,61.0,1274.6404793388426,0,0
2010-12-27 14:00:00,1208.4,62.0,1283.3980220385674,0,0
2010-12-27 15:00:00,1224.5,62.0,1275.785052341598,0,0
2010-12-27 16:00:00,1307.5,59.0,1288.3455261707988,0,0
2010-12-27 17:00:00,1300.0,56.0,1285.152115702479,0,0
2010-12-27 18:00:00,1317.3000000000002,56.0,1299.4908374655647,0,0
2010-12-27 19:00:00,1284.4,54.0,1285.1403581267216,0,0
2010-12-27 20:00:00,1215.1,55.0,1215.366958677686,0,0
2010-12-27 21:00:00,1174.3999999999999,55.0,1110.0210909090908,0,0
2010-12-27 22:00:00,734.4000000000001,55.0,743.5962809917356,0,0
2010-12-27 23:00:00,678.1999999999999,53.0,620.6726666666668,0,0
2010-12-28 00:00:00,693.5,53.0,602.8997851239669,1,0
2010-12-28 01:00:00,671.3,50.0,588.9419449035813,1,0
2010-12-28 02:00:00,700.8,48.0,636.7857465564737,1,0
2010-12-28 03:00:00,698.1,47.0,698.1776584022039,1,0
2010-12-28 04:00:00,686.8000000000001,47.0,698.5037741046831,1,0
2010-12-28 05:00:00,706.7,47.0,666.1573719008264,1,0
2010-12-28 06:00:00,741.9,46.0,730.469482093664,1,0
2010-12-28 07:00:00,1067.9,49.0,1030.306,1,0
2010-12-28 08:00:00,1091.0,57.0,1058.6139889807164,1,0
2010-12-28 09:00:00,1093.9,60.0,1104.0223691460055,1,0
2010-12-28 10:00:00,1120.1000000000001,64.0,1162.3313994490359,1,0
2010-12-28 11:00:00,1142.8000000000002,65.0,1210.392920110193,1,0
2010-12-28 12:00:00,1168.3,65.0,1243.4961707988982,1,0
2010-12-28 13:00:00,1159.1999999999998,61.0,1257.5044793388429,1,0
2010-12-28 14:00:00,1175.4,60.0,1267.5940220385673,1,0
2010-12-28 15:00:00,1197.3,59.0,1260.2410523415977,1,0
2010-12-28 16:00:00,1278.5,57.0,1272.1775261707992,1,0
2010-12-28 17:00:00,1246.8,56.0,1268.2961157024793,1,0
2010-12-28 18:00:00,1218.1,56.0,1284.4868374655648,1,0
2010-12-28 19:00:00,1200.0,54.0,1272.3843581267215,1,0
2010-12-28 20:00:00,1187.6,54.0,1203.3069586776862,1,0
2010-12-28 21:00:00,1159.8,54.0,1097.725090909091,1,0
2010-12-28 22:00:00,731.5,55.0,730.9402809917357,1,0
2010-12-28 23:00:00,699.3,56.0,607.6486666666668,1,0
2010-12-29 00:00:00,711.9,54.0,588.0717851239668,2,0
2010-12-29 01:00:00,696.7,55.0,573.1379449035812,2,0
2010-12-29 02:00:00,716.9000000000001,55.0,619.3737465564739,2,0
2010-12-29 03:00:00,697.4,54.0,681.3736584022038,2,0
2010-12-29 04:00:00,679.6,52.0,683.3477741046831,2,0
2010-12-29 05:00:00,700.0,52.0,653.2413719008266,2,0
2010-12-29 06:00:00,778.6000000000001,51.0,721.6574820936638,2,0
2010-12-29 07:00:00,1081.9,51.0,1027.614,2,0
2010-12-29 08:00:00,1074.4,51.0,1060.6139889807162,2,0
2010-12-29 09:00:00,1076.4,51.0,1106.9743691460058,2,0
2010-12-29 10:00:00,1112.9,52.0,1165.5393994490357,2,0
2010-12-29 11:00:00,1118.6,54.0,1212.328920110193,2,0
2010-12-29 12:00:00,1131.3000000000002,54.0,1242.6961707988983,2,0
2010-12-29 13:00:00,1129.4,54.0,1257.0324793388431,2,0
2010-12-29 14:00:00,1126.3000000000002,57.0,1283.6740220385673,2,0
2010-12-29 15:00:00,1179.5,57.0,1296.6010523415978,2,0
2010-12-29 16:00:00,1292.5,56.0,1331.533526170799,2,0
2010-12-29 17:00:00,1273.8,55.0,1350.6401157024793,2,0
2010-12-29 18:00:00,1267.5,53.0,1386.9068374655649,2,0
2010-12-29 19:00:00,1253.8000000000002,52.0,1381.7603581267217,2,0
2010-12-29 20:00:00,1220.5,52.0,1316.326958677686,2,0
2010-12-29 21:00:00,1156.1,51.0,1213.4050909090906,2,0
2010-12-29 22:00:00,723.3,50.0,847.9802809917358,2,0
2010-12-29 23:00:00,664.5999999999999,49.0,725.4846666666665,2,0
